categoria,atributo,valor,atributo_complementario,complemento
Computadores,procesador_principal,AMD 3015Ce,nucleos_procesador,2
Computadores,procesador_principal,AMD 3015Ce,hilos_procesador,4
Computadores,procesador_principal,AMD 3015e,nucleos_procesador,2
Computadores,procesador_principal,AMD 3015e,hilos_procesador,4
Computadores,procesador_principal,AMD 3020e,nucleos_procesador,2
Computadores,procesador_principal,AMD 3020e,hilos_procesador,2
Computadores,procesador_principal,AMD 4700S,nucleos_procesador,8
Computadores,procesador_principal,AMD 4700S,hilos_procesador,16
Computadores,procesador_principal,AMD A10 Micro-6700T APU,nucleos_procesador,4
Computadores,procesador_principal,AMD A10 Micro-6700T APU,hilos_procesador,4
Computadores,procesador_principal,AMD A4 Micro-6400T APU,nucleos_procesador,4
Computadores,procesador_principal,AMD A4 Micro-6400T APU,hilos_procesador,4
Computadores,procesador_principal,AMD A4-1200 APU,nucleos_procesador,2
Computadores,procesador_principal,AMD A4-1200 APU,hilos_procesador,2
Computadores,procesador_principal,AMD A4-1250 APU,nucleos_procesador,2
Computadores,procesador_principal,AMD A4-1250 APU,hilos_procesador,2
Computadores,procesador_principal,AMD A4-3300 APU,nucleos_procesador,2
Computadores,procesador_principal,AMD A4-3300 APU,hilos_procesador,2
Computadores,procesador_principal,AMD A4-3300M APU,nucleos_procesador,2
Computadores,procesador_principal,AMD A4-3300M APU,hilos_procesador,2
Computadores,procesador_principal,AMD A4-3305M APU,nucleos_procesador,2
Computadores,procesador_principal,AMD A4-3305M APU,hilos_procesador,2
Computadores,procesador_principal,AMD A4-3310MX APU,nucleos_procesador,2
Computadores,procesador_principal,AMD A4-3310MX APU,hilos_procesador,2
Computadores,procesador_principal,AMD A4-3320M APU,nucleos_procesador,2
Computadores,procesador_principal,AMD A4-3320M APU,hilos_procesador,2
Computadores,procesador_principal,AMD A4-3330MX APU,nucleos_procesador,2
Computadores,procesador_principal,AMD A4-3330MX APU,hilos_procesador,2
Computadores,procesador_principal,AMD A4-3400 APU,nucleos_procesador,2
Computadores,procesador_principal,AMD A4-3400 APU,hilos_procesador,2
Computadores,procesador_principal,AMD A4-3420 APU,nucleos_procesador,2
Computadores,procesador_principal,AMD A4-3420 APU,hilos_procesador,2
Computadores,procesador_principal,AMD A4-5000 APU,nucleos_procesador,4
Computadores,procesador_principal,AMD A4-5000 APU,hilos_procesador,4
Computadores,procesador_principal,AMD A4-5050 APU,nucleos_procesador,4
Computadores,procesador_principal,AMD A4-5050 APU,hilos_procesador,4
Computadores,procesador_principal,AMD A4-5100 APU,nucleos_procesador,4
Computadores,procesador_principal,AMD A4-5100 APU,hilos_procesador,4
Computadores,procesador_principal,AMD A4-6210 APU,nucleos_procesador,4
Computadores,procesador_principal,AMD A4-6210 APU,hilos_procesador,4
Computadores,procesador_principal,AMD A4-6250J APU,nucleos_procesador,4
Computadores,procesador_principal,AMD A4-6250J APU,hilos_procesador,4
Computadores,procesador_principal,AMD A4-7210 APU,nucleos_procesador,4
Computadores,procesador_principal,AMD A4-7210 APU,hilos_procesador,4
Computadores,procesador_principal,AMD A6 Micro-6500T APU,nucleos_procesador,4
Computadores,procesador_principal,AMD A6 Micro-6500T APU,hilos_procesador,4
Computadores,procesador_principal,AMD A6-1450 APU,nucleos_procesador,4
Computadores,procesador_principal,AMD A6-1450 APU,hilos_procesador,4
Computadores,procesador_principal,AMD A6-3400M APU,nucleos_procesador,4
Computadores,procesador_principal,AMD A6-3400M APU,hilos_procesador,4
Computadores,procesador_principal,AMD A6-3410MX APU,nucleos_procesador,4
Computadores,procesador_principal,AMD A6-3410MX APU,hilos_procesador,4
Computadores,procesador_principal,AMD A6-3420M APU,nucleos_procesador,4
Computadores,procesador_principal,AMD A6-3420M APU,hilos_procesador,4
Computadores,procesador_principal,AMD A6-3430MX APU,nucleos_procesador,4
Computadores,procesador_principal,AMD A6-3430MX APU,hilos_procesador,4
Computadores,procesador_principal,AMD A6-3500 APU,nucleos_procesador,3
Computadores,procesador_principal,AMD A6-3500 APU,hilos_procesador,3
Computadores,procesador_principal,AMD A6-3600 APU,nucleos_procesador,4
Computadores,procesador_principal,AMD A6-3600 APU,hilos_procesador,4
Computadores,procesador_principal,AMD A6-3620 APU,nucleos_procesador,4
Computadores,procesador_principal,AMD A6-3620 APU,hilos_procesador,4
Computadores,procesador_principal,AMD A6-3650 APU,nucleos_procesador,4
Computadores,procesador_principal,AMD A6-3650 APU,hilos_procesador,4
Computadores,procesador_principal,AMD A6-3670 APU,nucleos_procesador,4
Computadores,procesador_principal,AMD A6-3670 APU,hilos_procesador,4
Computadores,procesador_principal,AMD A6-5200 APU,nucleos_procesador,4
Computadores,procesador_principal,AMD A6-5200 APU,hilos_procesador,4
Computadores,procesador_principal,AMD A6-6310 APU,nucleos_procesador,4
Computadores,procesador_principal,AMD A6-6310 APU,hilos_procesador,4
Computadores,procesador_principal,AMD A6-7310 APU,nucleos_procesador,4
Computadores,procesador_principal,AMD A6-7310 APU,hilos_procesador,4
Computadores,procesador_principal,AMD A8-3500M APU,nucleos_procesador,4
Computadores,procesador_principal,AMD A8-3500M APU,hilos_procesador,4
Computadores,procesador_principal,AMD A8-3510MX APU,nucleos_procesador,4
Computadores,procesador_principal,AMD A8-3510MX APU,hilos_procesador,4
Computadores,procesador_principal,AMD A8-3520M APU,nucleos_procesador,4
Computadores,procesador_principal,AMD A8-3520M APU,hilos_procesador,4
Computadores,procesador_principal,AMD A8-3530MX APU,nucleos_procesador,4
Computadores,procesador_principal,AMD A8-3530MX APU,hilos_procesador,4
Computadores,procesador_principal,AMD A8-3550MX APU,nucleos_procesador,4
Computadores,procesador_principal,AMD A8-3550MX APU,hilos_procesador,4
Computadores,procesador_principal,AMD A8-3800 APU,nucleos_procesador,4
Computadores,procesador_principal,AMD A8-3800 APU,hilos_procesador,4
Computadores,procesador_principal,AMD A8-3820 APU,nucleos_procesador,4
Computadores,procesador_principal,AMD A8-3820 APU,hilos_procesador,4
Computadores,procesador_principal,AMD A8-3850 APU,nucleos_procesador,4
Computadores,procesador_principal,AMD A8-3850 APU,hilos_procesador,4
Computadores,procesador_principal,AMD A8-3870K APU,nucleos_procesador,4
Computadores,procesador_principal,AMD A8-3870K APU,hilos_procesador,4
Computadores,procesador_principal,AMD A8-6410 APU,nucleos_procesador,4
Computadores,procesador_principal,AMD A8-6410 APU,hilos_procesador,4
Computadores,procesador_principal,AMD A8-7410 APU,nucleos_procesador,4
Computadores,procesador_principal,AMD A8-7410 APU,hilos_procesador,4
Computadores,procesador_principal,AMD A9-9820,nucleos_procesador,8
Computadores,procesador_principal,AMD A9-9820,hilos_procesador,8
Computadores,procesador_principal,AMD Athlon 1500+,nucleos_procesador,1
Computadores,procesador_principal,AMD Athlon 1500+,hilos_procesador,1
Computadores,procesador_principal,AMD Athlon 1640B,nucleos_procesador,1
Computadores,procesador_principal,AMD Athlon 1640B,hilos_procesador,1
Computadores,procesador_principal,AMD Athlon 200GE,nucleos_procesador,2
Computadores,procesador_principal,AMD Athlon 200GE,hilos_procesador,4
Computadores,procesador_principal,AMD Athlon 220GE,nucleos_procesador,2
Computadores,procesador_principal,AMD Athlon 220GE,hilos_procesador,4
Computadores,procesador_principal,AMD Athlon 240GE,nucleos_procesador,2
Computadores,procesador_principal,AMD Athlon 240GE,hilos_procesador,4
Computadores,procesador_principal,AMD Athlon 2650e,nucleos_procesador,1
Computadores,procesador_principal,AMD Athlon 2650e,hilos_procesador,1
Computadores,procesador_principal,AMD Athlon 2800+,nucleos_procesador,1
Computadores,procesador_principal,AMD Athlon 2800+,hilos_procesador,1
Computadores,procesador_principal,AMD Athlon 2850e,nucleos_procesador,1
Computadores,procesador_principal,AMD Athlon 2850e,hilos_procesador,1
Computadores,procesador_principal,AMD Athlon 3000G,nucleos_procesador,2
Computadores,procesador_principal,AMD Athlon 3000G,hilos_procesador,4
Computadores,procesador_principal,AMD Athlon 300GE,nucleos_procesador,2
Computadores,procesador_principal,AMD Athlon 300GE,hilos_procesador,4
Computadores,procesador_principal,AMD Athlon 300U,nucleos_procesador,2
Computadores,procesador_principal,AMD Athlon 300U,hilos_procesador,4
Computadores,procesador_principal,AMD Athlon 320GE,nucleos_procesador,2
Computadores,procesador_principal,AMD Athlon 320GE,hilos_procesador,4
Computadores,procesador_principal,AMD Athlon 5000 Dual-Core,nucleos_procesador,2
Computadores,procesador_principal,AMD Athlon 5000 Dual-Core,hilos_procesador,2
Computadores,procesador_principal,AMD Athlon 5150 APU,nucleos_procesador,4
Computadores,procesador_principal,AMD Athlon 5150 APU,hilos_procesador,4
Computadores,procesador_principal,AMD Athlon 5200 Dual-Core,nucleos_procesador,2
Computadores,procesador_principal,AMD Athlon 5200 Dual-Core,hilos_procesador,2
Computadores,procesador_principal,AMD Athlon 5350 APU,nucleos_procesador,4
Computadores,procesador_principal,AMD Athlon 5350 APU,hilos_procesador,4
Computadores,procesador_principal,AMD Athlon 5370 APU,nucleos_procesador,4
Computadores,procesador_principal,AMD Athlon 5370 APU,hilos_procesador,4
Computadores,procesador_principal,AMD Athlon 64 2000+,nucleos_procesador,1
Computadores,procesador_principal,AMD Athlon 64 2000+,hilos_procesador,1
Computadores,procesador_principal,AMD Athlon 64 2600+,nucleos_procesador,1
Computadores,procesador_principal,AMD Athlon 64 2600+,hilos_procesador,1
Computadores,procesador_principal,AMD Athlon 64 2800+,nucleos_procesador,1
Computadores,procesador_principal,AMD Athlon 64 2800+,hilos_procesador,1
Computadores,procesador_principal,AMD Athlon 64 3000+,nucleos_procesador,1
Computadores,procesador_principal,AMD Athlon 64 3000+,hilos_procesador,1
Computadores,procesador_principal,AMD Athlon 64 3100+,nucleos_procesador,1
Computadores,procesador_principal,AMD Athlon 64 3100+,hilos_procesador,1
Computadores,procesador_principal,AMD Athlon 64 3200+,nucleos_procesador,1
Computadores,procesador_principal,AMD Athlon 64 3200+,hilos_procesador,1
Computadores,procesador_principal,AMD Athlon 64 3300+,nucleos_procesador,1
Computadores,procesador_principal,AMD Athlon 64 3300+,hilos_procesador,1
Computadores,procesador_principal,AMD Athlon 64 3400+,nucleos_procesador,1
Computadores,procesador_principal,AMD Athlon 64 3400+,hilos_procesador,1
Computadores,procesador_principal,AMD Athlon 64 3500+,nucleos_procesador,1
Computadores,procesador_principal,AMD Athlon 64 3500+,hilos_procesador,1
Computadores,procesador_principal,AMD Athlon 64 3700+,nucleos_procesador,1
Computadores,procesador_principal,AMD Athlon 64 3700+,hilos_procesador,1
Computadores,procesador_principal,AMD Athlon 64 3800+,nucleos_procesador,1
Computadores,procesador_principal,AMD Athlon 64 3800+,hilos_procesador,1
Computadores,procesador_principal,AMD Athlon 64 4000+,nucleos_procesador,1
Computadores,procesador_principal,AMD Athlon 64 4000+,hilos_procesador,1
Computadores,procesador_principal,AMD Athlon 64 FX-55,nucleos_procesador,1
Computadores,procesador_principal,AMD Athlon 64 FX-55,hilos_procesador,1
Computadores,procesador_principal,AMD Athlon 64 FX-57,nucleos_procesador,1
Computadores,procesador_principal,AMD Athlon 64 FX-57,hilos_procesador,1
Computadores,procesador_principal,AMD Athlon 64 FX-59,nucleos_procesador,1
Computadores,procesador_principal,AMD Athlon 64 FX-59,hilos_procesador,1
Computadores,procesador_principal,AMD Athlon 64 FX-60 Dual Core,nucleos_procesador,2
Computadores,procesador_principal,AMD Athlon 64 FX-60 Dual Core,hilos_procesador,2
Computadores,procesador_principal,AMD Athlon 64 FX-62 Dual Core,nucleos_procesador,2
Computadores,procesador_principal,AMD Athlon 64 FX-62 Dual Core,hilos_procesador,2
Computadores,procesador_principal,AMD Athlon 64 FX-74,nucleos_procesador,2
Computadores,procesador_principal,AMD Athlon 64 FX-74,hilos_procesador,2
Computadores,procesador_principal,AMD Athlon 64 X2 Dual Core 3400+,nucleos_procesador,2
Computadores,procesador_principal,AMD Athlon 64 X2 Dual Core 3400+,hilos_procesador,2
Computadores,procesador_principal,AMD Athlon 64 X2 Dual Core 3600+,nucleos_procesador,2
Computadores,procesador_principal,AMD Athlon 64 X2 Dual Core 3600+,hilos_procesador,2
Computadores,procesador_principal,AMD Athlon 64 X2 Dual Core 3800+,nucleos_procesador,2
Computadores,procesador_principal,AMD Athlon 64 X2 Dual Core 3800+,hilos_procesador,2
Computadores,procesador_principal,AMD Athlon 64 X2 Dual Core 4000+,nucleos_procesador,2
Computadores,procesador_principal,AMD Athlon 64 X2 Dual Core 4000+,hilos_procesador,2
Computadores,procesador_principal,AMD Athlon 64 X2 Dual Core 4200+,nucleos_procesador,2
Computadores,procesador_principal,AMD Athlon 64 X2 Dual Core 4200+,hilos_procesador,2
Computadores,procesador_principal,AMD Athlon 64 X2 Dual Core 4400+,nucleos_procesador,2
Computadores,procesador_principal,AMD Athlon 64 X2 Dual Core 4400+,hilos_procesador,2
Computadores,procesador_principal,AMD Athlon 64 X2 Dual Core 4600+,nucleos_procesador,2
Computadores,procesador_principal,AMD Athlon 64 X2 Dual Core 4600+,hilos_procesador,2
Computadores,procesador_principal,AMD Athlon 64 X2 Dual Core 4800+,nucleos_procesador,2
Computadores,procesador_principal,AMD Athlon 64 X2 Dual Core 4800+,hilos_procesador,2
Computadores,procesador_principal,AMD Athlon 64 X2 Dual Core 5000+,nucleos_procesador,2
Computadores,procesador_principal,AMD Athlon 64 X2 Dual Core 5000+,hilos_procesador,2
Computadores,procesador_principal,AMD Athlon 64 X2 Dual Core 5200+,nucleos_procesador,2
Computadores,procesador_principal,AMD Athlon 64 X2 Dual Core 5200+,hilos_procesador,2
Computadores,procesador_principal,AMD Athlon 64 X2 Dual Core 5400+,nucleos_procesador,2
Computadores,procesador_principal,AMD Athlon 64 X2 Dual Core 5400+,hilos_procesador,2
Computadores,procesador_principal,AMD Athlon 64 X2 Dual Core 5600+,nucleos_procesador,2
Computadores,procesador_principal,AMD Athlon 64 X2 Dual Core 5600+,hilos_procesador,2
Computadores,procesador_principal,AMD Athlon 64 X2 Dual Core 5800+,nucleos_procesador,2
Computadores,procesador_principal,AMD Athlon 64 X2 Dual Core 5800+,hilos_procesador,2
Computadores,procesador_principal,AMD Athlon 64 X2 Dual Core 6000+,nucleos_procesador,2
Computadores,procesador_principal,AMD Athlon 64 X2 Dual Core 6000+,hilos_procesador,2
Computadores,procesador_principal,AMD Athlon 64 X2 Dual Core 6400+,nucleos_procesador,2
Computadores,procesador_principal,AMD Athlon 64 X2 Dual Core 6400+,hilos_procesador,2
Computadores,procesador_principal,AMD Athlon 64 X2 Dual Core BE-2300,nucleos_procesador,2
Computadores,procesador_principal,AMD Athlon 64 X2 Dual Core BE-2300,hilos_procesador,2
Computadores,procesador_principal,AMD Athlon 64 X2 Dual Core BE-2350,nucleos_procesador,2
Computadores,procesador_principal,AMD Athlon 64 X2 Dual Core BE-2350,hilos_procesador,2
Computadores,procesador_principal,AMD Athlon 64 X2 Dual-Core TK-42,nucleos_procesador,2
Computadores,procesador_principal,AMD Athlon 64 X2 Dual-Core TK-42,hilos_procesador,2
Computadores,procesador_principal,AMD Athlon 64 X2 Dual-Core TK-53,nucleos_procesador,2
Computadores,procesador_principal,AMD Athlon 64 X2 Dual-Core TK-53,hilos_procesador,2
Computadores,procesador_principal,AMD Athlon 64 X2 Dual-Core TK-55,nucleos_procesador,2
Computadores,procesador_principal,AMD Athlon 64 X2 Dual-Core TK-55,hilos_procesador,2
Computadores,procesador_principal,AMD Athlon 64 X2 Dual-Core TK-57,nucleos_procesador,2
Computadores,procesador_principal,AMD Athlon 64 X2 Dual-Core TK-57,hilos_procesador,2
Computadores,procesador_principal,AMD Athlon 64 X2 QL-60,nucleos_procesador,2
Computadores,procesador_principal,AMD Athlon 64 X2 QL-60,hilos_procesador,2
Computadores,procesador_principal,AMD Athlon 64 X2 QL-62,nucleos_procesador,2
Computadores,procesador_principal,AMD Athlon 64 X2 QL-62,hilos_procesador,2
Computadores,procesador_principal,AMD Athlon 64 X2 QL-64,nucleos_procesador,2
Computadores,procesador_principal,AMD Athlon 64 X2 QL-64,hilos_procesador,2
Computadores,procesador_principal,AMD Athlon 64 X2 QL-65,nucleos_procesador,2
Computadores,procesador_principal,AMD Athlon 64 X2 QL-65,hilos_procesador,2
Computadores,procesador_principal,AMD Athlon 64 X2 QL-66,nucleos_procesador,2
Computadores,procesador_principal,AMD Athlon 64 X2 QL-66,hilos_procesador,2
Computadores,procesador_principal,AMD Athlon 64 X2 QL-67,nucleos_procesador,2
Computadores,procesador_principal,AMD Athlon 64 X2 QL-67,hilos_procesador,2
Computadores,procesador_principal,AMD Athlon 7450 Dual-Core,nucleos_procesador,2
Computadores,procesador_principal,AMD Athlon 7450 Dual-Core,hilos_procesador,2
Computadores,procesador_principal,AMD Athlon 7550 Dual-Core,nucleos_procesador,2
Computadores,procesador_principal,AMD Athlon 7550 Dual-Core,hilos_procesador,2
Computadores,procesador_principal,AMD Athlon 7750 Dual-Core,nucleos_procesador,2
Computadores,procesador_principal,AMD Athlon 7750 Dual-Core,hilos_procesador,2
Computadores,procesador_principal,AMD Athlon 7850 Dual-Core,nucleos_procesador,2
Computadores,procesador_principal,AMD Athlon 7850 Dual-Core,hilos_procesador,2
Computadores,procesador_principal,AMD Athlon Dual Core 4050e,nucleos_procesador,2
Computadores,procesador_principal,AMD Athlon Dual Core 4050e,hilos_procesador,2
Computadores,procesador_principal,AMD Athlon Dual Core 4450B,nucleos_procesador,2
Computadores,procesador_principal,AMD Athlon Dual Core 4450B,hilos_procesador,2
Computadores,procesador_principal,AMD Athlon Dual Core 4450e,nucleos_procesador,2
Computadores,procesador_principal,AMD Athlon Dual Core 4450e,hilos_procesador,2
Computadores,procesador_principal,AMD Athlon Dual Core 4850B,nucleos_procesador,2
Computadores,procesador_principal,AMD Athlon Dual Core 4850B,hilos_procesador,2
Computadores,procesador_principal,AMD Athlon Dual Core 4850e,nucleos_procesador,2
Computadores,procesador_principal,AMD Athlon Dual Core 4850e,hilos_procesador,2
Computadores,procesador_principal,AMD Athlon Dual Core 5000B,nucleos_procesador,2
Computadores,procesador_principal,AMD Athlon Dual Core 5000B,hilos_procesador,2
Computadores,procesador_principal,AMD Athlon Dual Core 5050e,nucleos_procesador,2
Computadores,procesador_principal,AMD Athlon Dual Core 5050e,hilos_procesador,2
Computadores,procesador_principal,AMD Athlon Dual Core 5200B,nucleos_procesador,2
Computadores,procesador_principal,AMD Athlon Dual Core 5200B,hilos_procesador,2
Computadores,procesador_principal,AMD Athlon Dual Core 5400B,nucleos_procesador,2
Computadores,procesador_principal,AMD Athlon Dual Core 5400B,hilos_procesador,2
Computadores,procesador_principal,AMD Athlon Dual Core 5600B,nucleos_procesador,2
Computadores,procesador_principal,AMD Athlon Dual Core 5600B,hilos_procesador,2
Computadores,procesador_principal,AMD Athlon Gold 3150C,nucleos_procesador,2
Computadores,procesador_principal,AMD Athlon Gold 3150C,hilos_procesador,4
Computadores,procesador_principal,AMD Athlon Gold 3150G,nucleos_procesador,4
Computadores,procesador_principal,AMD Athlon Gold 3150G,hilos_procesador,4
Computadores,procesador_principal,AMD Athlon Gold 3150U,nucleos_procesador,2
Computadores,procesador_principal,AMD Athlon Gold 3150U,hilos_procesador,4
Computadores,procesador_principal,AMD Athlon Gold 7220U,nucleos_procesador,2
Computadores,procesador_principal,AMD Athlon Gold 7220U,hilos_procesador,4
Computadores,procesador_principal,AMD Athlon II 160u,nucleos_procesador,1
Computadores,procesador_principal,AMD Athlon II 160u,hilos_procesador,1
Computadores,procesador_principal,AMD Athlon II 170u,nucleos_procesador,1
Computadores,procesador_principal,AMD Athlon II 170u,hilos_procesador,1
Computadores,procesador_principal,AMD Athlon II Dual-Core M300,nucleos_procesador,2
Computadores,procesador_principal,AMD Athlon II Dual-Core M300,hilos_procesador,2
Computadores,procesador_principal,AMD Athlon II Dual-Core M320,nucleos_procesador,2
Computadores,procesador_principal,AMD Athlon II Dual-Core M320,hilos_procesador,2
Computadores,procesador_principal,AMD Athlon II Dual-Core M340,nucleos_procesador,2
Computadores,procesador_principal,AMD Athlon II Dual-Core M340,hilos_procesador,2
Computadores,procesador_principal,AMD Athlon II N330 Dual-Core,nucleos_procesador,2
Computadores,procesador_principal,AMD Athlon II N330 Dual-Core,hilos_procesador,2
Computadores,procesador_principal,AMD Athlon II N350 Dual-Core,nucleos_procesador,2
Computadores,procesador_principal,AMD Athlon II N350 Dual-Core,hilos_procesador,2
Computadores,procesador_principal,AMD Athlon II N370 Dual-Core,nucleos_procesador,2
Computadores,procesador_principal,AMD Athlon II N370 Dual-Core,hilos_procesador,2
Computadores,procesador_principal,AMD Athlon II Neo K125,nucleos_procesador,1
Computadores,procesador_principal,AMD Athlon II Neo K125,hilos_procesador,1
Computadores,procesador_principal,AMD Athlon II Neo K145,nucleos_procesador,1
Computadores,procesador_principal,AMD Athlon II Neo K145,hilos_procesador,1
Computadores,procesador_principal,AMD Athlon II Neo K325 Dual-Core,nucleos_procesador,2
Computadores,procesador_principal,AMD Athlon II Neo K325 Dual-Core,hilos_procesador,2
Computadores,procesador_principal,AMD Athlon II Neo K345 Dual-Core,nucleos_procesador,2
Computadores,procesador_principal,AMD Athlon II Neo K345 Dual-Core,hilos_procesador,2
Computadores,procesador_principal,AMD Athlon II Neo N36L Dual-Core,nucleos_procesador,2
Computadores,procesador_principal,AMD Athlon II Neo N36L Dual-Core,hilos_procesador,2
Computadores,procesador_principal,AMD Athlon II P320 Dual-Core,nucleos_procesador,2
Computadores,procesador_principal,AMD Athlon II P320 Dual-Core,hilos_procesador,2
Computadores,procesador_principal,AMD Athlon II P340 Dual-Core,nucleos_procesador,2
Computadores,procesador_principal,AMD Athlon II P340 Dual-Core,hilos_procesador,2
Computadores,procesador_principal,AMD Athlon II P360 Dual-Core,nucleos_procesador,2
Computadores,procesador_principal,AMD Athlon II P360 Dual-Core,hilos_procesador,2
Computadores,procesador_principal,AMD Athlon II X2 210e,nucleos_procesador,2
Computadores,procesador_principal,AMD Athlon II X2 210e,hilos_procesador,2
Computadores,procesador_principal,AMD Athlon II X2 215,nucleos_procesador,2
Computadores,procesador_principal,AMD Athlon II X2 215,hilos_procesador,2
Computadores,procesador_principal,AMD Athlon II X2 220,nucleos_procesador,2
Computadores,procesador_principal,AMD Athlon II X2 220,hilos_procesador,2
Computadores,procesador_principal,AMD Athlon II X2 235e,nucleos_procesador,2
Computadores,procesador_principal,AMD Athlon II X2 235e,hilos_procesador,2
Computadores,procesador_principal,AMD Athlon II X2 240,nucleos_procesador,2
Computadores,procesador_principal,AMD Athlon II X2 240,hilos_procesador,2
Computadores,procesador_principal,AMD Athlon II X2 240e,nucleos_procesador,2
Computadores,procesador_principal,AMD Athlon II X2 240e,hilos_procesador,2
Computadores,procesador_principal,AMD Athlon II X2 245,nucleos_procesador,2
Computadores,procesador_principal,AMD Athlon II X2 245,hilos_procesador,2
Computadores,procesador_principal,AMD Athlon II X2 245e,nucleos_procesador,2
Computadores,procesador_principal,AMD Athlon II X2 245e,hilos_procesador,2
Computadores,procesador_principal,AMD Athlon II X2 250,nucleos_procesador,2
Computadores,procesador_principal,AMD Athlon II X2 250,hilos_procesador,2
Computadores,procesador_principal,AMD Athlon II X2 250e,nucleos_procesador,2
Computadores,procesador_principal,AMD Athlon II X2 250e,hilos_procesador,2
Computadores,procesador_principal,AMD Athlon II X2 250u,nucleos_procesador,2
Computadores,procesador_principal,AMD Athlon II X2 250u,hilos_procesador,2
Computadores,procesador_principal,AMD Athlon II X2 255,nucleos_procesador,2
Computadores,procesador_principal,AMD Athlon II X2 255,hilos_procesador,2
Computadores,procesador_principal,AMD Athlon II X2 260,nucleos_procesador,2
Computadores,procesador_principal,AMD Athlon II X2 260,hilos_procesador,2
Computadores,procesador_principal,AMD Athlon II X2 260u,nucleos_procesador,2
Computadores,procesador_principal,AMD Athlon II X2 260u,hilos_procesador,2
Computadores,procesador_principal,AMD Athlon II X2 265,nucleos_procesador,2
Computadores,procesador_principal,AMD Athlon II X2 265,hilos_procesador,2
Computadores,procesador_principal,AMD Athlon II X2 270,nucleos_procesador,2
Computadores,procesador_principal,AMD Athlon II X2 270,hilos_procesador,2
Computadores,procesador_principal,AMD Athlon II X2 270u,nucleos_procesador,2
Computadores,procesador_principal,AMD Athlon II X2 270u,hilos_procesador,2
Computadores,procesador_principal,AMD Athlon II X2 280,nucleos_procesador,2
Computadores,procesador_principal,AMD Athlon II X2 280,hilos_procesador,2
Computadores,procesador_principal,AMD Athlon II X2 4300e,nucleos_procesador,2
Computadores,procesador_principal,AMD Athlon II X2 4300e,hilos_procesador,2
Computadores,procesador_principal,AMD Athlon II X2 4400e,nucleos_procesador,2
Computadores,procesador_principal,AMD Athlon II X2 4400e,hilos_procesador,2
Computadores,procesador_principal,AMD Athlon II X2 4450e,nucleos_procesador,2
Computadores,procesador_principal,AMD Athlon II X2 4450e,hilos_procesador,2
Computadores,procesador_principal,AMD Athlon II X2 B22,nucleos_procesador,2
Computadores,procesador_principal,AMD Athlon II X2 B22,hilos_procesador,2
Computadores,procesador_principal,AMD Athlon II X2 B24,nucleos_procesador,2
Computadores,procesador_principal,AMD Athlon II X2 B24,hilos_procesador,2
Computadores,procesador_principal,AMD Athlon II X2 B26,nucleos_procesador,2
Computadores,procesador_principal,AMD Athlon II X2 B26,hilos_procesador,2
Computadores,procesador_principal,AMD Athlon II X2 B28,nucleos_procesador,2
Computadores,procesador_principal,AMD Athlon II X2 B28,hilos_procesador,2
Computadores,procesador_principal,AMD Athlon II X3 400e,nucleos_procesador,3
Computadores,procesador_principal,AMD Athlon II X3 400e,hilos_procesador,3
Computadores,procesador_principal,AMD Athlon II X3 405e,nucleos_procesador,3
Computadores,procesador_principal,AMD Athlon II X3 405e,hilos_procesador,3
Computadores,procesador_principal,AMD Athlon II X3 415e,nucleos_procesador,3
Computadores,procesador_principal,AMD Athlon II X3 415e,hilos_procesador,3
Computadores,procesador_principal,AMD Athlon II X3 420e,nucleos_procesador,3
Computadores,procesador_principal,AMD Athlon II X3 420e,hilos_procesador,3
Computadores,procesador_principal,AMD Athlon II X3 425,nucleos_procesador,3
Computadores,procesador_principal,AMD Athlon II X3 425,hilos_procesador,3
Computadores,procesador_principal,AMD Athlon II X3 435,nucleos_procesador,3
Computadores,procesador_principal,AMD Athlon II X3 435,hilos_procesador,3
Computadores,procesador_principal,AMD Athlon II X3 440,nucleos_procesador,3
Computadores,procesador_principal,AMD Athlon II X3 440,hilos_procesador,3
Computadores,procesador_principal,AMD Athlon II X3 445,nucleos_procesador,3
Computadores,procesador_principal,AMD Athlon II X3 445,hilos_procesador,3
Computadores,procesador_principal,AMD Athlon II X3 450,nucleos_procesador,3
Computadores,procesador_principal,AMD Athlon II X3 450,hilos_procesador,3
Computadores,procesador_principal,AMD Athlon II X3 455,nucleos_procesador,3
Computadores,procesador_principal,AMD Athlon II X3 455,hilos_procesador,3
Computadores,procesador_principal,AMD Athlon II X3 460,nucleos_procesador,3
Computadores,procesador_principal,AMD Athlon II X3 460,hilos_procesador,3
Computadores,procesador_principal,AMD Athlon II X4 553,nucleos_procesador,4
Computadores,procesador_principal,AMD Athlon II X4 553,hilos_procesador,4
Computadores,procesador_principal,AMD Athlon II X4 555,nucleos_procesador,4
Computadores,procesador_principal,AMD Athlon II X4 555,hilos_procesador,4
Computadores,procesador_principal,AMD Athlon II X4 557,nucleos_procesador,4
Computadores,procesador_principal,AMD Athlon II X4 557,hilos_procesador,4
Computadores,procesador_principal,AMD Athlon II X4 559,nucleos_procesador,4
Computadores,procesador_principal,AMD Athlon II X4 559,hilos_procesador,4
Computadores,procesador_principal,AMD Athlon II X4 600e,nucleos_procesador,4
Computadores,procesador_principal,AMD Athlon II X4 600e,hilos_procesador,4
Computadores,procesador_principal,AMD Athlon II X4 605e,nucleos_procesador,4
Computadores,procesador_principal,AMD Athlon II X4 605e,hilos_procesador,4
Computadores,procesador_principal,AMD Athlon II X4 610e,nucleos_procesador,4
Computadores,procesador_principal,AMD Athlon II X4 610e,hilos_procesador,4
Computadores,procesador_principal,AMD Athlon II X4 615e,nucleos_procesador,4
Computadores,procesador_principal,AMD Athlon II X4 615e,hilos_procesador,4
Computadores,procesador_principal,AMD Athlon II X4 620,nucleos_procesador,4
Computadores,procesador_principal,AMD Athlon II X4 620,hilos_procesador,4
Computadores,procesador_principal,AMD Athlon II X4 630,nucleos_procesador,4
Computadores,procesador_principal,AMD Athlon II X4 630,hilos_procesador,4
Computadores,procesador_principal,AMD Athlon II X4 631 Quad-Core,nucleos_procesador,4
Computadores,procesador_principal,AMD Athlon II X4 631 Quad-Core,hilos_procesador,4
Computadores,procesador_principal,AMD Athlon II X4 635,nucleos_procesador,4
Computadores,procesador_principal,AMD Athlon II X4 635,hilos_procesador,4
Computadores,procesador_principal,AMD Athlon II X4 638 Quad-Core,nucleos_procesador,4
Computadores,procesador_principal,AMD Athlon II X4 638 Quad-Core,hilos_procesador,4
Computadores,procesador_principal,AMD Athlon II X4 640,nucleos_procesador,4
Computadores,procesador_principal,AMD Athlon II X4 640,hilos_procesador,4
Computadores,procesador_principal,AMD Athlon II X4 641 Quad-Core,nucleos_procesador,4
Computadores,procesador_principal,AMD Athlon II X4 641 Quad-Core,hilos_procesador,4
Computadores,procesador_principal,AMD Athlon II X4 645,nucleos_procesador,4
Computadores,procesador_principal,AMD Athlon II X4 645,hilos_procesador,4
Computadores,procesador_principal,AMD Athlon II X4 650,nucleos_procesador,4
Computadores,procesador_principal,AMD Athlon II X4 650,hilos_procesador,4
Computadores,procesador_principal,AMD Athlon II X4 651 Quad-Core,nucleos_procesador,4
Computadores,procesador_principal,AMD Athlon II X4 651 Quad-Core,hilos_procesador,4
Computadores,procesador_principal,AMD Athlon II X4 655,nucleos_procesador,4
Computadores,procesador_principal,AMD Athlon II X4 655,hilos_procesador,4
Computadores,procesador_principal,AMD Athlon L110,nucleos_procesador,1
Computadores,procesador_principal,AMD Athlon L110,hilos_procesador,1
Computadores,procesador_principal,AMD Athlon LE-1600,nucleos_procesador,1
Computadores,procesador_principal,AMD Athlon LE-1600,hilos_procesador,1
Computadores,procesador_principal,AMD Athlon LE-1620,nucleos_procesador,1
Computadores,procesador_principal,AMD Athlon LE-1620,hilos_procesador,1
Computadores,procesador_principal,AMD Athlon LE-1640,nucleos_procesador,1
Computadores,procesador_principal,AMD Athlon LE-1640,hilos_procesador,1
Computadores,procesador_principal,AMD Athlon LE-1660,nucleos_procesador,1
Computadores,procesador_principal,AMD Athlon LE-1660,hilos_procesador,1
Computadores,procesador_principal,AMD Athlon Neo MV-40,nucleos_procesador,1
Computadores,procesador_principal,AMD Athlon Neo MV-40,hilos_procesador,1
Computadores,procesador_principal,AMD Athlon Neo X2 Dual Core 6850e,nucleos_procesador,2
Computadores,procesador_principal,AMD Athlon Neo X2 Dual Core 6850e,hilos_procesador,2
Computadores,procesador_principal,AMD Athlon Neo X2 Dual Core L325,nucleos_procesador,2
Computadores,procesador_principal,AMD Athlon Neo X2 Dual Core L325,hilos_procesador,2
Computadores,procesador_principal,AMD Athlon Neo X2 Dual Core L335,nucleos_procesador,2
Computadores,procesador_principal,AMD Athlon Neo X2 Dual Core L335,hilos_procesador,2
Computadores,procesador_principal,AMD Athlon Silver 3050e,nucleos_procesador,2
Computadores,procesador_principal,AMD Athlon Silver 3050e,hilos_procesador,4
Computadores,procesador_principal,AMD Athlon Silver 3050GE,nucleos_procesador,2
Computadores,procesador_principal,AMD Athlon Silver 3050GE,hilos_procesador,4
Computadores,procesador_principal,AMD Athlon Silver 3050U,nucleos_procesador,2
Computadores,procesador_principal,AMD Athlon Silver 3050U,hilos_procesador,2
Computadores,procesador_principal,AMD Athlon Silver 7120U,nucleos_procesador,2
Computadores,procesador_principal,AMD Athlon Silver 7120U,hilos_procesador,2
Computadores,procesador_principal,AMD Athlon TF-20,nucleos_procesador,1
Computadores,procesador_principal,AMD Athlon TF-20,hilos_procesador,1
Computadores,procesador_principal,AMD Athlon TF-36,nucleos_procesador,1
Computadores,procesador_principal,AMD Athlon TF-36,hilos_procesador,1
Computadores,procesador_principal,AMD Athlon X2 215,nucleos_procesador,2
Computadores,procesador_principal,AMD Athlon X2 215,hilos_procesador,2
Computadores,procesador_principal,AMD Athlon X2 240,nucleos_procesador,2
Computadores,procesador_principal,AMD Athlon X2 240,hilos_procesador,2
Computadores,procesador_principal,AMD Athlon X2 240e,nucleos_procesador,2
Computadores,procesador_principal,AMD Athlon X2 240e,hilos_procesador,2
Computadores,procesador_principal,AMD Athlon X2 250,nucleos_procesador,2
Computadores,procesador_principal,AMD Athlon X2 250,hilos_procesador,2
Computadores,procesador_principal,AMD Athlon X2 255,nucleos_procesador,2
Computadores,procesador_principal,AMD Athlon X2 255,hilos_procesador,2
Computadores,procesador_principal,AMD Athlon X2 280,nucleos_procesador,2
Computadores,procesador_principal,AMD Athlon X2 280,hilos_procesador,2
Computadores,procesador_principal,AMD Athlon X2 Dual Core 3250e,nucleos_procesador,2
Computadores,procesador_principal,AMD Athlon X2 Dual Core 3250e,hilos_procesador,2
Computadores,procesador_principal,AMD Athlon X2 Dual Core 6850e,nucleos_procesador,2
Computadores,procesador_principal,AMD Athlon X2 Dual Core 6850e,hilos_procesador,2
Computadores,procesador_principal,AMD Athlon X2 Dual Core BE-2300,nucleos_procesador,2
Computadores,procesador_principal,AMD Athlon X2 Dual Core BE-2300,hilos_procesador,2
Computadores,procesador_principal,AMD Athlon X2 Dual Core BE-2350,nucleos_procesador,2
Computadores,procesador_principal,AMD Athlon X2 Dual Core BE-2350,hilos_procesador,2
Computadores,procesador_principal,AMD Athlon X2 Dual Core BE-2400,nucleos_procesador,2
Computadores,procesador_principal,AMD Athlon X2 Dual Core BE-2400,hilos_procesador,2
Computadores,procesador_principal,AMD Athlon X2 Dual Core L310,nucleos_procesador,2
Computadores,procesador_principal,AMD Athlon X2 Dual Core L310,hilos_procesador,2
Computadores,procesador_principal,AMD Athlon X3 425,nucleos_procesador,3
Computadores,procesador_principal,AMD Athlon X3 425,hilos_procesador,3
Computadores,procesador_principal,AMD Athlon X3 435,nucleos_procesador,3
Computadores,procesador_principal,AMD Athlon X3 435,hilos_procesador,3
Computadores,procesador_principal,AMD Athlon X3 440,nucleos_procesador,3
Computadores,procesador_principal,AMD Athlon X3 440,hilos_procesador,3
Computadores,procesador_principal,AMD Athlon X3 445,nucleos_procesador,3
Computadores,procesador_principal,AMD Athlon X3 445,hilos_procesador,3
Computadores,procesador_principal,AMD Athlon X3 455,nucleos_procesador,3
Computadores,procesador_principal,AMD Athlon X3 455,hilos_procesador,3
Computadores,procesador_principal,AMD Athlon X4 530,nucleos_procesador,4
Computadores,procesador_principal,AMD Athlon X4 530,hilos_procesador,4
Computadores,procesador_principal,AMD Athlon X4 620,nucleos_procesador,4
Computadores,procesador_principal,AMD Athlon X4 620,hilos_procesador,4
Computadores,procesador_principal,AMD Athlon X4 640,nucleos_procesador,4
Computadores,procesador_principal,AMD Athlon X4 640,hilos_procesador,4
Computadores,procesador_principal,AMD Athlon XP 1500+,nucleos_procesador,1
Computadores,procesador_principal,AMD Athlon XP 1500+,hilos_procesador,1
Computadores,procesador_principal,AMD Athlon XP 1600+,nucleos_procesador,1
Computadores,procesador_principal,AMD Athlon XP 1600+,hilos_procesador,1
Computadores,procesador_principal,AMD Athlon XP 1700+,nucleos_procesador,1
Computadores,procesador_principal,AMD Athlon XP 1700+,hilos_procesador,1
Computadores,procesador_principal,AMD Athlon XP 1800+,nucleos_procesador,1
Computadores,procesador_principal,AMD Athlon XP 1800+,hilos_procesador,1
Computadores,procesador_principal,AMD Athlon XP 1900+,nucleos_procesador,1
Computadores,procesador_principal,AMD Athlon XP 1900+,hilos_procesador,1
Computadores,procesador_principal,AMD Athlon XP 2000+,nucleos_procesador,1
Computadores,procesador_principal,AMD Athlon XP 2000+,hilos_procesador,1
Computadores,procesador_principal,AMD Athlon XP 2100+,nucleos_procesador,1
Computadores,procesador_principal,AMD Athlon XP 2100+,hilos_procesador,1
Computadores,procesador_principal,AMD Athlon XP 2200+,nucleos_procesador,1
Computadores,procesador_principal,AMD Athlon XP 2200+,hilos_procesador,1
Computadores,procesador_principal,AMD Athlon XP 2400+,nucleos_procesador,1
Computadores,procesador_principal,AMD Athlon XP 2400+,hilos_procesador,1
Computadores,procesador_principal,AMD Athlon XP 2500+,nucleos_procesador,1
Computadores,procesador_principal,AMD Athlon XP 2500+,hilos_procesador,1
Computadores,procesador_principal,AMD Athlon XP 2600+,nucleos_procesador,1
Computadores,procesador_principal,AMD Athlon XP 2600+,hilos_procesador,1
Computadores,procesador_principal,AMD Athlon XP 2700+,nucleos_procesador,1
Computadores,procesador_principal,AMD Athlon XP 2700+,hilos_procesador,1
Computadores,procesador_principal,AMD Athlon XP 2800+,nucleos_procesador,1
Computadores,procesador_principal,AMD Athlon XP 2800+,hilos_procesador,1
Computadores,procesador_principal,AMD Athlon XP 2900+,nucleos_procesador,1
Computadores,procesador_principal,AMD Athlon XP 2900+,hilos_procesador,1
Computadores,procesador_principal,AMD Athlon XP 3000+,nucleos_procesador,1
Computadores,procesador_principal,AMD Athlon XP 3000+,hilos_procesador,1
Computadores,procesador_principal,AMD Athlon XP 3100+,nucleos_procesador,1
Computadores,procesador_principal,AMD Athlon XP 3100+,hilos_procesador,1
Computadores,procesador_principal,AMD Athlon XP 3200+,nucleos_procesador,1
Computadores,procesador_principal,AMD Athlon XP 3200+,hilos_procesador,1
Computadores,procesador_principal,AMD Athlon XP1600+,nucleos_procesador,1
Computadores,procesador_principal,AMD Athlon XP1600+,hilos_procesador,1
Computadores,procesador_principal,AMD Athlon XP2400+,nucleos_procesador,1
Computadores,procesador_principal,AMD Athlon XP2400+,hilos_procesador,1
Computadores,procesador_principal,AMD C-30,nucleos_procesador,1
Computadores,procesador_principal,AMD C-30,hilos_procesador,1
Computadores,procesador_principal,AMD C-50,nucleos_procesador,2
Computadores,procesador_principal,AMD C-50,hilos_procesador,2
Computadores,procesador_principal,AMD C-60,nucleos_procesador,2
Computadores,procesador_principal,AMD C-60,hilos_procesador,2
Computadores,procesador_principal,AMD C-60 APU,nucleos_procesador,2
Computadores,procesador_principal,AMD C-60 APU,hilos_procesador,2
Computadores,procesador_principal,AMD C-70 APU,nucleos_procesador,2
Computadores,procesador_principal,AMD C-70 APU,hilos_procesador,2
Computadores,procesador_principal,AMD E-240,nucleos_procesador,1
Computadores,procesador_principal,AMD E-240,hilos_procesador,1
Computadores,procesador_principal,AMD E-300 APU,nucleos_procesador,2
Computadores,procesador_principal,AMD E-300 APU,hilos_procesador,2
Computadores,procesador_principal,AMD E-350,nucleos_procesador,2
Computadores,procesador_principal,AMD E-350,hilos_procesador,2
Computadores,procesador_principal,AMD E-350 APU,nucleos_procesador,2
Computadores,procesador_principal,AMD E-350 APU,hilos_procesador,2
Computadores,procesador_principal,AMD E-350D APU,nucleos_procesador,2
Computadores,procesador_principal,AMD E-350D APU,hilos_procesador,2
Computadores,procesador_principal,AMD E-450 APU,nucleos_procesador,2
Computadores,procesador_principal,AMD E-450 APU,hilos_procesador,2
Computadores,procesador_principal,AMD E1 Micro-6200T APU,nucleos_procesador,2
Computadores,procesador_principal,AMD E1 Micro-6200T APU,hilos_procesador,2
Computadores,procesador_principal,AMD E1-1200 APU,nucleos_procesador,2
Computadores,procesador_principal,AMD E1-1200 APU,hilos_procesador,2
Computadores,procesador_principal,AMD E1-1500 APU,nucleos_procesador,2
Computadores,procesador_principal,AMD E1-1500 APU,hilos_procesador,2
Computadores,procesador_principal,AMD E1-2100 APU,nucleos_procesador,2
Computadores,procesador_principal,AMD E1-2100 APU,hilos_procesador,2
Computadores,procesador_principal,AMD E1-2200 APU,nucleos_procesador,2
Computadores,procesador_principal,AMD E1-2200 APU,hilos_procesador,2
Computadores,procesador_principal,AMD E1-2500 APU,nucleos_procesador,2
Computadores,procesador_principal,AMD E1-2500 APU,hilos_procesador,2
Computadores,procesador_principal,AMD E1-6010 APU,nucleos_procesador,2
Computadores,procesador_principal,AMD E1-6010 APU,hilos_procesador,2
Computadores,procesador_principal,AMD E1-6015 APU,nucleos_procesador,2
Computadores,procesador_principal,AMD E1-6015 APU,hilos_procesador,2
Computadores,procesador_principal,AMD E1-6050J APU,nucleos_procesador,2
Computadores,procesador_principal,AMD E1-6050J APU,hilos_procesador,2
Computadores,procesador_principal,AMD E1-7010 APU,nucleos_procesador,2
Computadores,procesador_principal,AMD E1-7010 APU,hilos_procesador,2
Computadores,procesador_principal,AMD E2-1800 APU,nucleos_procesador,2
Computadores,procesador_principal,AMD E2-1800 APU,hilos_procesador,2
Computadores,procesador_principal,AMD E2-2000 APU,nucleos_procesador,2
Computadores,procesador_principal,AMD E2-2000 APU,hilos_procesador,2
Computadores,procesador_principal,AMD E2-3000 APU,nucleos_procesador,2
Computadores,procesador_principal,AMD E2-3000 APU,hilos_procesador,2
Computadores,procesador_principal,AMD E2-3000M APU,nucleos_procesador,2
Computadores,procesador_principal,AMD E2-3000M APU,hilos_procesador,2
Computadores,procesador_principal,AMD E2-3200 APU,nucleos_procesador,2
Computadores,procesador_principal,AMD E2-3200 APU,hilos_procesador,2
Computadores,procesador_principal,AMD E2-3800 APU,nucleos_procesador,4
Computadores,procesador_principal,AMD E2-3800 APU,hilos_procesador,4
Computadores,procesador_principal,AMD E2-6110 APU,nucleos_procesador,4
Computadores,procesador_principal,AMD E2-6110 APU,hilos_procesador,4
Computadores,procesador_principal,AMD E2-7015,nucleos_procesador,2
Computadores,procesador_principal,AMD E2-7015,hilos_procesador,2
Computadores,procesador_principal,AMD E2-7015 APU,nucleos_procesador,2
Computadores,procesador_principal,AMD E2-7015 APU,hilos_procesador,2
Computadores,procesador_principal,AMD E2-7110 APU,nucleos_procesador,4
Computadores,procesador_principal,AMD E2-7110 APU,hilos_procesador,4
Computadores,procesador_principal,AMD Embedded R-Series RX-421ND,nucleos_procesador,4
Computadores,procesador_principal,AMD Embedded R-Series RX-421ND,hilos_procesador,4
Computadores,procesador_principal,AMD EPYC 3101 4-Core,nucleos_procesador,4
Computadores,procesador_principal,AMD EPYC 3101 4-Core,hilos_procesador,4
Computadores,procesador_principal,AMD EPYC 3151,nucleos_procesador,4
Computadores,procesador_principal,AMD EPYC 3151,hilos_procesador,8
Computadores,procesador_principal,AMD EPYC 3201,nucleos_procesador,8
Computadores,procesador_principal,AMD EPYC 3201,hilos_procesador,8
Computadores,procesador_principal,AMD EPYC 3251,nucleos_procesador,8
Computadores,procesador_principal,AMD EPYC 3251,hilos_procesador,16
Computadores,procesador_principal,AMD EPYC 3451,nucleos_procesador,16
Computadores,procesador_principal,AMD EPYC 3451,hilos_procesador,32
Computadores,procesador_principal,AMD EPYC 4124P,nucleos_procesador,4
Computadores,procesador_principal,AMD EPYC 4124P,hilos_procesador,8
Computadores,procesador_principal,AMD EPYC 4244P,nucleos_procesador,6
Computadores,procesador_principal,AMD EPYC 4244P,hilos_procesador,12
Computadores,procesador_principal,AMD EPYC 4245P,nucleos_procesador,6
Computadores,procesador_principal,AMD EPYC 4245P,hilos_procesador,12
Computadores,procesador_principal,AMD EPYC 4344P,nucleos_procesador,8
Computadores,procesador_principal,AMD EPYC 4344P,hilos_procesador,16
Computadores,procesador_principal,AMD EPYC 4345P,nucleos_procesador,8
Computadores,procesador_principal,AMD EPYC 4345P,hilos_procesador,16
Computadores,procesador_principal,AMD EPYC 4364P,nucleos_procesador,8
Computadores,procesador_principal,AMD EPYC 4364P,hilos_procesador,16
Computadores,procesador_principal,AMD EPYC 4464P,nucleos_procesador,12
Computadores,procesador_principal,AMD EPYC 4464P,hilos_procesador,24
Computadores,procesador_principal,AMD EPYC 4484PX,nucleos_procesador,12
Computadores,procesador_principal,AMD EPYC 4484PX,hilos_procesador,24
Computadores,procesador_principal,AMD EPYC 4564P,nucleos_procesador,16
Computadores,procesador_principal,AMD EPYC 4564P,hilos_procesador,32
Computadores,procesador_principal,AMD EPYC 4565P,nucleos_procesador,16
Computadores,procesador_principal,AMD EPYC 4565P,hilos_procesador,32
Computadores,procesador_principal,AMD EPYC 4584PX,nucleos_procesador,16
Computadores,procesador_principal,AMD EPYC 4584PX,hilos_procesador,32
Computadores,procesador_principal,AMD EPYC 7232P,nucleos_procesador,8
Computadores,procesador_principal,AMD EPYC 7232P,hilos_procesador,16
Computadores,procesador_principal,AMD EPYC 7251,nucleos_procesador,8
Computadores,procesador_principal,AMD EPYC 7251,hilos_procesador,16
Computadores,procesador_principal,AMD EPYC 7252,nucleos_procesador,8
Computadores,procesador_principal,AMD EPYC 7252,hilos_procesador,16
Computadores,procesador_principal,AMD EPYC 7261,nucleos_procesador,8
Computadores,procesador_principal,AMD EPYC 7261,hilos_procesador,16
Computadores,procesador_principal,AMD EPYC 7262,nucleos_procesador,8
Computadores,procesador_principal,AMD EPYC 7262,hilos_procesador,16
Computadores,procesador_principal,AMD EPYC 7272,nucleos_procesador,12
Computadores,procesador_principal,AMD EPYC 7272,hilos_procesador,24
Computadores,procesador_principal,AMD EPYC 7281,nucleos_procesador,16
Computadores,procesador_principal,AMD EPYC 7281,hilos_procesador,32
Computadores,procesador_principal,AMD EPYC 7282,nucleos_procesador,16
Computadores,procesador_principal,AMD EPYC 7282,hilos_procesador,32
Computadores,procesador_principal,AMD EPYC 72F3,nucleos_procesador,8
Computadores,procesador_principal,AMD EPYC 72F3,hilos_procesador,16
Computadores,procesador_principal,AMD EPYC 7301,nucleos_procesador,16
Computadores,procesador_principal,AMD EPYC 7301,hilos_procesador,32
Computadores,procesador_principal,AMD EPYC 7302,nucleos_procesador,16
Computadores,procesador_principal,AMD EPYC 7302,hilos_procesador,32
Computadores,procesador_principal,AMD EPYC 7302P,nucleos_procesador,16
Computadores,procesador_principal,AMD EPYC 7302P,hilos_procesador,32
Computadores,procesador_principal,AMD EPYC 7303,nucleos_procesador,16
Computadores,procesador_principal,AMD EPYC 7303,hilos_procesador,32
Computadores,procesador_principal,AMD EPYC 7313,nucleos_procesador,16
Computadores,procesador_principal,AMD EPYC 7313,hilos_procesador,32
Computadores,procesador_principal,AMD EPYC 7313P,nucleos_procesador,16
Computadores,procesador_principal,AMD EPYC 7313P,hilos_procesador,32
Computadores,procesador_principal,AMD EPYC 7343,nucleos_procesador,16
Computadores,procesador_principal,AMD EPYC 7343,hilos_procesador,32
Computadores,procesador_principal,AMD EPYC 7351,nucleos_procesador,16
Computadores,procesador_principal,AMD EPYC 7351,hilos_procesador,32
Computadores,procesador_principal,AMD EPYC 7351P,nucleos_procesador,16
Computadores,procesador_principal,AMD EPYC 7351P,hilos_procesador,32
Computadores,procesador_principal,AMD EPYC 7352,nucleos_procesador,24
Computadores,procesador_principal,AMD EPYC 7352,hilos_procesador,48
Computadores,procesador_principal,AMD EPYC 7371,nucleos_procesador,16
Computadores,procesador_principal,AMD EPYC 7371,hilos_procesador,32
Computadores,procesador_principal,AMD EPYC 7373X,nucleos_procesador,16
Computadores,procesador_principal,AMD EPYC 7373X,hilos_procesador,32
Computadores,procesador_principal,AMD EPYC 73F3,nucleos_procesador,16
Computadores,procesador_principal,AMD EPYC 73F3,hilos_procesador,32
Computadores,procesador_principal,AMD EPYC 7401,nucleos_procesador,24
Computadores,procesador_principal,AMD EPYC 7401,hilos_procesador,48
Computadores,procesador_principal,AMD EPYC 7401P,nucleos_procesador,24
Computadores,procesador_principal,AMD EPYC 7401P,hilos_procesador,48
Computadores,procesador_principal,AMD EPYC 7402,nucleos_procesador,24
Computadores,procesador_principal,AMD EPYC 7402,hilos_procesador,48
Computadores,procesador_principal,AMD EPYC 7402P,nucleos_procesador,24
Computadores,procesador_principal,AMD EPYC 7402P,hilos_procesador,48
Computadores,procesador_principal,AMD EPYC 7413,nucleos_procesador,24
Computadores,procesador_principal,AMD EPYC 7413,hilos_procesador,48
Computadores,procesador_principal,AMD EPYC 7443,nucleos_procesador,24
Computadores,procesador_principal,AMD EPYC 7443,hilos_procesador,48
Computadores,procesador_principal,AMD EPYC 7443P,nucleos_procesador,24
Computadores,procesador_principal,AMD EPYC 7443P,hilos_procesador,48
Computadores,procesador_principal,AMD EPYC 7451,nucleos_procesador,24
Computadores,procesador_principal,AMD EPYC 7451,hilos_procesador,48
Computadores,procesador_principal,AMD EPYC 7452,nucleos_procesador,32
Computadores,procesador_principal,AMD EPYC 7452,hilos_procesador,64
Computadores,procesador_principal,AMD EPYC 7453,nucleos_procesador,28
Computadores,procesador_principal,AMD EPYC 7453,hilos_procesador,56
Computadores,procesador_principal,AMD EPYC 7473X,nucleos_procesador,24
Computadores,procesador_principal,AMD EPYC 7473X,hilos_procesador,48
Computadores,procesador_principal,AMD EPYC 74F3,nucleos_procesador,24
Computadores,procesador_principal,AMD EPYC 74F3,hilos_procesador,48
Computadores,procesador_principal,AMD EPYC 7501,nucleos_procesador,32
Computadores,procesador_principal,AMD EPYC 7501,hilos_procesador,64
Computadores,procesador_principal,AMD EPYC 7502,nucleos_procesador,32
Computadores,procesador_principal,AMD EPYC 7502,hilos_procesador,64
Computadores,procesador_principal,AMD EPYC 7502P,nucleos_procesador,32
Computadores,procesador_principal,AMD EPYC 7502P,hilos_procesador,64
Computadores,procesador_principal,AMD EPYC 7513,nucleos_procesador,32
Computadores,procesador_principal,AMD EPYC 7513,hilos_procesador,64
Computadores,procesador_principal,AMD EPYC 7532,nucleos_procesador,32
Computadores,procesador_principal,AMD EPYC 7532,hilos_procesador,64
Computadores,procesador_principal,AMD EPYC 7542,nucleos_procesador,32
Computadores,procesador_principal,AMD EPYC 7542,hilos_procesador,64
Computadores,procesador_principal,AMD EPYC 7543,nucleos_procesador,32
Computadores,procesador_principal,AMD EPYC 7543,hilos_procesador,64
Computadores,procesador_principal,AMD EPYC 7543P,nucleos_procesador,32
Computadores,procesador_principal,AMD EPYC 7543P,hilos_procesador,64
Computadores,procesador_principal,AMD EPYC 7551,nucleos_procesador,32
Computadores,procesador_principal,AMD EPYC 7551,hilos_procesador,64
Computadores,procesador_principal,AMD EPYC 7551P,nucleos_procesador,32
Computadores,procesador_principal,AMD EPYC 7551P,hilos_procesador,64
Computadores,procesador_principal,AMD EPYC 7552,nucleos_procesador,48
Computadores,procesador_principal,AMD EPYC 7552,hilos_procesador,96
Computadores,procesador_principal,AMD EPYC 7571,nucleos_procesador,32
Computadores,procesador_principal,AMD EPYC 7571,hilos_procesador,64
Computadores,procesador_principal,AMD EPYC 7573X,nucleos_procesador,32
Computadores,procesador_principal,AMD EPYC 7573X,hilos_procesador,64
Computadores,procesador_principal,AMD EPYC 75F3,nucleos_procesador,32
Computadores,procesador_principal,AMD EPYC 75F3,hilos_procesador,64
Computadores,procesador_principal,AMD EPYC 7601,nucleos_procesador,32
Computadores,procesador_principal,AMD EPYC 7601,hilos_procesador,64
Computadores,procesador_principal,AMD EPYC 7642,nucleos_procesador,48
Computadores,procesador_principal,AMD EPYC 7642,hilos_procesador,96
Computadores,procesador_principal,AMD EPYC 7643,nucleos_procesador,48
Computadores,procesador_principal,AMD EPYC 7643,hilos_procesador,96
Computadores,procesador_principal,AMD EPYC 7643P,nucleos_procesador,48
Computadores,procesador_principal,AMD EPYC 7643P,hilos_procesador,96
Computadores,procesador_principal,AMD EPYC 7662,nucleos_procesador,64
Computadores,procesador_principal,AMD EPYC 7662,hilos_procesador,128
Computadores,procesador_principal,AMD EPYC 7663,nucleos_procesador,56
Computadores,procesador_principal,AMD EPYC 7663,hilos_procesador,112
Computadores,procesador_principal,AMD EPYC 7702,nucleos_procesador,64
Computadores,procesador_principal,AMD EPYC 7702,hilos_procesador,128
Computadores,procesador_principal,AMD EPYC 7702P,nucleos_procesador,64
Computadores,procesador_principal,AMD EPYC 7702P,hilos_procesador,128
Computadores,procesador_principal,AMD EPYC 7713,nucleos_procesador,64
Computadores,procesador_principal,AMD EPYC 7713,hilos_procesador,128
Computadores,procesador_principal,AMD EPYC 7713P,nucleos_procesador,64
Computadores,procesador_principal,AMD EPYC 7713P,hilos_procesador,128
Computadores,procesador_principal,AMD EPYC 7742,nucleos_procesador,64
Computadores,procesador_principal,AMD EPYC 7742,hilos_procesador,128
Computadores,procesador_principal,AMD EPYC 7763,nucleos_procesador,64
Computadores,procesador_principal,AMD EPYC 7763,hilos_procesador,128
Computadores,procesador_principal,AMD EPYC 7773X,nucleos_procesador,64
Computadores,procesador_principal,AMD EPYC 7773X,hilos_procesador,128
Computadores,procesador_principal,AMD EPYC 7B12,nucleos_procesador,64
Computadores,procesador_principal,AMD EPYC 7B12,hilos_procesador,128
Computadores,procesador_principal,AMD EPYC 7B13,nucleos_procesador,60
Computadores,procesador_principal,AMD EPYC 7B13,hilos_procesador,60
Computadores,procesador_principal,AMD EPYC 7D12,nucleos_procesador,32
Computadores,procesador_principal,AMD EPYC 7D12,hilos_procesador,64
Computadores,procesador_principal,AMD EPYC 7F32,nucleos_procesador,8
Computadores,procesador_principal,AMD EPYC 7F32,hilos_procesador,16
Computadores,procesador_principal,AMD EPYC 7F52,nucleos_procesador,16
Computadores,procesador_principal,AMD EPYC 7F52,hilos_procesador,32
Computadores,procesador_principal,AMD EPYC 7F72,nucleos_procesador,24
Computadores,procesador_principal,AMD EPYC 7F72,hilos_procesador,48
Computadores,procesador_principal,AMD EPYC 7H12,nucleos_procesador,64
Computadores,procesador_principal,AMD EPYC 7H12,hilos_procesador,128
Computadores,procesador_principal,AMD EPYC 7J13,nucleos_procesador,64
Computadores,procesador_principal,AMD EPYC 7J13,hilos_procesador,128
Computadores,procesador_principal,AMD EPYC 7K62,nucleos_procesador,48
Computadores,procesador_principal,AMD EPYC 7K62,hilos_procesador,96
Computadores,procesador_principal,AMD EPYC 7K83,nucleos_procesador,64
Computadores,procesador_principal,AMD EPYC 7K83,hilos_procesador,128
Computadores,procesador_principal,AMD EPYC 7R12,nucleos_procesador,48
Computadores,procesador_principal,AMD EPYC 7R12,hilos_procesador,96
Computadores,procesador_principal,AMD EPYC 7R32,nucleos_procesador,48
Computadores,procesador_principal,AMD EPYC 7R32,hilos_procesador,96
Computadores,procesador_principal,AMD EPYC 7T83,nucleos_procesador,64
Computadores,procesador_principal,AMD EPYC 7T83,hilos_procesador,128
Computadores,procesador_principal,AMD EPYC 7V13,nucleos_procesador,64
Computadores,procesador_principal,AMD EPYC 7V13,hilos_procesador,128
Computadores,procesador_principal,AMD EPYC 8024P,nucleos_procesador,8
Computadores,procesador_principal,AMD EPYC 8024P,hilos_procesador,16
Computadores,procesador_principal,AMD EPYC 8124P,nucleos_procesador,16
Computadores,procesador_principal,AMD EPYC 8124P,hilos_procesador,32
Computadores,procesador_principal,AMD EPYC 8224P,nucleos_procesador,24
Computadores,procesador_principal,AMD EPYC 8224P,hilos_procesador,48
Computadores,procesador_principal,AMD EPYC 8324P,nucleos_procesador,32
Computadores,procesador_principal,AMD EPYC 8324P,hilos_procesador,64
Computadores,procesador_principal,AMD EPYC 8434P,nucleos_procesador,48
Computadores,procesador_principal,AMD EPYC 8434P,hilos_procesador,96
Computadores,procesador_principal,AMD EPYC 8534P,nucleos_procesador,64
Computadores,procesador_principal,AMD EPYC 8534P,hilos_procesador,128
Computadores,procesador_principal,AMD EPYC 9115,nucleos_procesador,16
Computadores,procesador_principal,AMD EPYC 9115,hilos_procesador,32
Computadores,procesador_principal,AMD EPYC 9124,nucleos_procesador,16
Computadores,procesador_principal,AMD EPYC 9124,hilos_procesador,32
Computadores,procesador_principal,AMD EPYC 9135,nucleos_procesador,16
Computadores,procesador_principal,AMD EPYC 9135,hilos_procesador,32
Computadores,procesador_principal,AMD EPYC 9174F,nucleos_procesador,16
Computadores,procesador_principal,AMD EPYC 9174F,hilos_procesador,32
Computadores,procesador_principal,AMD EPYC 9175F,nucleos_procesador,16
Computadores,procesador_principal,AMD EPYC 9175F,hilos_procesador,32
Computadores,procesador_principal,AMD EPYC 9184X,nucleos_procesador,16
Computadores,procesador_principal,AMD EPYC 9184X,hilos_procesador,32
Computadores,procesador_principal,AMD EPYC 9224,nucleos_procesador,24
Computadores,procesador_principal,AMD EPYC 9224,hilos_procesador,48
Computadores,procesador_principal,AMD EPYC 9254,nucleos_procesador,24
Computadores,procesador_principal,AMD EPYC 9254,hilos_procesador,48
Computadores,procesador_principal,AMD EPYC 9274F,nucleos_procesador,24
Computadores,procesador_principal,AMD EPYC 9274F,hilos_procesador,48
Computadores,procesador_principal,AMD EPYC 9275F,nucleos_procesador,24
Computadores,procesador_principal,AMD EPYC 9275F,hilos_procesador,48
Computadores,procesador_principal,AMD EPYC 9334,nucleos_procesador,32
Computadores,procesador_principal,AMD EPYC 9334,hilos_procesador,64
Computadores,procesador_principal,AMD EPYC 9354,nucleos_procesador,32
Computadores,procesador_principal,AMD EPYC 9354,hilos_procesador,64
Computadores,procesador_principal,AMD EPYC 9354P,nucleos_procesador,32
Computadores,procesador_principal,AMD EPYC 9354P,hilos_procesador,64
Computadores,procesador_principal,AMD EPYC 9355P,nucleos_procesador,32
Computadores,procesador_principal,AMD EPYC 9355P,hilos_procesador,64
Computadores,procesador_principal,AMD EPYC 9374F,nucleos_procesador,32
Computadores,procesador_principal,AMD EPYC 9374F,hilos_procesador,64
Computadores,procesador_principal,AMD EPYC 9375F,nucleos_procesador,32
Computadores,procesador_principal,AMD EPYC 9375F,hilos_procesador,64
Computadores,procesador_principal,AMD EPYC 9384X,nucleos_procesador,32
Computadores,procesador_principal,AMD EPYC 9384X,hilos_procesador,64
Computadores,procesador_principal,AMD EPYC 9454,nucleos_procesador,48
Computadores,procesador_principal,AMD EPYC 9454,hilos_procesador,96
Computadores,procesador_principal,AMD EPYC 9454P,nucleos_procesador,48
Computadores,procesador_principal,AMD EPYC 9454P,hilos_procesador,96
Computadores,procesador_principal,AMD EPYC 9455P,nucleos_procesador,48
Computadores,procesador_principal,AMD EPYC 9455P,hilos_procesador,96
Computadores,procesador_principal,AMD EPYC 9474F,nucleos_procesador,48
Computadores,procesador_principal,AMD EPYC 9474F,hilos_procesador,96
Computadores,procesador_principal,AMD EPYC 9534,nucleos_procesador,64
Computadores,procesador_principal,AMD EPYC 9534,hilos_procesador,128
Computadores,procesador_principal,AMD EPYC 9554,nucleos_procesador,64
Computadores,procesador_principal,AMD EPYC 9554,hilos_procesador,128
Computadores,procesador_principal,AMD EPYC 9554P,nucleos_procesador,64
Computadores,procesador_principal,AMD EPYC 9554P,hilos_procesador,128
Computadores,procesador_principal,AMD EPYC 9555,nucleos_procesador,64
Computadores,procesador_principal,AMD EPYC 9555,hilos_procesador,128
Computadores,procesador_principal,AMD EPYC 9555P,nucleos_procesador,64
Computadores,procesador_principal,AMD EPYC 9555P,hilos_procesador,128
Computadores,procesador_principal,AMD EPYC 9575F,nucleos_procesador,64
Computadores,procesador_principal,AMD EPYC 9575F,hilos_procesador,128
Computadores,procesador_principal,AMD EPYC 9634,nucleos_procesador,84
Computadores,procesador_principal,AMD EPYC 9634,hilos_procesador,168
Computadores,procesador_principal,AMD EPYC 9654,nucleos_procesador,96
Computadores,procesador_principal,AMD EPYC 9654,hilos_procesador,192
Computadores,procesador_principal,AMD EPYC 9654P,nucleos_procesador,96
Computadores,procesador_principal,AMD EPYC 9654P,hilos_procesador,192
Computadores,procesador_principal,AMD EPYC 9655,nucleos_procesador,96
Computadores,procesador_principal,AMD EPYC 9655,hilos_procesador,192
Computadores,procesador_principal,AMD EPYC 9655P,nucleos_procesador,96
Computadores,procesador_principal,AMD EPYC 9655P,hilos_procesador,192
Computadores,procesador_principal,AMD EPYC 9684X,nucleos_procesador,96
Computadores,procesador_principal,AMD EPYC 9684X,hilos_procesador,192
Computadores,procesador_principal,AMD EPYC 9734,nucleos_procesador,112
Computadores,procesador_principal,AMD EPYC 9734,hilos_procesador,224
Computadores,procesador_principal,AMD EPYC 9745,nucleos_procesador,128
Computadores,procesador_principal,AMD EPYC 9745,hilos_procesador,256
Computadores,procesador_principal,AMD EPYC 9754,nucleos_procesador,128
Computadores,procesador_principal,AMD EPYC 9754,hilos_procesador,256
Computadores,procesador_principal,AMD EPYC 9755,nucleos_procesador,128
Computadores,procesador_principal,AMD EPYC 9755,hilos_procesador,256
Computadores,procesador_principal,AMD EPYC 9845,nucleos_procesador,160
Computadores,procesador_principal,AMD EPYC 9845,hilos_procesador,320
Computadores,procesador_principal,AMD EPYC 9965,nucleos_procesador,192
Computadores,procesador_principal,AMD EPYC 9965,hilos_procesador,384
Computadores,procesador_principal,AMD EPYC Embedded 7292P,nucleos_procesador,16
Computadores,procesador_principal,AMD EPYC Embedded 7292P,hilos_procesador,32
Computadores,procesador_principal,AMD G-T40E,nucleos_procesador,2
Computadores,procesador_principal,AMD G-T40E,hilos_procesador,2
Computadores,procesador_principal,AMD G-T40N,nucleos_procesador,2
Computadores,procesador_principal,AMD G-T40N,hilos_procesador,2
Computadores,procesador_principal,AMD G-T40R,nucleos_procesador,1
Computadores,procesador_principal,AMD G-T40R,hilos_procesador,1
Computadores,procesador_principal,AMD G-T44R,nucleos_procesador,1
Computadores,procesador_principal,AMD G-T44R,hilos_procesador,1
Computadores,procesador_principal,AMD G-T48E,nucleos_procesador,2
Computadores,procesador_principal,AMD G-T48E,hilos_procesador,2
Computadores,procesador_principal,AMD G-T52R,nucleos_procesador,1
Computadores,procesador_principal,AMD G-T52R,hilos_procesador,1
Computadores,procesador_principal,AMD G-T56E,nucleos_procesador,2
Computadores,procesador_principal,AMD G-T56E,hilos_procesador,2
Computadores,procesador_principal,AMD G-T56N,nucleos_procesador,2
Computadores,procesador_principal,AMD G-T56N,hilos_procesador,2
Computadores,procesador_principal,AMD Geode NX 2400+,nucleos_procesador,1
Computadores,procesador_principal,AMD Geode NX 2400+,hilos_procesador,1
Computadores,procesador_principal,AMD GX-210JA SOC,nucleos_procesador,2
Computadores,procesador_principal,AMD GX-210JA SOC,hilos_procesador,2
Computadores,procesador_principal,AMD GX-212JC SOC,nucleos_procesador,2
Computadores,procesador_principal,AMD GX-212JC SOC,hilos_procesador,2
Computadores,procesador_principal,AMD GX-217GA SOC,nucleos_procesador,2
Computadores,procesador_principal,AMD GX-217GA SOC,hilos_procesador,2
Computadores,procesador_principal,AMD GX-218GL SOC,nucleos_procesador,2
Computadores,procesador_principal,AMD GX-218GL SOC,hilos_procesador,2
Computadores,procesador_principal,AMD GX-222GC SOC,nucleos_procesador,2
Computadores,procesador_principal,AMD GX-222GC SOC,hilos_procesador,2
Computadores,procesador_principal,AMD GX-412HC,nucleos_procesador,4
Computadores,procesador_principal,AMD GX-412HC,hilos_procesador,4
Computadores,procesador_principal,AMD GX-412TC SOC,nucleos_procesador,4
Computadores,procesador_principal,AMD GX-412TC SOC,hilos_procesador,4
Computadores,procesador_principal,AMD GX-415GA SOC,nucleos_procesador,4
Computadores,procesador_principal,AMD GX-415GA SOC,hilos_procesador,4
Computadores,procesador_principal,AMD GX-416RA SOC,nucleos_procesador,4
Computadores,procesador_principal,AMD GX-416RA SOC,hilos_procesador,4
Computadores,procesador_principal,AMD GX-420CA SOC,nucleos_procesador,4
Computadores,procesador_principal,AMD GX-420CA SOC,hilos_procesador,4
Computadores,procesador_principal,AMD GX-420MC SOC,nucleos_procesador,4
Computadores,procesador_principal,AMD GX-420MC SOC,hilos_procesador,4
Computadores,procesador_principal,AMD GX-424CC SOC,nucleos_procesador,4
Computadores,procesador_principal,AMD GX-424CC SOC,hilos_procesador,4
Computadores,procesador_principal,AMD Opteron 1212,nucleos_procesador,2
Computadores,procesador_principal,AMD Opteron 1212,hilos_procesador,2
Computadores,procesador_principal,AMD Opteron 1212 HE,nucleos_procesador,2
Computadores,procesador_principal,AMD Opteron 1212 HE,hilos_procesador,2
Computadores,procesador_principal,AMD Opteron 1214,nucleos_procesador,2
Computadores,procesador_principal,AMD Opteron 1214,hilos_procesador,2
Computadores,procesador_principal,AMD Opteron 1214 HE,nucleos_procesador,2
Computadores,procesador_principal,AMD Opteron 1214 HE,hilos_procesador,2
Computadores,procesador_principal,AMD Opteron 1216,nucleos_procesador,2
Computadores,procesador_principal,AMD Opteron 1216,hilos_procesador,2
Computadores,procesador_principal,AMD Opteron 1216 HE,nucleos_procesador,2
Computadores,procesador_principal,AMD Opteron 1216 HE,hilos_procesador,2
Computadores,procesador_principal,AMD Opteron 1218,nucleos_procesador,2
Computadores,procesador_principal,AMD Opteron 1218,hilos_procesador,2
Computadores,procesador_principal,AMD Opteron 1218 HE,nucleos_procesador,2
Computadores,procesador_principal,AMD Opteron 1218 HE,hilos_procesador,2
Computadores,procesador_principal,AMD Opteron 1220,nucleos_procesador,2
Computadores,procesador_principal,AMD Opteron 1220,hilos_procesador,2
Computadores,procesador_principal,AMD Opteron 1222,nucleos_procesador,2
Computadores,procesador_principal,AMD Opteron 1222,hilos_procesador,2
Computadores,procesador_principal,AMD Opteron 1352,nucleos_procesador,4
Computadores,procesador_principal,AMD Opteron 1352,hilos_procesador,4
Computadores,procesador_principal,AMD Opteron 1354,nucleos_procesador,4
Computadores,procesador_principal,AMD Opteron 1354,hilos_procesador,4
Computadores,procesador_principal,AMD Opteron 1356,nucleos_procesador,4
Computadores,procesador_principal,AMD Opteron 1356,hilos_procesador,4
Computadores,procesador_principal,AMD Opteron 1381,nucleos_procesador,4
Computadores,procesador_principal,AMD Opteron 1381,hilos_procesador,4
Computadores,procesador_principal,AMD Opteron 1385,nucleos_procesador,4
Computadores,procesador_principal,AMD Opteron 1385,hilos_procesador,4
Computadores,procesador_principal,AMD Opteron 1389,nucleos_procesador,4
Computadores,procesador_principal,AMD Opteron 1389,hilos_procesador,4
Computadores,procesador_principal,AMD Opteron 144,nucleos_procesador,1
Computadores,procesador_principal,AMD Opteron 144,hilos_procesador,1
Computadores,procesador_principal,AMD Opteron 146,nucleos_procesador,1
Computadores,procesador_principal,AMD Opteron 146,hilos_procesador,1
Computadores,procesador_principal,AMD Opteron 148,nucleos_procesador,1
Computadores,procesador_principal,AMD Opteron 148,hilos_procesador,1
Computadores,procesador_principal,AMD Opteron 150,nucleos_procesador,1
Computadores,procesador_principal,AMD Opteron 150,hilos_procesador,1
Computadores,procesador_principal,AMD Opteron 152,nucleos_procesador,1
Computadores,procesador_principal,AMD Opteron 152,hilos_procesador,1
Computadores,procesador_principal,AMD Opteron 154,nucleos_procesador,1
Computadores,procesador_principal,AMD Opteron 154,hilos_procesador,1
Computadores,procesador_principal,AMD Opteron 165,nucleos_procesador,2
Computadores,procesador_principal,AMD Opteron 165,hilos_procesador,2
Computadores,procesador_principal,AMD Opteron 170,nucleos_procesador,2
Computadores,procesador_principal,AMD Opteron 170,hilos_procesador,2
Computadores,procesador_principal,AMD Opteron 175,nucleos_procesador,2
Computadores,procesador_principal,AMD Opteron 175,hilos_procesador,2
Computadores,procesador_principal,AMD Opteron 180,nucleos_procesador,2
Computadores,procesador_principal,AMD Opteron 180,hilos_procesador,2
Computadores,procesador_principal,AMD Opteron 185,nucleos_procesador,2
Computadores,procesador_principal,AMD Opteron 185,hilos_procesador,2
Computadores,procesador_principal,AMD Opteron 2218,nucleos_procesador,2
Computadores,procesador_principal,AMD Opteron 2218,hilos_procesador,2
Computadores,procesador_principal,AMD Opteron 2220,nucleos_procesador,2
Computadores,procesador_principal,AMD Opteron 2220,hilos_procesador,2
Computadores,procesador_principal,AMD Opteron 2220 SE,nucleos_procesador,2
Computadores,procesador_principal,AMD Opteron 2220 SE,hilos_procesador,2
Computadores,procesador_principal,AMD Opteron 2222,nucleos_procesador,2
Computadores,procesador_principal,AMD Opteron 2222,hilos_procesador,2
Computadores,procesador_principal,AMD Opteron 2354,nucleos_procesador,4
Computadores,procesador_principal,AMD Opteron 2354,hilos_procesador,4
Computadores,procesador_principal,AMD Opteron 2356,nucleos_procesador,4
Computadores,procesador_principal,AMD Opteron 2356,hilos_procesador,4
Computadores,procesador_principal,AMD Opteron 2373 EE,nucleos_procesador,4
Computadores,procesador_principal,AMD Opteron 2373 EE,hilos_procesador,4
Computadores,procesador_principal,AMD Opteron 2374 HE,nucleos_procesador,4
Computadores,procesador_principal,AMD Opteron 2374 HE,hilos_procesador,4
Computadores,procesador_principal,AMD Opteron 2378,nucleos_procesador,4
Computadores,procesador_principal,AMD Opteron 2378,hilos_procesador,4
Computadores,procesador_principal,AMD Opteron 2382,nucleos_procesador,4
Computadores,procesador_principal,AMD Opteron 2382,hilos_procesador,4
Computadores,procesador_principal,AMD Opteron 2384,nucleos_procesador,4
Computadores,procesador_principal,AMD Opteron 2384,hilos_procesador,4
Computadores,procesador_principal,AMD Opteron 2387,nucleos_procesador,4
Computadores,procesador_principal,AMD Opteron 2387,hilos_procesador,4
Computadores,procesador_principal,AMD Opteron 2393 SE,nucleos_procesador,2
Computadores,procesador_principal,AMD Opteron 2393 SE,hilos_procesador,2
Computadores,procesador_principal,AMD Opteron 2419 EE,nucleos_procesador,6
Computadores,procesador_principal,AMD Opteron 2419 EE,hilos_procesador,6
Computadores,procesador_principal,AMD Opteron 2427,nucleos_procesador,6
Computadores,procesador_principal,AMD Opteron 2427,hilos_procesador,6
Computadores,procesador_principal,AMD Opteron 2431,nucleos_procesador,6
Computadores,procesador_principal,AMD Opteron 2431,hilos_procesador,6
Computadores,procesador_principal,AMD Opteron 2435,nucleos_procesador,6
Computadores,procesador_principal,AMD Opteron 2435,hilos_procesador,6
Computadores,procesador_principal,AMD Opteron 254,nucleos_procesador,1
Computadores,procesador_principal,AMD Opteron 254,hilos_procesador,1
Computadores,procesador_principal,AMD Opteron 270,nucleos_procesador,2
Computadores,procesador_principal,AMD Opteron 270,hilos_procesador,2
Computadores,procesador_principal,AMD Opteron 275,nucleos_procesador,2
Computadores,procesador_principal,AMD Opteron 275,hilos_procesador,2
Computadores,procesador_principal,AMD Opteron 280,nucleos_procesador,2
Computadores,procesador_principal,AMD Opteron 280,hilos_procesador,2
Computadores,procesador_principal,AMD Opteron 285,nucleos_procesador,2
Computadores,procesador_principal,AMD Opteron 285,hilos_procesador,2
Computadores,procesador_principal,AMD Opteron 290,nucleos_procesador,2
Computadores,procesador_principal,AMD Opteron 290,hilos_procesador,2
Computadores,procesador_principal,AMD Opteron 4130,nucleos_procesador,4
Computadores,procesador_principal,AMD Opteron 4130,hilos_procesador,4
Computadores,procesador_principal,AMD Opteron 4162 EE,nucleos_procesador,6
Computadores,procesador_principal,AMD Opteron 4162 EE,hilos_procesador,6
Computadores,procesador_principal,AMD Opteron 4170 HE,nucleos_procesador,6
Computadores,procesador_principal,AMD Opteron 4170 HE,hilos_procesador,6
Computadores,procesador_principal,AMD Opteron 4174 HE,nucleos_procesador,6
Computadores,procesador_principal,AMD Opteron 4174 HE,hilos_procesador,6
Computadores,procesador_principal,AMD Opteron 4184,nucleos_procesador,6
Computadores,procesador_principal,AMD Opteron 4184,hilos_procesador,6
Computadores,procesador_principal,AMD Opteron 6128,nucleos_procesador,8
Computadores,procesador_principal,AMD Opteron 6128,hilos_procesador,8
Computadores,procesador_principal,AMD Opteron 6128 HE,nucleos_procesador,8
Computadores,procesador_principal,AMD Opteron 6128 HE,hilos_procesador,8
Computadores,procesador_principal,AMD Opteron 6134,nucleos_procesador,8
Computadores,procesador_principal,AMD Opteron 6134,hilos_procesador,8
Computadores,procesador_principal,AMD Opteron 6136,nucleos_procesador,8
Computadores,procesador_principal,AMD Opteron 6136,hilos_procesador,8
Computadores,procesador_principal,AMD Opteron 6164 HE,nucleos_procesador,12
Computadores,procesador_principal,AMD Opteron 6164 HE,hilos_procesador,12
Computadores,procesador_principal,AMD Opteron 6172,nucleos_procesador,12
Computadores,procesador_principal,AMD Opteron 6172,hilos_procesador,12
Computadores,procesador_principal,AMD Opteron 6174,nucleos_procesador,12
Computadores,procesador_principal,AMD Opteron 6174,hilos_procesador,12
Computadores,procesador_principal,AMD Opteron 6176 SE,nucleos_procesador,12
Computadores,procesador_principal,AMD Opteron 6176 SE,hilos_procesador,12
Computadores,procesador_principal,AMD Opteron 8356,nucleos_procesador,4
Computadores,procesador_principal,AMD Opteron 8356,hilos_procesador,4
Computadores,procesador_principal,AMD Opteron 8378,nucleos_procesador,4
Computadores,procesador_principal,AMD Opteron 8378,hilos_procesador,4
Computadores,procesador_principal,AMD Opteron 8439 SE,nucleos_procesador,6
Computadores,procesador_principal,AMD Opteron 8439 SE,hilos_procesador,6
Computadores,procesador_principal,AMD Opteron 885,nucleos_procesador,2
Computadores,procesador_principal,AMD Opteron 885,hilos_procesador,2
Computadores,procesador_principal,AMD Opteron X2170 APU,nucleos_procesador,4
Computadores,procesador_principal,AMD Opteron X2170 APU,hilos_procesador,4
Computadores,procesador_principal,AMD Phenom 8250 Triple-Core,nucleos_procesador,3
Computadores,procesador_principal,AMD Phenom 8250 Triple-Core,hilos_procesador,3
Computadores,procesador_principal,AMD Phenom 8400 Triple-Core,nucleos_procesador,3
Computadores,procesador_principal,AMD Phenom 8400 Triple-Core,hilos_procesador,3
Computadores,procesador_principal,AMD Phenom 8450 Triple-Core,nucleos_procesador,3
Computadores,procesador_principal,AMD Phenom 8450 Triple-Core,hilos_procesador,3
Computadores,procesador_principal,AMD Phenom 8600 Triple-Core,nucleos_procesador,3
Computadores,procesador_principal,AMD Phenom 8600 Triple-Core,hilos_procesador,3
Computadores,procesador_principal,AMD Phenom 8650 Triple-Core,nucleos_procesador,3
Computadores,procesador_principal,AMD Phenom 8650 Triple-Core,hilos_procesador,3
Computadores,procesador_principal,AMD Phenom 8750 Triple-Core,nucleos_procesador,3
Computadores,procesador_principal,AMD Phenom 8750 Triple-Core,hilos_procesador,3
Computadores,procesador_principal,AMD Phenom 8850 Triple-Core,nucleos_procesador,3
Computadores,procesador_principal,AMD Phenom 8850 Triple-Core,hilos_procesador,3
Computadores,procesador_principal,AMD Phenom 9100e Quad-Core,nucleos_procesador,4
Computadores,procesador_principal,AMD Phenom 9100e Quad-Core,hilos_procesador,4
Computadores,procesador_principal,AMD Phenom 9150e Quad-Core,nucleos_procesador,4
Computadores,procesador_principal,AMD Phenom 9150e Quad-Core,hilos_procesador,4
Computadores,procesador_principal,AMD Phenom 9350e Quad-Core,nucleos_procesador,4
Computadores,procesador_principal,AMD Phenom 9350e Quad-Core,hilos_procesador,4
Computadores,procesador_principal,AMD Phenom 9450e Quad-Core,nucleos_procesador,4
Computadores,procesador_principal,AMD Phenom 9450e Quad-Core,hilos_procesador,4
Computadores,procesador_principal,AMD Phenom 9500 Quad-Core,nucleos_procesador,4
Computadores,procesador_principal,AMD Phenom 9500 Quad-Core,hilos_procesador,4
Computadores,procesador_principal,AMD Phenom 9550 Quad-Core,nucleos_procesador,4
Computadores,procesador_principal,AMD Phenom 9550 Quad-Core,hilos_procesador,4
Computadores,procesador_principal,AMD Phenom 9600 Quad-Core,nucleos_procesador,4
Computadores,procesador_principal,AMD Phenom 9600 Quad-Core,hilos_procesador,4
Computadores,procesador_principal,AMD Phenom 9650 Quad-Core,nucleos_procesador,4
Computadores,procesador_principal,AMD Phenom 9650 Quad-Core,hilos_procesador,4
Computadores,procesador_principal,AMD Phenom 9750 Quad-Core,nucleos_procesador,4
Computadores,procesador_principal,AMD Phenom 9750 Quad-Core,hilos_procesador,4
Computadores,procesador_principal,AMD Phenom 9850 Quad-Core,nucleos_procesador,4
Computadores,procesador_principal,AMD Phenom 9850 Quad-Core,hilos_procesador,4
Computadores,procesador_principal,AMD Phenom 9950 Quad-Core,nucleos_procesador,4
Computadores,procesador_principal,AMD Phenom 9950 Quad-Core,hilos_procesador,4
Computadores,procesador_principal,AMD Phenom FX-5000 Quad-Core,nucleos_procesador,4
Computadores,procesador_principal,AMD Phenom FX-5000 Quad-Core,hilos_procesador,4
Computadores,procesador_principal,AMD Phenom FX-5200 Quad-Core,nucleos_procesador,4
Computadores,procesador_principal,AMD Phenom FX-5200 Quad-Core,hilos_procesador,4
Computadores,procesador_principal,AMD Phenom II N620 Dual-Core,nucleos_procesador,2
Computadores,procesador_principal,AMD Phenom II N620 Dual-Core,hilos_procesador,2
Computadores,procesador_principal,AMD Phenom II N640 Dual-Core,nucleos_procesador,2
Computadores,procesador_principal,AMD Phenom II N640 Dual-Core,hilos_procesador,2
Computadores,procesador_principal,AMD Phenom II N660 Dual-Core,nucleos_procesador,2
Computadores,procesador_principal,AMD Phenom II N660 Dual-Core,hilos_procesador,2
Computadores,procesador_principal,AMD Phenom II N830 3+1,nucleos_procesador,4
Computadores,procesador_principal,AMD Phenom II N830 3+1,hilos_procesador,4
Computadores,procesador_principal,AMD Phenom II N830 Triple-Core,nucleos_procesador,3
Computadores,procesador_principal,AMD Phenom II N830 Triple-Core,hilos_procesador,3
Computadores,procesador_principal,AMD Phenom II N850 Triple-Core,nucleos_procesador,3
Computadores,procesador_principal,AMD Phenom II N850 Triple-Core,hilos_procesador,3
Computadores,procesador_principal,AMD Phenom II N870 Triple-Core,nucleos_procesador,3
Computadores,procesador_principal,AMD Phenom II N870 Triple-Core,hilos_procesador,3
Computadores,procesador_principal,AMD Phenom II N930 Quad-Core,nucleos_procesador,4
Computadores,procesador_principal,AMD Phenom II N930 Quad-Core,hilos_procesador,4
Computadores,procesador_principal,AMD Phenom II N950 Quad-Core,nucleos_procesador,4
Computadores,procesador_principal,AMD Phenom II N950 Quad-Core,hilos_procesador,4
Computadores,procesador_principal,AMD Phenom II N970 Quad-Core,nucleos_procesador,4
Computadores,procesador_principal,AMD Phenom II N970 Quad-Core,hilos_procesador,4
Computadores,procesador_principal,AMD Phenom II P650 Dual-Core,nucleos_procesador,2
Computadores,procesador_principal,AMD Phenom II P650 Dual-Core,hilos_procesador,2
Computadores,procesador_principal,AMD Phenom II P820 Triple-Core,nucleos_procesador,3
Computadores,procesador_principal,AMD Phenom II P820 Triple-Core,hilos_procesador,3
Computadores,procesador_principal,AMD Phenom II P840 Triple-Core,nucleos_procesador,3
Computadores,procesador_principal,AMD Phenom II P840 Triple-Core,hilos_procesador,3
Computadores,procesador_principal,AMD Phenom II P860 Triple-Core,nucleos_procesador,3
Computadores,procesador_principal,AMD Phenom II P860 Triple-Core,hilos_procesador,3
Computadores,procesador_principal,AMD Phenom II P920 Quad-Core,nucleos_procesador,4
Computadores,procesador_principal,AMD Phenom II P920 Quad-Core,hilos_procesador,4
Computadores,procesador_principal,AMD Phenom II P940 Quad-Core,nucleos_procesador,4
Computadores,procesador_principal,AMD Phenom II P940 Quad-Core,hilos_procesador,4
Computadores,procesador_principal,AMD Phenom II P960 Quad-Core,nucleos_procesador,4
Computadores,procesador_principal,AMD Phenom II P960 Quad-Core,hilos_procesador,4
Computadores,procesador_principal,AMD Phenom II X2 511,nucleos_procesador,2
Computadores,procesador_principal,AMD Phenom II X2 511,hilos_procesador,2
Computadores,procesador_principal,AMD Phenom II X2 521,nucleos_procesador,2
Computadores,procesador_principal,AMD Phenom II X2 521,hilos_procesador,2
Computadores,procesador_principal,AMD Phenom II X2 545,nucleos_procesador,2
Computadores,procesador_principal,AMD Phenom II X2 545,hilos_procesador,2
Computadores,procesador_principal,AMD Phenom II X2 550,nucleos_procesador,2
Computadores,procesador_principal,AMD Phenom II X2 550,hilos_procesador,2
Computadores,procesador_principal,AMD Phenom II X2 555,nucleos_procesador,2
Computadores,procesador_principal,AMD Phenom II X2 555,hilos_procesador,2
Computadores,procesador_principal,AMD Phenom II X2 560,nucleos_procesador,2
Computadores,procesador_principal,AMD Phenom II X2 560,hilos_procesador,2
Computadores,procesador_principal,AMD Phenom II X2 565,nucleos_procesador,2
Computadores,procesador_principal,AMD Phenom II X2 565,hilos_procesador,2
Computadores,procesador_principal,AMD Phenom II X2 570,nucleos_procesador,2
Computadores,procesador_principal,AMD Phenom II X2 570,hilos_procesador,2
Computadores,procesador_principal,AMD Phenom II X2 B53,nucleos_procesador,2
Computadores,procesador_principal,AMD Phenom II X2 B53,hilos_procesador,2
Computadores,procesador_principal,AMD Phenom II X2 B55,nucleos_procesador,2
Computadores,procesador_principal,AMD Phenom II X2 B55,hilos_procesador,2
Computadores,procesador_principal,AMD Phenom II X2 B57,nucleos_procesador,2
Computadores,procesador_principal,AMD Phenom II X2 B57,hilos_procesador,2
Computadores,procesador_principal,AMD Phenom II X2 B59,nucleos_procesador,2
Computadores,procesador_principal,AMD Phenom II X2 B59,hilos_procesador,2
Computadores,procesador_principal,AMD Phenom II X3 700e,nucleos_procesador,3
Computadores,procesador_principal,AMD Phenom II X3 700e,hilos_procesador,3
Computadores,procesador_principal,AMD Phenom II X3 705e,nucleos_procesador,3
Computadores,procesador_principal,AMD Phenom II X3 705e,hilos_procesador,3
Computadores,procesador_principal,AMD Phenom II X3 710,nucleos_procesador,3
Computadores,procesador_principal,AMD Phenom II X3 710,hilos_procesador,3
Computadores,procesador_principal,AMD Phenom II X3 720,nucleos_procesador,3
Computadores,procesador_principal,AMD Phenom II X3 720,hilos_procesador,3
Computadores,procesador_principal,AMD Phenom II X3 740,nucleos_procesador,3
Computadores,procesador_principal,AMD Phenom II X3 740,hilos_procesador,3
Computadores,procesador_principal,AMD Phenom II X3 B73,nucleos_procesador,3
Computadores,procesador_principal,AMD Phenom II X3 B73,hilos_procesador,3
Computadores,procesador_principal,AMD Phenom II X3 B75,nucleos_procesador,3
Computadores,procesador_principal,AMD Phenom II X3 B75,hilos_procesador,3
Computadores,procesador_principal,AMD Phenom II X3 B77,nucleos_procesador,3
Computadores,procesador_principal,AMD Phenom II X3 B77,hilos_procesador,3
Computadores,procesador_principal,AMD Phenom II X4 805,nucleos_procesador,4
Computadores,procesador_principal,AMD Phenom II X4 805,hilos_procesador,4
Computadores,procesador_principal,AMD Phenom II X4 810,nucleos_procesador,4
Computadores,procesador_principal,AMD Phenom II X4 810,hilos_procesador,4
Computadores,procesador_principal,AMD Phenom II X4 820,nucleos_procesador,4
Computadores,procesador_principal,AMD Phenom II X4 820,hilos_procesador,4
Computadores,procesador_principal,AMD Phenom II X4 830,nucleos_procesador,4
Computadores,procesador_principal,AMD Phenom II X4 830,hilos_procesador,4
Computadores,procesador_principal,AMD Phenom II X4 840,nucleos_procesador,4
Computadores,procesador_principal,AMD Phenom II X4 840,hilos_procesador,4
Computadores,procesador_principal,AMD Phenom II X4 840T,nucleos_procesador,4
Computadores,procesador_principal,AMD Phenom II X4 840T,hilos_procesador,4
Computadores,procesador_principal,AMD Phenom II X4 850,nucleos_procesador,4
Computadores,procesador_principal,AMD Phenom II X4 850,hilos_procesador,4
Computadores,procesador_principal,AMD Phenom II X4 900e,nucleos_procesador,4
Computadores,procesador_principal,AMD Phenom II X4 900e,hilos_procesador,4
Computadores,procesador_principal,AMD Phenom II X4 905e,nucleos_procesador,4
Computadores,procesador_principal,AMD Phenom II X4 905e,hilos_procesador,4
Computadores,procesador_principal,AMD Phenom II X4 910,nucleos_procesador,4
Computadores,procesador_principal,AMD Phenom II X4 910,hilos_procesador,4
Computadores,procesador_principal,AMD Phenom II X4 910e,nucleos_procesador,4
Computadores,procesador_principal,AMD Phenom II X4 910e,hilos_procesador,4
Computadores,procesador_principal,AMD Phenom II X4 920,nucleos_procesador,4
Computadores,procesador_principal,AMD Phenom II X4 920,hilos_procesador,4
Computadores,procesador_principal,AMD Phenom II X4 925,nucleos_procesador,4
Computadores,procesador_principal,AMD Phenom II X4 925,hilos_procesador,4
Computadores,procesador_principal,AMD Phenom II X4 940,nucleos_procesador,4
Computadores,procesador_principal,AMD Phenom II X4 940,hilos_procesador,4
Computadores,procesador_principal,AMD Phenom II X4 945,nucleos_procesador,4
Computadores,procesador_principal,AMD Phenom II X4 945,hilos_procesador,4
Computadores,procesador_principal,AMD Phenom II X4 955,nucleos_procesador,4
Computadores,procesador_principal,AMD Phenom II X4 955,hilos_procesador,4
Computadores,procesador_principal,AMD Phenom II X4 960T,nucleos_procesador,4
Computadores,procesador_principal,AMD Phenom II X4 960T,hilos_procesador,4
Computadores,procesador_principal,AMD Phenom II X4 965,nucleos_procesador,4
Computadores,procesador_principal,AMD Phenom II X4 965,hilos_procesador,4
Computadores,procesador_principal,AMD Phenom II X4 970,nucleos_procesador,4
Computadores,procesador_principal,AMD Phenom II X4 970,hilos_procesador,4
Computadores,procesador_principal,AMD Phenom II X4 973,nucleos_procesador,4
Computadores,procesador_principal,AMD Phenom II X4 973,hilos_procesador,4
Computadores,procesador_principal,AMD Phenom II X4 975,nucleos_procesador,4
Computadores,procesador_principal,AMD Phenom II X4 975,hilos_procesador,4
Computadores,procesador_principal,AMD Phenom II X4 977,nucleos_procesador,4
Computadores,procesador_principal,AMD Phenom II X4 977,hilos_procesador,4
Computadores,procesador_principal,AMD Phenom II X4 980,nucleos_procesador,4
Computadores,procesador_principal,AMD Phenom II X4 980,hilos_procesador,4
Computadores,procesador_principal,AMD Phenom II X4 B05e,nucleos_procesador,4
Computadores,procesador_principal,AMD Phenom II X4 B05e,hilos_procesador,4
Computadores,procesador_principal,AMD Phenom II X4 B15e,nucleos_procesador,4
Computadores,procesador_principal,AMD Phenom II X4 B15e,hilos_procesador,4
Computadores,procesador_principal,AMD Phenom II X4 B25,nucleos_procesador,4
Computadores,procesador_principal,AMD Phenom II X4 B25,hilos_procesador,4
Computadores,procesador_principal,AMD Phenom II X4 B35,nucleos_procesador,4
Computadores,procesador_principal,AMD Phenom II X4 B35,hilos_procesador,4
Computadores,procesador_principal,AMD Phenom II X4 B40,nucleos_procesador,4
Computadores,procesador_principal,AMD Phenom II X4 B40,hilos_procesador,4
Computadores,procesador_principal,AMD Phenom II X4 B45,nucleos_procesador,4
Computadores,procesador_principal,AMD Phenom II X4 B45,hilos_procesador,4
Computadores,procesador_principal,AMD Phenom II X4 B50,nucleos_procesador,4
Computadores,procesador_principal,AMD Phenom II X4 B50,hilos_procesador,4
Computadores,procesador_principal,AMD Phenom II X4 B55,nucleos_procesador,4
Computadores,procesador_principal,AMD Phenom II X4 B55,hilos_procesador,4
Computadores,procesador_principal,AMD Phenom II X4 B60,nucleos_procesador,4
Computadores,procesador_principal,AMD Phenom II X4 B60,hilos_procesador,4
Computadores,procesador_principal,AMD Phenom II X4 B65,nucleos_procesador,4
Computadores,procesador_principal,AMD Phenom II X4 B65,hilos_procesador,4
Computadores,procesador_principal,AMD Phenom II X4 B70,nucleos_procesador,4
Computadores,procesador_principal,AMD Phenom II X4 B70,hilos_procesador,4
Computadores,procesador_principal,AMD Phenom II X4 B93,nucleos_procesador,4
Computadores,procesador_principal,AMD Phenom II X4 B93,hilos_procesador,4
Computadores,procesador_principal,AMD Phenom II X4 B95,nucleos_procesador,4
Computadores,procesador_principal,AMD Phenom II X4 B95,hilos_procesador,4
Computadores,procesador_principal,AMD Phenom II X4 B97,nucleos_procesador,4
Computadores,procesador_principal,AMD Phenom II X4 B97,hilos_procesador,4
Computadores,procesador_principal,AMD Phenom II X4 B99,nucleos_procesador,4
Computadores,procesador_principal,AMD Phenom II X4 B99,hilos_procesador,4
Computadores,procesador_principal,AMD Phenom II X6 1035T,nucleos_procesador,6
Computadores,procesador_principal,AMD Phenom II X6 1035T,hilos_procesador,6
Computadores,procesador_principal,AMD Phenom II X6 1045T,nucleos_procesador,6
Computadores,procesador_principal,AMD Phenom II X6 1045T,hilos_procesador,6
Computadores,procesador_principal,AMD Phenom II X6 1055T,nucleos_procesador,6
Computadores,procesador_principal,AMD Phenom II X6 1055T,hilos_procesador,6
Computadores,procesador_principal,AMD Phenom II X6 1065T,nucleos_procesador,6
Computadores,procesador_principal,AMD Phenom II X6 1065T,hilos_procesador,6
Computadores,procesador_principal,AMD Phenom II X6 1075T,nucleos_procesador,6
Computadores,procesador_principal,AMD Phenom II X6 1075T,hilos_procesador,6
Computadores,procesador_principal,AMD Phenom II X6 1090T,nucleos_procesador,6
Computadores,procesador_principal,AMD Phenom II X6 1090T,hilos_procesador,6
Computadores,procesador_principal,AMD Phenom II X6 1100T,nucleos_procesador,6
Computadores,procesador_principal,AMD Phenom II X6 1100T,hilos_procesador,6
Computadores,procesador_principal,AMD Phenom II X6 1405T,nucleos_procesador,6
Computadores,procesador_principal,AMD Phenom II X6 1405T,hilos_procesador,6
Computadores,procesador_principal,AMD Phenom II X620 Dual-Core,nucleos_procesador,2
Computadores,procesador_principal,AMD Phenom II X620 Dual-Core,hilos_procesador,2
Computadores,procesador_principal,AMD Phenom II X640 Dual-Core,nucleos_procesador,2
Computadores,procesador_principal,AMD Phenom II X640 Dual-Core,hilos_procesador,2
Computadores,procesador_principal,AMD Phenom II X920 Quad-Core,nucleos_procesador,4
Computadores,procesador_principal,AMD Phenom II X920 Quad-Core,hilos_procesador,4
Computadores,procesador_principal,AMD Phenom II X940 Quad-Core,nucleos_procesador,4
Computadores,procesador_principal,AMD Phenom II X940 Quad-Core,hilos_procesador,4
Computadores,procesador_principal,AMD Phenom X2 Dual-Core GE-5060,nucleos_procesador,2
Computadores,procesador_principal,AMD Phenom X2 Dual-Core GE-5060,hilos_procesador,2
Computadores,procesador_principal,AMD Phenom X2 Dual-Core GE-6060,nucleos_procesador,2
Computadores,procesador_principal,AMD Phenom X2 Dual-Core GE-6060,hilos_procesador,2
Computadores,procesador_principal,AMD Phenom X2 Dual-Core GE-7060,nucleos_procesador,2
Computadores,procesador_principal,AMD Phenom X2 Dual-Core GE-7060,hilos_procesador,2
Computadores,procesador_principal,AMD Phenom X2 Dual-Core GP-7730,nucleos_procesador,2
Computadores,procesador_principal,AMD Phenom X2 Dual-Core GP-7730,hilos_procesador,2
Computadores,procesador_principal,AMD Phenom X3 8550,nucleos_procesador,3
Computadores,procesador_principal,AMD Phenom X3 8550,hilos_procesador,3
Computadores,procesador_principal,AMD Phenom X4 Quad-Core GP-9500,nucleos_procesador,4
Computadores,procesador_principal,AMD Phenom X4 Quad-Core GP-9500,hilos_procesador,4
Computadores,procesador_principal,AMD Phenom X4 Quad-Core GP-9530,nucleos_procesador,4
Computadores,procesador_principal,AMD Phenom X4 Quad-Core GP-9530,hilos_procesador,4
Computadores,procesador_principal,AMD Phenom X4 Quad-Core GP-9600,nucleos_procesador,4
Computadores,procesador_principal,AMD Phenom X4 Quad-Core GP-9600,hilos_procesador,4
Computadores,procesador_principal,AMD Phenom X4 Quad-Core GP-9730,nucleos_procesador,4
Computadores,procesador_principal,AMD Phenom X4 Quad-Core GP-9730,hilos_procesador,4
Computadores,procesador_principal,AMD Phenom X4 Quad-Core GS-6560,nucleos_procesador,4
Computadores,procesador_principal,AMD Phenom X4 Quad-Core GS-6560,hilos_procesador,4
Computadores,procesador_principal,AMD QC-4000,nucleos_procesador,4
Computadores,procesador_principal,AMD QC-4000,hilos_procesador,4
Computadores,procesador_principal,AMD Ryzen 3 1200,nucleos_procesador,4
Computadores,procesador_principal,AMD Ryzen 3 1200,hilos_procesador,4
Computadores,procesador_principal,AMD Ryzen 3 1300X,nucleos_procesador,4
Computadores,procesador_principal,AMD Ryzen 3 1300X,hilos_procesador,4
Computadores,procesador_principal,AMD Ryzen 3 210,nucleos_procesador,4
Computadores,procesador_principal,AMD Ryzen 3 210,hilos_procesador,8
Computadores,procesador_principal,AMD Ryzen 3 2200G,nucleos_procesador,4
Computadores,procesador_principal,AMD Ryzen 3 2200G,hilos_procesador,4
Computadores,procesador_principal,AMD Ryzen 3 2200GE,nucleos_procesador,4
Computadores,procesador_principal,AMD Ryzen 3 2200GE,hilos_procesador,4
Computadores,procesador_principal,AMD Ryzen 3 2200U,nucleos_procesador,2
Computadores,procesador_principal,AMD Ryzen 3 2200U,hilos_procesador,4
Computadores,procesador_principal,AMD Ryzen 3 2300U,nucleos_procesador,4
Computadores,procesador_principal,AMD Ryzen 3 2300U,hilos_procesador,4
Computadores,procesador_principal,AMD Ryzen 3 2300X,nucleos_procesador,4
Computadores,procesador_principal,AMD Ryzen 3 2300X,hilos_procesador,4
Computadores,procesador_principal,AMD Ryzen 3 3100,nucleos_procesador,4
Computadores,procesador_principal,AMD Ryzen 3 3100,hilos_procesador,8
Computadores,procesador_principal,AMD Ryzen 3 3200G,nucleos_procesador,4
Computadores,procesador_principal,AMD Ryzen 3 3200G,hilos_procesador,4
Computadores,procesador_principal,AMD Ryzen 3 3200GE,nucleos_procesador,4
Computadores,procesador_principal,AMD Ryzen 3 3200GE,hilos_procesador,4
Computadores,procesador_principal,AMD Ryzen 3 3200U,nucleos_procesador,2
Computadores,procesador_principal,AMD Ryzen 3 3200U,hilos_procesador,4
Computadores,procesador_principal,AMD Ryzen 3 3250C,nucleos_procesador,2
Computadores,procesador_principal,AMD Ryzen 3 3250C,hilos_procesador,4
Computadores,procesador_principal,AMD Ryzen 3 3250U,nucleos_procesador,2
Computadores,procesador_principal,AMD Ryzen 3 3250U,hilos_procesador,4
Computadores,procesador_principal,AMD Ryzen 3 3300U,nucleos_procesador,4
Computadores,procesador_principal,AMD Ryzen 3 3300U,hilos_procesador,4
Computadores,procesador_principal,AMD Ryzen 3 3300X,nucleos_procesador,4
Computadores,procesador_principal,AMD Ryzen 3 3300X,hilos_procesador,8
Computadores,procesador_principal,AMD Ryzen 3 3350U,nucleos_procesador,4
Computadores,procesador_principal,AMD Ryzen 3 3350U,hilos_procesador,4
Computadores,procesador_principal,AMD Ryzen 3 4100,nucleos_procesador,4
Computadores,procesador_principal,AMD Ryzen 3 4100,hilos_procesador,8
Computadores,procesador_principal,AMD Ryzen 3 4300G,nucleos_procesador,4
Computadores,procesador_principal,AMD Ryzen 3 4300G,hilos_procesador,8
Computadores,procesador_principal,AMD Ryzen 3 4300GE,nucleos_procesador,4
Computadores,procesador_principal,AMD Ryzen 3 4300GE,hilos_procesador,8
Computadores,procesador_principal,AMD Ryzen 3 4300U,nucleos_procesador,4
Computadores,procesador_principal,AMD Ryzen 3 4300U,hilos_procesador,4
Computadores,procesador_principal,AMD Ryzen 3 5300G,nucleos_procesador,4
Computadores,procesador_principal,AMD Ryzen 3 5300G,hilos_procesador,8
Computadores,procesador_principal,AMD Ryzen 3 5300GE,nucleos_procesador,4
Computadores,procesador_principal,AMD Ryzen 3 5300GE,hilos_procesador,8
Computadores,procesador_principal,AMD Ryzen 3 5300U,nucleos_procesador,4
Computadores,procesador_principal,AMD Ryzen 3 5300U,hilos_procesador,8
Computadores,procesador_principal,AMD Ryzen 3 5400U,nucleos_procesador,4
Computadores,procesador_principal,AMD Ryzen 3 5400U,hilos_procesador,8
Computadores,procesador_principal,AMD Ryzen 3 5425U,nucleos_procesador,4
Computadores,procesador_principal,AMD Ryzen 3 5425U,hilos_procesador,8
Computadores,procesador_principal,AMD Ryzen 3 7320C,nucleos_procesador,4
Computadores,procesador_principal,AMD Ryzen 3 7320C,hilos_procesador,8
Computadores,procesador_principal,AMD Ryzen 3 7320U,nucleos_procesador,4
Computadores,procesador_principal,AMD Ryzen 3 7320U,hilos_procesador,8
Computadores,procesador_principal,AMD Ryzen 3 7330U,nucleos_procesador,4
Computadores,procesador_principal,AMD Ryzen 3 7330U,hilos_procesador,8
Computadores,procesador_principal,AMD Ryzen 3 7335U,nucleos_procesador,4
Computadores,procesador_principal,AMD Ryzen 3 7335U,hilos_procesador,8
Computadores,procesador_principal,AMD Ryzen 3 7440U,nucleos_procesador,4
Computadores,procesador_principal,AMD Ryzen 3 7440U,hilos_procesador,8
Computadores,procesador_principal,AMD Ryzen 3 8300G,nucleos_procesador,4
Computadores,procesador_principal,AMD Ryzen 3 8300G,hilos_procesador,8
Computadores,procesador_principal,AMD Ryzen 3 8300GE,nucleos_procesador,4
Computadores,procesador_principal,AMD Ryzen 3 8300GE,hilos_procesador,8
Computadores,procesador_principal,AMD Ryzen 3 8440U,nucleos_procesador,4
Computadores,procesador_principal,AMD Ryzen 3 8440U,hilos_procesador,8
Computadores,procesador_principal,AMD Ryzen 5 1400,nucleos_procesador,4
Computadores,procesador_principal,AMD Ryzen 5 1400,hilos_procesador,8
Computadores,procesador_principal,AMD Ryzen 5 1500X,nucleos_procesador,4
Computadores,procesador_principal,AMD Ryzen 5 1500X,hilos_procesador,8
Computadores,procesador_principal,AMD Ryzen 5 1600,nucleos_procesador,6
Computadores,procesador_principal,AMD Ryzen 5 1600,hilos_procesador,12
Computadores,procesador_principal,AMD Ryzen 5 1600X,nucleos_procesador,6
Computadores,procesador_principal,AMD Ryzen 5 1600X,hilos_procesador,12
Computadores,procesador_principal,AMD Ryzen 5 220,nucleos_procesador,6
Computadores,procesador_principal,AMD Ryzen 5 220,hilos_procesador,12
Computadores,procesador_principal,AMD Ryzen 5 230,nucleos_procesador,6
Computadores,procesador_principal,AMD Ryzen 5 230,hilos_procesador,12
Computadores,procesador_principal,AMD Ryzen 5 240,nucleos_procesador,6
Computadores,procesador_principal,AMD Ryzen 5 240,hilos_procesador,12
Computadores,procesador_principal,AMD Ryzen 5 2400G,nucleos_procesador,4
Computadores,procesador_principal,AMD Ryzen 5 2400G,hilos_procesador,8
Computadores,procesador_principal,AMD Ryzen 5 2400GE,nucleos_procesador,4
Computadores,procesador_principal,AMD Ryzen 5 2400GE,hilos_procesador,8
Computadores,procesador_principal,AMD Ryzen 5 2500U,nucleos_procesador,4
Computadores,procesador_principal,AMD Ryzen 5 2500U,hilos_procesador,8
Computadores,procesador_principal,AMD Ryzen 5 2500X,nucleos_procesador,4
Computadores,procesador_principal,AMD Ryzen 5 2500X,hilos_procesador,8
Computadores,procesador_principal,AMD Ryzen 5 2600,nucleos_procesador,6
Computadores,procesador_principal,AMD Ryzen 5 2600,hilos_procesador,12
Computadores,procesador_principal,AMD Ryzen 5 2600E,nucleos_procesador,6
Computadores,procesador_principal,AMD Ryzen 5 2600E,hilos_procesador,12
Computadores,procesador_principal,AMD Ryzen 5 2600H,nucleos_procesador,4
Computadores,procesador_principal,AMD Ryzen 5 2600H,hilos_procesador,8
Computadores,procesador_principal,AMD Ryzen 5 2600X,nucleos_procesador,6
Computadores,procesador_principal,AMD Ryzen 5 2600X,hilos_procesador,12
Computadores,procesador_principal,AMD Ryzen 5 3350G,nucleos_procesador,4
Computadores,procesador_principal,AMD Ryzen 5 3350G,hilos_procesador,8
Computadores,procesador_principal,AMD Ryzen 5 3350GE,nucleos_procesador,4
Computadores,procesador_principal,AMD Ryzen 5 3350GE,hilos_procesador,8
Computadores,procesador_principal,AMD Ryzen 5 3400G,nucleos_procesador,4
Computadores,procesador_principal,AMD Ryzen 5 3400G,hilos_procesador,8
Computadores,procesador_principal,AMD Ryzen 5 3400GE,nucleos_procesador,4
Computadores,procesador_principal,AMD Ryzen 5 3400GE,hilos_procesador,8
Computadores,procesador_principal,AMD Ryzen 5 3450U,nucleos_procesador,4
Computadores,procesador_principal,AMD Ryzen 5 3450U,hilos_procesador,8
Computadores,procesador_principal,AMD Ryzen 5 3500,nucleos_procesador,6
Computadores,procesador_principal,AMD Ryzen 5 3500,hilos_procesador,6
Computadores,procesador_principal,AMD Ryzen 5 3500C,nucleos_procesador,4
Computadores,procesador_principal,AMD Ryzen 5 3500C,hilos_procesador,8
Computadores,procesador_principal,AMD Ryzen 5 3500U,nucleos_procesador,4
Computadores,procesador_principal,AMD Ryzen 5 3500U,hilos_procesador,8
Computadores,procesador_principal,AMD Ryzen 5 3500X,nucleos_procesador,6
Computadores,procesador_principal,AMD Ryzen 5 3500X,hilos_procesador,6
Computadores,procesador_principal,AMD Ryzen 5 3550H,nucleos_procesador,4
Computadores,procesador_principal,AMD Ryzen 5 3550H,hilos_procesador,8
Computadores,procesador_principal,AMD Ryzen 5 3550U,nucleos_procesador,4
Computadores,procesador_principal,AMD Ryzen 5 3550U,hilos_procesador,8
Computadores,procesador_principal,AMD Ryzen 5 3580U,nucleos_procesador,4
Computadores,procesador_principal,AMD Ryzen 5 3580U,hilos_procesador,8
Computadores,procesador_principal,AMD Ryzen 5 3600,nucleos_procesador,6
Computadores,procesador_principal,AMD Ryzen 5 3600,hilos_procesador,12
Computadores,procesador_principal,AMD Ryzen 5 3600X,nucleos_procesador,6
Computadores,procesador_principal,AMD Ryzen 5 3600X,hilos_procesador,12
Computadores,procesador_principal,AMD Ryzen 5 3600XT,nucleos_procesador,6
Computadores,procesador_principal,AMD Ryzen 5 3600XT,hilos_procesador,12
Computadores,procesador_principal,AMD Ryzen 5 4400G,nucleos_procesador,6
Computadores,procesador_principal,AMD Ryzen 5 4400G,hilos_procesador,12
Computadores,procesador_principal,AMD Ryzen 5 4500,nucleos_procesador,6
Computadores,procesador_principal,AMD Ryzen 5 4500,hilos_procesador,12
Computadores,procesador_principal,AMD Ryzen 5 4500U,nucleos_procesador,6
Computadores,procesador_principal,AMD Ryzen 5 4500U,hilos_procesador,6
Computadores,procesador_principal,AMD Ryzen 5 4600G,nucleos_procesador,6
Computadores,procesador_principal,AMD Ryzen 5 4600G,hilos_procesador,12
Computadores,procesador_principal,AMD Ryzen 5 4600GE,nucleos_procesador,6
Computadores,procesador_principal,AMD Ryzen 5 4600GE,hilos_procesador,12
Computadores,procesador_principal,AMD Ryzen 5 4600H,nucleos_procesador,6
Computadores,procesador_principal,AMD Ryzen 5 4600H,hilos_procesador,12
Computadores,procesador_principal,AMD Ryzen 5 4600HS,nucleos_procesador,6
Computadores,procesador_principal,AMD Ryzen 5 4600HS,hilos_procesador,12
Computadores,procesador_principal,AMD Ryzen 5 4600U,nucleos_procesador,6
Computadores,procesador_principal,AMD Ryzen 5 4600U,hilos_procesador,12
Computadores,procesador_principal,AMD Ryzen 5 5500,nucleos_procesador,6
Computadores,procesador_principal,AMD Ryzen 5 5500,hilos_procesador,12
Computadores,procesador_principal,AMD Ryzen 5 5500GT,nucleos_procesador,6
Computadores,procesador_principal,AMD Ryzen 5 5500GT,hilos_procesador,12
Computadores,procesador_principal,AMD Ryzen 5 5500U,nucleos_procesador,6
Computadores,procesador_principal,AMD Ryzen 5 5500U,hilos_procesador,12
Computadores,procesador_principal,AMD Ryzen 5 5560U,nucleos_procesador,6
Computadores,procesador_principal,AMD Ryzen 5 5560U,hilos_procesador,12
Computadores,procesador_principal,AMD Ryzen 5 5600,nucleos_procesador,6
Computadores,procesador_principal,AMD Ryzen 5 5600,hilos_procesador,12
Computadores,procesador_principal,AMD Ryzen 5 5600G,nucleos_procesador,6
Computadores,procesador_principal,AMD Ryzen 5 5600G,hilos_procesador,12
Computadores,procesador_principal,AMD Ryzen 5 5600GE,nucleos_procesador,6
Computadores,procesador_principal,AMD Ryzen 5 5600GE,hilos_procesador,12
Computadores,procesador_principal,AMD Ryzen 5 5600GT,nucleos_procesador,6
Computadores,procesador_principal,AMD Ryzen 5 5600GT,hilos_procesador,12
Computadores,procesador_principal,AMD Ryzen 5 5600H,nucleos_procesador,6
Computadores,procesador_principal,AMD Ryzen 5 5600H,hilos_procesador,12
Computadores,procesador_principal,AMD Ryzen 5 5600U,nucleos_procesador,6
Computadores,procesador_principal,AMD Ryzen 5 5600U,hilos_procesador,12
Computadores,procesador_principal,AMD Ryzen 5 5600X,nucleos_procesador,6
Computadores,procesador_principal,AMD Ryzen 5 5600X,hilos_procesador,12
Computadores,procesador_principal,AMD Ryzen 5 5600X3D,nucleos_procesador,6
Computadores,procesador_principal,AMD Ryzen 5 5600X3D,hilos_procesador,12
Computadores,procesador_principal,AMD Ryzen 5 5600XT,nucleos_procesador,6
Computadores,procesador_principal,AMD Ryzen 5 5600XT,hilos_procesador,12
Computadores,procesador_principal,AMD Ryzen 5 5625U,nucleos_procesador,6
Computadores,procesador_principal,AMD Ryzen 5 5625U,hilos_procesador,12
Computadores,procesador_principal,AMD Ryzen 5 6600H,nucleos_procesador,6
Computadores,procesador_principal,AMD Ryzen 5 6600H,hilos_procesador,12
Computadores,procesador_principal,AMD Ryzen 5 6600HS Creator Edition,nucleos_procesador,6
Computadores,procesador_principal,AMD Ryzen 5 6600HS Creator Edition,hilos_procesador,12
Computadores,procesador_principal,AMD Ryzen 5 6600U,nucleos_procesador,6
Computadores,procesador_principal,AMD Ryzen 5 6600U,hilos_procesador,12
Computadores,procesador_principal,AMD Ryzen 5 7235HS,nucleos_procesador,4
Computadores,procesador_principal,AMD Ryzen 5 7235HS,hilos_procesador,8
Computadores,procesador_principal,AMD Ryzen 5 7400F,nucleos_procesador,6
Computadores,procesador_principal,AMD Ryzen 5 7400F,hilos_procesador,12
Computadores,procesador_principal,AMD Ryzen 5 7500F,nucleos_procesador,6
Computadores,procesador_principal,AMD Ryzen 5 7500F,hilos_procesador,12
Computadores,procesador_principal,AMD Ryzen 5 7520U,nucleos_procesador,4
Computadores,procesador_principal,AMD Ryzen 5 7520U,hilos_procesador,8
Computadores,procesador_principal,AMD Ryzen 5 7530U,nucleos_procesador,6
Computadores,procesador_principal,AMD Ryzen 5 7530U,hilos_procesador,12
Computadores,procesador_principal,AMD Ryzen 5 7533HS,nucleos_procesador,6
Computadores,procesador_principal,AMD Ryzen 5 7533HS,hilos_procesador,12
Computadores,procesador_principal,AMD Ryzen 5 7535HS,nucleos_procesador,6
Computadores,procesador_principal,AMD Ryzen 5 7535HS,hilos_procesador,12
Computadores,procesador_principal,AMD Ryzen 5 7535U,nucleos_procesador,6
Computadores,procesador_principal,AMD Ryzen 5 7535U,hilos_procesador,12
Computadores,procesador_principal,AMD Ryzen 5 7540U,nucleos_procesador,6
Computadores,procesador_principal,AMD Ryzen 5 7540U,hilos_procesador,12
Computadores,procesador_principal,AMD Ryzen 5 7600,nucleos_procesador,6
Computadores,procesador_principal,AMD Ryzen 5 7600,hilos_procesador,12
Computadores,procesador_principal,AMD Ryzen 5 7600X,nucleos_procesador,6
Computadores,procesador_principal,AMD Ryzen 5 7600X,hilos_procesador,12
Computadores,procesador_principal,AMD Ryzen 5 7600X3D,nucleos_procesador,6
Computadores,procesador_principal,AMD Ryzen 5 7600X3D,hilos_procesador,12
Computadores,procesador_principal,AMD Ryzen 5 7640HS,nucleos_procesador,6
Computadores,procesador_principal,AMD Ryzen 5 7640HS,hilos_procesador,12
Computadores,procesador_principal,AMD Ryzen 5 7640U,nucleos_procesador,6
Computadores,procesador_principal,AMD Ryzen 5 7640U,hilos_procesador,12
Computadores,procesador_principal,AMD Ryzen 5 7645HX,nucleos_procesador,6
Computadores,procesador_principal,AMD Ryzen 5 7645HX,hilos_procesador,12
Computadores,procesador_principal,AMD Ryzen 5 8400F,nucleos_procesador,6
Computadores,procesador_principal,AMD Ryzen 5 8400F,hilos_procesador,12
Computadores,procesador_principal,AMD Ryzen 5 8500G,nucleos_procesador,6
Computadores,procesador_principal,AMD Ryzen 5 8500G,hilos_procesador,12
Computadores,procesador_principal,AMD Ryzen 5 8500GE,nucleos_procesador,6
Computadores,procesador_principal,AMD Ryzen 5 8500GE,hilos_procesador,12
Computadores,procesador_principal,AMD Ryzen 5 8540U,nucleos_procesador,6
Computadores,procesador_principal,AMD Ryzen 5 8540U,hilos_procesador,12
Computadores,procesador_principal,AMD Ryzen 5 8600G,nucleos_procesador,6
Computadores,procesador_principal,AMD Ryzen 5 8600G,hilos_procesador,12
Computadores,procesador_principal,AMD Ryzen 5 8640HS,nucleos_procesador,6
Computadores,procesador_principal,AMD Ryzen 5 8640HS,hilos_procesador,12
Computadores,procesador_principal,AMD Ryzen 5 8640U,nucleos_procesador,6
Computadores,procesador_principal,AMD Ryzen 5 8640U,hilos_procesador,12
Computadores,procesador_principal,AMD Ryzen 5 8645HS,nucleos_procesador,6
Computadores,procesador_principal,AMD Ryzen 5 8645HS,hilos_procesador,12
Computadores,procesador_principal,AMD Ryzen 5 9600X,nucleos_procesador,6
Computadores,procesador_principal,AMD Ryzen 5 9600X,hilos_procesador,12
Computadores,procesador_principal,AMD Ryzen 7 1700,nucleos_procesador,8
Computadores,procesador_principal,AMD Ryzen 7 1700,hilos_procesador,16
Computadores,procesador_principal,AMD Ryzen 7 1700X,nucleos_procesador,8
Computadores,procesador_principal,AMD Ryzen 7 1700X,hilos_procesador,16
Computadores,procesador_principal,AMD Ryzen 7 1800X,nucleos_procesador,8
Computadores,procesador_principal,AMD Ryzen 7 1800X,hilos_procesador,16
Computadores,procesador_principal,AMD Ryzen 7 250,nucleos_procesador,8
Computadores,procesador_principal,AMD Ryzen 7 250,hilos_procesador,16
Computadores,procesador_principal,AMD Ryzen 7 260,nucleos_procesador,8
Computadores,procesador_principal,AMD Ryzen 7 260,hilos_procesador,16
Computadores,procesador_principal,AMD Ryzen 7 2700,nucleos_procesador,8
Computadores,procesador_principal,AMD Ryzen 7 2700,hilos_procesador,16
Computadores,procesador_principal,AMD Ryzen 7 2700E,nucleos_procesador,8
Computadores,procesador_principal,AMD Ryzen 7 2700E,hilos_procesador,16
Computadores,procesador_principal,AMD Ryzen 7 2700U,nucleos_procesador,4
Computadores,procesador_principal,AMD Ryzen 7 2700U,hilos_procesador,8
Computadores,procesador_principal,AMD Ryzen 7 2700X,nucleos_procesador,8
Computadores,procesador_principal,AMD Ryzen 7 2700X,hilos_procesador,16
Computadores,procesador_principal,AMD Ryzen 7 2800H,nucleos_procesador,4
Computadores,procesador_principal,AMD Ryzen 7 2800H,hilos_procesador,8
Computadores,procesador_principal,AMD Ryzen 7 3700C,nucleos_procesador,4
Computadores,procesador_principal,AMD Ryzen 7 3700C,hilos_procesador,8
Computadores,procesador_principal,AMD Ryzen 7 3700U,nucleos_procesador,4
Computadores,procesador_principal,AMD Ryzen 7 3700U,hilos_procesador,8
Computadores,procesador_principal,AMD Ryzen 7 3700X,nucleos_procesador,8
Computadores,procesador_principal,AMD Ryzen 7 3700X,hilos_procesador,16
Computadores,procesador_principal,AMD Ryzen 7 3750H,nucleos_procesador,4
Computadores,procesador_principal,AMD Ryzen 7 3750H,hilos_procesador,8
Computadores,procesador_principal,AMD Ryzen 7 3780U,nucleos_procesador,4
Computadores,procesador_principal,AMD Ryzen 7 3780U,hilos_procesador,8
Computadores,procesador_principal,AMD Ryzen 7 3800X,nucleos_procesador,8
Computadores,procesador_principal,AMD Ryzen 7 3800X,hilos_procesador,16
Computadores,procesador_principal,AMD Ryzen 7 3800XT,nucleos_procesador,8
Computadores,procesador_principal,AMD Ryzen 7 3800XT,hilos_procesador,16
Computadores,procesador_principal,AMD Ryzen 7 4700G,nucleos_procesador,8
Computadores,procesador_principal,AMD Ryzen 7 4700G,hilos_procesador,16
Computadores,procesador_principal,AMD Ryzen 7 4700GE,nucleos_procesador,8
Computadores,procesador_principal,AMD Ryzen 7 4700GE,hilos_procesador,16
Computadores,procesador_principal,AMD Ryzen 7 4700U,nucleos_procesador,8
Computadores,procesador_principal,AMD Ryzen 7 4700U,hilos_procesador,8
Computadores,procesador_principal,AMD Ryzen 7 4800H,nucleos_procesador,8
Computadores,procesador_principal,AMD Ryzen 7 4800H,hilos_procesador,16
Computadores,procesador_principal,AMD Ryzen 7 4800HS,nucleos_procesador,8
Computadores,procesador_principal,AMD Ryzen 7 4800HS,hilos_procesador,16
Computadores,procesador_principal,AMD Ryzen 7 4800U,nucleos_procesador,8
Computadores,procesador_principal,AMD Ryzen 7 4800U,hilos_procesador,16
Computadores,procesador_principal,AMD Ryzen 7 4850U Mobile,nucleos_procesador,8
Computadores,procesador_principal,AMD Ryzen 7 4850U Mobile,hilos_procesador,16
Computadores,procesador_principal,AMD Ryzen 7 4980U Microsoft Surface Edition,nucleos_procesador,8
Computadores,procesador_principal,AMD Ryzen 7 4980U Microsoft Surface Edition,hilos_procesador,16
Computadores,procesador_principal,AMD Ryzen 7 5700,nucleos_procesador,8
Computadores,procesador_principal,AMD Ryzen 7 5700,hilos_procesador,16
Computadores,procesador_principal,AMD Ryzen 7 5700G,nucleos_procesador,8
Computadores,procesador_principal,AMD Ryzen 7 5700G,hilos_procesador,16
Computadores,procesador_principal,AMD Ryzen 7 5700GE,nucleos_procesador,8
Computadores,procesador_principal,AMD Ryzen 7 5700GE,hilos_procesador,16
Computadores,procesador_principal,AMD Ryzen 7 5700U,nucleos_procesador,8
Computadores,procesador_principal,AMD Ryzen 7 5700U,hilos_procesador,16
Computadores,procesador_principal,AMD Ryzen 7 5700X,nucleos_procesador,8
Computadores,procesador_principal,AMD Ryzen 7 5700X,hilos_procesador,16
Computadores,procesador_principal,AMD Ryzen 7 5700X3D,nucleos_procesador,8
Computadores,procesador_principal,AMD Ryzen 7 5700X3D,hilos_procesador,16
Computadores,procesador_principal,AMD Ryzen 7 5800,nucleos_procesador,8
Computadores,procesador_principal,AMD Ryzen 7 5800,hilos_procesador,16
Computadores,procesador_principal,AMD Ryzen 7 5800H,nucleos_procesador,8
Computadores,procesador_principal,AMD Ryzen 7 5800H,hilos_procesador,16
Computadores,procesador_principal,AMD Ryzen 7 5800HS,nucleos_procesador,8
Computadores,procesador_principal,AMD Ryzen 7 5800HS,hilos_procesador,16
Computadores,procesador_principal,AMD Ryzen 7 5800HS Creator Edition,nucleos_procesador,8
Computadores,procesador_principal,AMD Ryzen 7 5800HS Creator Edition,hilos_procesador,16
Computadores,procesador_principal,AMD Ryzen 7 5800U,nucleos_procesador,8
Computadores,procesador_principal,AMD Ryzen 7 5800U,hilos_procesador,16
Computadores,procesador_principal,AMD Ryzen 7 5800X,nucleos_procesador,8
Computadores,procesador_principal,AMD Ryzen 7 5800X,hilos_procesador,16
Computadores,procesador_principal,AMD Ryzen 7 5800X3D,nucleos_procesador,8
Computadores,procesador_principal,AMD Ryzen 7 5800X3D,hilos_procesador,16
Computadores,procesador_principal,AMD Ryzen 7 5800XT,nucleos_procesador,8
Computadores,procesador_principal,AMD Ryzen 7 5800XT,hilos_procesador,16
Computadores,procesador_principal,AMD Ryzen 7 5825C,nucleos_procesador,8
Computadores,procesador_principal,AMD Ryzen 7 5825C,hilos_procesador,16
Computadores,procesador_principal,AMD Ryzen 7 5825U,nucleos_procesador,8
Computadores,procesador_principal,AMD Ryzen 7 5825U,hilos_procesador,16
Computadores,procesador_principal,AMD Ryzen 7 6800H,nucleos_procesador,8
Computadores,procesador_principal,AMD Ryzen 7 6800H,hilos_procesador,16
Computadores,procesador_principal,AMD Ryzen 7 6800HS,nucleos_procesador,8
Computadores,procesador_principal,AMD Ryzen 7 6800HS,hilos_procesador,16
Computadores,procesador_principal,AMD Ryzen 7 6800HS Creator Edition,nucleos_procesador,8
Computadores,procesador_principal,AMD Ryzen 7 6800HS Creator Edition,hilos_procesador,16
Computadores,procesador_principal,AMD Ryzen 7 6800U,nucleos_procesador,8
Computadores,procesador_principal,AMD Ryzen 7 6800U,hilos_procesador,16
Computadores,procesador_principal,AMD Ryzen 7 7435HS,nucleos_procesador,8
Computadores,procesador_principal,AMD Ryzen 7 7435HS,hilos_procesador,16
Computadores,procesador_principal,AMD Ryzen 7 7700,nucleos_procesador,8
Computadores,procesador_principal,AMD Ryzen 7 7700,hilos_procesador,16
Computadores,procesador_principal,AMD Ryzen 7 7700X,nucleos_procesador,8
Computadores,procesador_principal,AMD Ryzen 7 7700X,hilos_procesador,16
Computadores,procesador_principal,AMD Ryzen 7 7730U,nucleos_procesador,8
Computadores,procesador_principal,AMD Ryzen 7 7730U,hilos_procesador,16
Computadores,procesador_principal,AMD Ryzen 7 7735H,nucleos_procesador,8
Computadores,procesador_principal,AMD Ryzen 7 7735H,hilos_procesador,16
Computadores,procesador_principal,AMD Ryzen 7 7735HS,nucleos_procesador,8
Computadores,procesador_principal,AMD Ryzen 7 7735HS,hilos_procesador,16
Computadores,procesador_principal,AMD Ryzen 7 7735U,nucleos_procesador,8
Computadores,procesador_principal,AMD Ryzen 7 7735U,hilos_procesador,16
Computadores,procesador_principal,AMD Ryzen 7 7736U,nucleos_procesador,8
Computadores,procesador_principal,AMD Ryzen 7 7736U,hilos_procesador,16
Computadores,procesador_principal,AMD Ryzen 7 7745HX,nucleos_procesador,8
Computadores,procesador_principal,AMD Ryzen 7 7745HX,hilos_procesador,16
Computadores,procesador_principal,AMD Ryzen 7 7800X3D,nucleos_procesador,8
Computadores,procesador_principal,AMD Ryzen 7 7800X3D,hilos_procesador,16
Computadores,procesador_principal,AMD Ryzen 7 7840H,nucleos_procesador,8
Computadores,procesador_principal,AMD Ryzen 7 7840H,hilos_procesador,16
Computadores,procesador_principal,AMD Ryzen 7 7840HS,nucleos_procesador,8
Computadores,procesador_principal,AMD Ryzen 7 7840HS,hilos_procesador,16
Computadores,procesador_principal,AMD Ryzen 7 7840U,nucleos_procesador,8
Computadores,procesador_principal,AMD Ryzen 7 7840U,hilos_procesador,16
Computadores,procesador_principal,AMD Ryzen 7 8700F,nucleos_procesador,8
Computadores,procesador_principal,AMD Ryzen 7 8700F,hilos_procesador,16
Computadores,procesador_principal,AMD Ryzen 7 8700G,nucleos_procesador,8
Computadores,procesador_principal,AMD Ryzen 7 8700G,hilos_procesador,16
Computadores,procesador_principal,AMD Ryzen 7 8840HS,nucleos_procesador,8
Computadores,procesador_principal,AMD Ryzen 7 8840HS,hilos_procesador,16
Computadores,procesador_principal,AMD Ryzen 7 8840U,nucleos_procesador,8
Computadores,procesador_principal,AMD Ryzen 7 8840U,hilos_procesador,16
Computadores,procesador_principal,AMD Ryzen 7 8845HS,nucleos_procesador,8
Computadores,procesador_principal,AMD Ryzen 7 8845HS,hilos_procesador,16
Computadores,procesador_principal,AMD Ryzen 7 9700X,nucleos_procesador,8
Computadores,procesador_principal,AMD Ryzen 7 9700X,hilos_procesador,16
Computadores,procesador_principal,AMD Ryzen 7 9800X3D,nucleos_procesador,8
Computadores,procesador_principal,AMD Ryzen 7 9800X3D,hilos_procesador,16
Computadores,procesador_principal,AMD Ryzen 7 Extreme Edition,nucleos_procesador,8
Computadores,procesador_principal,AMD Ryzen 7 Extreme Edition,hilos_procesador,16
Computadores,procesador_principal,AMD Ryzen 9 3900,nucleos_procesador,12
Computadores,procesador_principal,AMD Ryzen 9 3900,hilos_procesador,24
Computadores,procesador_principal,AMD Ryzen 9 3900X,nucleos_procesador,12
Computadores,procesador_principal,AMD Ryzen 9 3900X,hilos_procesador,24
Computadores,procesador_principal,AMD Ryzen 9 3900XT,nucleos_procesador,12
Computadores,procesador_principal,AMD Ryzen 9 3900XT,hilos_procesador,24
Computadores,procesador_principal,AMD Ryzen 9 3950X,nucleos_procesador,16
Computadores,procesador_principal,AMD Ryzen 9 3950X,hilos_procesador,32
Computadores,procesador_principal,AMD Ryzen 9 4900H,nucleos_procesador,8
Computadores,procesador_principal,AMD Ryzen 9 4900H,hilos_procesador,16
Computadores,procesador_principal,AMD Ryzen 9 4900HS,nucleos_procesador,8
Computadores,procesador_principal,AMD Ryzen 9 4900HS,hilos_procesador,16
Computadores,procesador_principal,AMD Ryzen 9 5900,nucleos_procesador,12
Computadores,procesador_principal,AMD Ryzen 9 5900,hilos_procesador,24
Computadores,procesador_principal,AMD Ryzen 9 5900H,nucleos_procesador,8
Computadores,procesador_principal,AMD Ryzen 9 5900H,hilos_procesador,16
Computadores,procesador_principal,AMD Ryzen 9 5900HS,nucleos_procesador,8
Computadores,procesador_principal,AMD Ryzen 9 5900HS,hilos_procesador,16
Computadores,procesador_principal,AMD Ryzen 9 5900HS Creator Edition,nucleos_procesador,8
Computadores,procesador_principal,AMD Ryzen 9 5900HS Creator Edition,hilos_procesador,16
Computadores,procesador_principal,AMD Ryzen 9 5900HX,nucleos_procesador,8
Computadores,procesador_principal,AMD Ryzen 9 5900HX,hilos_procesador,16
Computadores,procesador_principal,AMD Ryzen 9 5900X,nucleos_procesador,12
Computadores,procesador_principal,AMD Ryzen 9 5900X,hilos_procesador,24
Computadores,procesador_principal,AMD Ryzen 9 5900XT,nucleos_procesador,16
Computadores,procesador_principal,AMD Ryzen 9 5900XT,hilos_procesador,32
Computadores,procesador_principal,AMD Ryzen 9 5950X,nucleos_procesador,16
Computadores,procesador_principal,AMD Ryzen 9 5950X,hilos_procesador,32
Computadores,procesador_principal,AMD Ryzen 9 5980HS,nucleos_procesador,8
Computadores,procesador_principal,AMD Ryzen 9 5980HS,hilos_procesador,16
Computadores,procesador_principal,AMD Ryzen 9 5980HX,nucleos_procesador,8
Computadores,procesador_principal,AMD Ryzen 9 5980HX,hilos_procesador,16
Computadores,procesador_principal,AMD Ryzen 9 6900HS,nucleos_procesador,8
Computadores,procesador_principal,AMD Ryzen 9 6900HS,hilos_procesador,16
Computadores,procesador_principal,AMD Ryzen 9 6900HS Creator Edition,nucleos_procesador,8
Computadores,procesador_principal,AMD Ryzen 9 6900HS Creator Edition,hilos_procesador,16
Computadores,procesador_principal,AMD Ryzen 9 6900HX,nucleos_procesador,8
Computadores,procesador_principal,AMD Ryzen 9 6900HX,hilos_procesador,16
Computadores,procesador_principal,AMD Ryzen 9 7845HX,nucleos_procesador,12
Computadores,procesador_principal,AMD Ryzen 9 7845HX,hilos_procesador,24
Computadores,procesador_principal,AMD Ryzen 9 7900,nucleos_procesador,12
Computadores,procesador_principal,AMD Ryzen 9 7900,hilos_procesador,24
Computadores,procesador_principal,AMD Ryzen 9 7900X,nucleos_procesador,12
Computadores,procesador_principal,AMD Ryzen 9 7900X,hilos_procesador,24
Computadores,procesador_principal,AMD Ryzen 9 7900X3D,nucleos_procesador,12
Computadores,procesador_principal,AMD Ryzen 9 7900X3D,hilos_procesador,24
Computadores,procesador_principal,AMD Ryzen 9 7940H,nucleos_procesador,8
Computadores,procesador_principal,AMD Ryzen 9 7940H,hilos_procesador,16
Computadores,procesador_principal,AMD Ryzen 9 7940HS,nucleos_procesador,8
Computadores,procesador_principal,AMD Ryzen 9 7940HS,hilos_procesador,16
Computadores,procesador_principal,AMD Ryzen 9 7945HX,nucleos_procesador,16
Computadores,procesador_principal,AMD Ryzen 9 7945HX,hilos_procesador,32
Computadores,procesador_principal,AMD Ryzen 9 7945HX3D,nucleos_procesador,16
Computadores,procesador_principal,AMD Ryzen 9 7945HX3D,hilos_procesador,32
Computadores,procesador_principal,AMD Ryzen 9 7950X,nucleos_procesador,16
Computadores,procesador_principal,AMD Ryzen 9 7950X,hilos_procesador,32
Computadores,procesador_principal,AMD Ryzen 9 7950X3D,nucleos_procesador,16
Computadores,procesador_principal,AMD Ryzen 9 7950X3D,hilos_procesador,32
Computadores,procesador_principal,AMD Ryzen 9 8940HX,nucleos_procesador,16
Computadores,procesador_principal,AMD Ryzen 9 8940HX,hilos_procesador,32
Computadores,procesador_principal,AMD Ryzen 9 8945HS,nucleos_procesador,8
Computadores,procesador_principal,AMD Ryzen 9 8945HS,hilos_procesador,16
Computadores,procesador_principal,AMD Ryzen 9 8945HX,nucleos_procesador,16
Computadores,procesador_principal,AMD Ryzen 9 8945HX,hilos_procesador,32
Computadores,procesador_principal,AMD Ryzen 9 9900X,nucleos_procesador,12
Computadores,procesador_principal,AMD Ryzen 9 9900X,hilos_procesador,24
Computadores,procesador_principal,AMD Ryzen 9 9900X3D,nucleos_procesador,12
Computadores,procesador_principal,AMD Ryzen 9 9900X3D,hilos_procesador,24
Computadores,procesador_principal,AMD Ryzen 9 9950X,nucleos_procesador,16
Computadores,procesador_principal,AMD Ryzen 9 9950X,hilos_procesador,32
Computadores,procesador_principal,AMD Ryzen 9 9950X3D,nucleos_procesador,16
Computadores,procesador_principal,AMD Ryzen 9 9950X3D,hilos_procesador,32
Computadores,procesador_principal,AMD Ryzen 9 9955HX,nucleos_procesador,16
Computadores,procesador_principal,AMD Ryzen 9 9955HX,hilos_procesador,32
Computadores,procesador_principal,AMD Ryzen 9 9955HX3D,nucleos_procesador,16
Computadores,procesador_principal,AMD Ryzen 9 9955HX3D,hilos_procesador,32
Computadores,procesador_principal,AMD Ryzen AI 5 340,nucleos_procesador,6
Computadores,procesador_principal,AMD Ryzen AI 5 340,hilos_procesador,12
Computadores,procesador_principal,AMD Ryzen AI 7 350,nucleos_procesador,8
Computadores,procesador_principal,AMD Ryzen AI 7 350,hilos_procesador,16
Computadores,procesador_principal,AMD Ryzen AI 9 365,nucleos_procesador,10
Computadores,procesador_principal,AMD Ryzen AI 9 365,hilos_procesador,20
Computadores,procesador_principal,AMD Ryzen AI 9 HX 370,nucleos_procesador,12
Computadores,procesador_principal,AMD Ryzen AI 9 HX 370,hilos_procesador,24
Computadores,procesador_principal,AMD Ryzen AI 9 HX 375,nucleos_procesador,12
Computadores,procesador_principal,AMD Ryzen AI 9 HX 375,hilos_procesador,24
Computadores,procesador_principal,AMD Ryzen AI Max 385,nucleos_procesador,8
Computadores,procesador_principal,AMD Ryzen AI Max 385,hilos_procesador,16
Computadores,procesador_principal,AMD Ryzen AI Max 390,nucleos_procesador,12
Computadores,procesador_principal,AMD Ryzen AI Max 390,hilos_procesador,24
Computadores,procesador_principal,AMD Ryzen AI Max+ 395,nucleos_procesador,16
Computadores,procesador_principal,AMD Ryzen AI Max+ 395,hilos_procesador,32
Computadores,procesador_principal,AMD Ryzen Embedded R1305G,nucleos_procesador,2
Computadores,procesador_principal,AMD Ryzen Embedded R1305G,hilos_procesador,4
Computadores,procesador_principal,AMD Ryzen Embedded R1505G,nucleos_procesador,2
Computadores,procesador_principal,AMD Ryzen Embedded R1505G,hilos_procesador,4
Computadores,procesador_principal,AMD Ryzen Embedded R1600,nucleos_procesador,2
Computadores,procesador_principal,AMD Ryzen Embedded R1600,hilos_procesador,4
Computadores,procesador_principal,AMD Ryzen Embedded R1606G,nucleos_procesador,2
Computadores,procesador_principal,AMD Ryzen Embedded R1606G,hilos_procesador,4
Computadores,procesador_principal,AMD Ryzen Embedded R2312,nucleos_procesador,2
Computadores,procesador_principal,AMD Ryzen Embedded R2312,hilos_procesador,4
Computadores,procesador_principal,AMD Ryzen Embedded R2314,nucleos_procesador,4
Computadores,procesador_principal,AMD Ryzen Embedded R2314,hilos_procesador,4
Computadores,procesador_principal,AMD Ryzen Embedded R2514,nucleos_procesador,4
Computadores,procesador_principal,AMD Ryzen Embedded R2514,hilos_procesador,8
Computadores,procesador_principal,AMD Ryzen Embedded R2544,nucleos_procesador,4
Computadores,procesador_principal,AMD Ryzen Embedded R2544,hilos_procesador,8
Computadores,procesador_principal,AMD Ryzen Embedded V1202B,nucleos_procesador,2
Computadores,procesador_principal,AMD Ryzen Embedded V1202B,hilos_procesador,4
Computadores,procesador_principal,AMD Ryzen Embedded V1404I,nucleos_procesador,4
Computadores,procesador_principal,AMD Ryzen Embedded V1404I,hilos_procesador,8
Computadores,procesador_principal,AMD Ryzen Embedded V1500B,nucleos_procesador,4
Computadores,procesador_principal,AMD Ryzen Embedded V1500B,hilos_procesador,8
Computadores,procesador_principal,AMD Ryzen Embedded V1605B,nucleos_procesador,4
Computadores,procesador_principal,AMD Ryzen Embedded V1605B,hilos_procesador,8
Computadores,procesador_principal,AMD Ryzen Embedded V1756B,nucleos_procesador,4
Computadores,procesador_principal,AMD Ryzen Embedded V1756B,hilos_procesador,8
Computadores,procesador_principal,AMD Ryzen Embedded V1807B,nucleos_procesador,4
Computadores,procesador_principal,AMD Ryzen Embedded V1807B,hilos_procesador,8
Computadores,procesador_principal,AMD Ryzen Embedded V2516,nucleos_procesador,6
Computadores,procesador_principal,AMD Ryzen Embedded V2516,hilos_procesador,12
Computadores,procesador_principal,AMD Ryzen Embedded V2546,nucleos_procesador,6
Computadores,procesador_principal,AMD Ryzen Embedded V2546,hilos_procesador,12
Computadores,procesador_principal,AMD Ryzen Embedded V2718,nucleos_procesador,8
Computadores,procesador_principal,AMD Ryzen Embedded V2718,hilos_procesador,16
Computadores,procesador_principal,AMD Ryzen Embedded V2748,nucleos_procesador,8
Computadores,procesador_principal,AMD Ryzen Embedded V2748,hilos_procesador,16
Computadores,procesador_principal,AMD Ryzen Embedded V3C14,nucleos_procesador,4
Computadores,procesador_principal,AMD Ryzen Embedded V3C14,hilos_procesador,8
Computadores,procesador_principal,AMD Ryzen Embedded V3C18I,nucleos_procesador,8
Computadores,procesador_principal,AMD Ryzen Embedded V3C18I,hilos_procesador,16
Computadores,procesador_principal,AMD Ryzen Embedded V3C48,nucleos_procesador,8
Computadores,procesador_principal,AMD Ryzen Embedded V3C48,hilos_procesador,16
Computadores,procesador_principal,AMD Ryzen Threadripper 1900X,nucleos_procesador,8
Computadores,procesador_principal,AMD Ryzen Threadripper 1900X,hilos_procesador,16
Computadores,procesador_principal,AMD Ryzen Threadripper 1920X,nucleos_procesador,12
Computadores,procesador_principal,AMD Ryzen Threadripper 1920X,hilos_procesador,24
Computadores,procesador_principal,AMD Ryzen Threadripper 1950X,nucleos_procesador,16
Computadores,procesador_principal,AMD Ryzen Threadripper 1950X,hilos_procesador,32
Computadores,procesador_principal,AMD Ryzen Threadripper 2920X,nucleos_procesador,12
Computadores,procesador_principal,AMD Ryzen Threadripper 2920X,hilos_procesador,24
Computadores,procesador_principal,AMD Ryzen Threadripper 2950X,nucleos_procesador,16
Computadores,procesador_principal,AMD Ryzen Threadripper 2950X,hilos_procesador,32
Computadores,procesador_principal,AMD Ryzen Threadripper 2970WX,nucleos_procesador,24
Computadores,procesador_principal,AMD Ryzen Threadripper 2970WX,hilos_procesador,48
Computadores,procesador_principal,AMD Ryzen Threadripper 2990WX,nucleos_procesador,32
Computadores,procesador_principal,AMD Ryzen Threadripper 2990WX,hilos_procesador,64
Computadores,procesador_principal,AMD Ryzen Threadripper 3960X,nucleos_procesador,24
Computadores,procesador_principal,AMD Ryzen Threadripper 3960X,hilos_procesador,48
Computadores,procesador_principal,AMD Ryzen Threadripper 3970X,nucleos_procesador,32
Computadores,procesador_principal,AMD Ryzen Threadripper 3970X,hilos_procesador,64
Computadores,procesador_principal,AMD Ryzen Threadripper 3990X,nucleos_procesador,64
Computadores,procesador_principal,AMD Ryzen Threadripper 3990X,hilos_procesador,128
Computadores,procesador_principal,AMD Ryzen Threadripper 7960X,nucleos_procesador,24
Computadores,procesador_principal,AMD Ryzen Threadripper 7960X,hilos_procesador,48
Computadores,procesador_principal,AMD Ryzen Threadripper 7970X,nucleos_procesador,32
Computadores,procesador_principal,AMD Ryzen Threadripper 7970X,hilos_procesador,64
Computadores,procesador_principal,AMD Ryzen Threadripper 7980X,nucleos_procesador,64
Computadores,procesador_principal,AMD Ryzen Threadripper 7980X,hilos_procesador,128
Computadores,procesador_principal,AMD Ryzen Z1,nucleos_procesador,6
Computadores,procesador_principal,AMD Ryzen Z1,hilos_procesador,12
Computadores,procesador_principal,AMD Ryzen Z1 Extreme,nucleos_procesador,8
Computadores,procesador_principal,AMD Ryzen Z1 Extreme,hilos_procesador,16
Computadores,procesador_principal,AMD Turion 64 Mobile MK-36,nucleos_procesador,1
Computadores,procesador_principal,AMD Turion 64 Mobile MK-36,hilos_procesador,1
Computadores,procesador_principal,AMD Turion 64 Mobile MK-38,nucleos_procesador,1
Computadores,procesador_principal,AMD Turion 64 Mobile MK-38,hilos_procesador,1
Computadores,procesador_principal,AMD Turion 64 Mobile ML-28,nucleos_procesador,1
Computadores,procesador_principal,AMD Turion 64 Mobile ML-28,hilos_procesador,1
Computadores,procesador_principal,AMD Turion 64 Mobile ML-30,nucleos_procesador,1
Computadores,procesador_principal,AMD Turion 64 Mobile ML-30,hilos_procesador,1
Computadores,procesador_principal,AMD Turion 64 Mobile ML-32,nucleos_procesador,1
Computadores,procesador_principal,AMD Turion 64 Mobile ML-32,hilos_procesador,1
Computadores,procesador_principal,AMD Turion 64 Mobile ML-34,nucleos_procesador,1
Computadores,procesador_principal,AMD Turion 64 Mobile ML-34,hilos_procesador,1
Computadores,procesador_principal,AMD Turion 64 Mobile ML-37,nucleos_procesador,1
Computadores,procesador_principal,AMD Turion 64 Mobile ML-37,hilos_procesador,1
Computadores,procesador_principal,AMD Turion 64 Mobile ML-40,nucleos_procesador,1
Computadores,procesador_principal,AMD Turion 64 Mobile ML-40,hilos_procesador,1
Computadores,procesador_principal,AMD Turion 64 Mobile ML-42,nucleos_procesador,1
Computadores,procesador_principal,AMD Turion 64 Mobile ML-42,hilos_procesador,1
Computadores,procesador_principal,AMD Turion 64 Mobile ML-44,nucleos_procesador,1
Computadores,procesador_principal,AMD Turion 64 Mobile ML-44,hilos_procesador,1
Computadores,procesador_principal,AMD Turion 64 Mobile MT-30,nucleos_procesador,1
Computadores,procesador_principal,AMD Turion 64 Mobile MT-30,hilos_procesador,1
Computadores,procesador_principal,AMD Turion 64 Mobile MT-32,nucleos_procesador,1
Computadores,procesador_principal,AMD Turion 64 Mobile MT-32,hilos_procesador,1
Computadores,procesador_principal,AMD Turion 64 Mobile MT-34,nucleos_procesador,1
Computadores,procesador_principal,AMD Turion 64 Mobile MT-34,hilos_procesador,1
Computadores,procesador_principal,AMD Turion 64 Mobile MT-37,nucleos_procesador,1
Computadores,procesador_principal,AMD Turion 64 Mobile MT-37,hilos_procesador,1
Computadores,procesador_principal,AMD Turion 64 X2 Mobile TL-50,nucleos_procesador,2
Computadores,procesador_principal,AMD Turion 64 X2 Mobile TL-50,hilos_procesador,2
Computadores,procesador_principal,AMD Turion 64 X2 Mobile TL-52,nucleos_procesador,2
Computadores,procesador_principal,AMD Turion 64 X2 Mobile TL-52,hilos_procesador,2
Computadores,procesador_principal,AMD Turion 64 X2 Mobile TL-56,nucleos_procesador,2
Computadores,procesador_principal,AMD Turion 64 X2 Mobile TL-56,hilos_procesador,2
Computadores,procesador_principal,AMD Turion 64 X2 Mobile TL-58,nucleos_procesador,2
Computadores,procesador_principal,AMD Turion 64 X2 Mobile TL-58,hilos_procesador,2
Computadores,procesador_principal,AMD Turion 64 X2 Mobile TL-60,nucleos_procesador,2
Computadores,procesador_principal,AMD Turion 64 X2 Mobile TL-60,hilos_procesador,2
Computadores,procesador_principal,AMD Turion 64 X2 Mobile TL-62,nucleos_procesador,2
Computadores,procesador_principal,AMD Turion 64 X2 Mobile TL-62,hilos_procesador,2
Computadores,procesador_principal,AMD Turion 64 X2 Mobile TL-64,nucleos_procesador,2
Computadores,procesador_principal,AMD Turion 64 X2 Mobile TL-64,hilos_procesador,2
Computadores,procesador_principal,AMD Turion 64 X2 Mobile TL-66,nucleos_procesador,2
Computadores,procesador_principal,AMD Turion 64 X2 Mobile TL-66,hilos_procesador,2
Computadores,procesador_principal,AMD Turion 64 X2 Mobile TL-68,nucleos_procesador,2
Computadores,procesador_principal,AMD Turion 64 X2 Mobile TL-68,hilos_procesador,2
Computadores,procesador_principal,AMD Turion Dual-Core RM-70,nucleos_procesador,2
Computadores,procesador_principal,AMD Turion Dual-Core RM-70,hilos_procesador,2
Computadores,procesador_principal,AMD Turion Dual-Core RM-72,nucleos_procesador,2
Computadores,procesador_principal,AMD Turion Dual-Core RM-72,hilos_procesador,2
Computadores,procesador_principal,AMD Turion Dual-Core RM-74,nucleos_procesador,2
Computadores,procesador_principal,AMD Turion Dual-Core RM-74,hilos_procesador,2
Computadores,procesador_principal,AMD Turion Dual-Core RM-75,nucleos_procesador,2
Computadores,procesador_principal,AMD Turion Dual-Core RM-75,hilos_procesador,2
Computadores,procesador_principal,AMD Turion II Dual-Core Mobile M500,nucleos_procesador,2
Computadores,procesador_principal,AMD Turion II Dual-Core Mobile M500,hilos_procesador,2
Computadores,procesador_principal,AMD Turion II Dual-Core Mobile M520,nucleos_procesador,2
Computadores,procesador_principal,AMD Turion II Dual-Core Mobile M520,hilos_procesador,2
Computadores,procesador_principal,AMD Turion II Dual-Core Mobile M540,nucleos_procesador,2
Computadores,procesador_principal,AMD Turion II Dual-Core Mobile M540,hilos_procesador,2
Computadores,procesador_principal,AMD Turion II N530 Dual-Core,nucleos_procesador,2
Computadores,procesador_principal,AMD Turion II N530 Dual-Core,hilos_procesador,2
Computadores,procesador_principal,AMD Turion II N550 Dual-Core,nucleos_procesador,2
Computadores,procesador_principal,AMD Turion II N550 Dual-Core,hilos_procesador,2
Computadores,procesador_principal,AMD Turion II Neo K625 Dual-Core,nucleos_procesador,2
Computadores,procesador_principal,AMD Turion II Neo K625 Dual-Core,hilos_procesador,2
Computadores,procesador_principal,AMD Turion II Neo K685 Dual-Core,nucleos_procesador,2
Computadores,procesador_principal,AMD Turion II Neo K685 Dual-Core,hilos_procesador,2
Computadores,procesador_principal,AMD Turion II Neo N40L Dual-Core,nucleos_procesador,2
Computadores,procesador_principal,AMD Turion II Neo N40L Dual-Core,hilos_procesador,2
Computadores,procesador_principal,AMD Turion II Neo N54L Dual-Core,nucleos_procesador,2
Computadores,procesador_principal,AMD Turion II Neo N54L Dual-Core,hilos_procesador,2
Computadores,procesador_principal,AMD Turion II P520 Dual-Core,nucleos_procesador,2
Computadores,procesador_principal,AMD Turion II P520 Dual-Core,hilos_procesador,2
Computadores,procesador_principal,AMD Turion II P540 Dual-Core,nucleos_procesador,2
Computadores,procesador_principal,AMD Turion II P540 Dual-Core,hilos_procesador,2
Computadores,procesador_principal,AMD Turion II P560 Dual-Core,nucleos_procesador,2
Computadores,procesador_principal,AMD Turion II P560 Dual-Core,hilos_procesador,2
Computadores,procesador_principal,AMD Turion II Ultra Dual-Core Mobile M600,nucleos_procesador,2
Computadores,procesador_principal,AMD Turion II Ultra Dual-Core Mobile M600,hilos_procesador,2
Computadores,procesador_principal,AMD Turion II Ultra Dual-Core Mobile M620,nucleos_procesador,2
Computadores,procesador_principal,AMD Turion II Ultra Dual-Core Mobile M620,hilos_procesador,2
Computadores,procesador_principal,AMD Turion II Ultra Dual-Core Mobile M640,nucleos_procesador,2
Computadores,procesador_principal,AMD Turion II Ultra Dual-Core Mobile M640,hilos_procesador,2
Computadores,procesador_principal,AMD Turion II Ultra Dual-Core Mobile M660,nucleos_procesador,2
Computadores,procesador_principal,AMD Turion II Ultra Dual-Core Mobile M660,hilos_procesador,2
Computadores,procesador_principal,AMD Turion Neo X2 Dual Core L625,nucleos_procesador,2
Computadores,procesador_principal,AMD Turion Neo X2 Dual Core L625,hilos_procesador,2
Computadores,procesador_principal,AMD Turion X2 Dual Core L510,nucleos_procesador,2
Computadores,procesador_principal,AMD Turion X2 Dual Core L510,hilos_procesador,2
Computadores,procesador_principal,AMD Turion X2 Dual Core Mobile RM-70,nucleos_procesador,2
Computadores,procesador_principal,AMD Turion X2 Dual Core Mobile RM-70,hilos_procesador,2
Computadores,procesador_principal,AMD Turion X2 Dual Core Mobile RM-76,nucleos_procesador,2
Computadores,procesador_principal,AMD Turion X2 Dual Core Mobile RM-76,hilos_procesador,2
Computadores,procesador_principal,AMD Turion X2 Dual-Core Mobile RM-70,nucleos_procesador,2
Computadores,procesador_principal,AMD Turion X2 Dual-Core Mobile RM-70,hilos_procesador,2
Computadores,procesador_principal,AMD Turion X2 Dual-Core Mobile RM-72,nucleos_procesador,2
Computadores,procesador_principal,AMD Turion X2 Dual-Core Mobile RM-72,hilos_procesador,2
Computadores,procesador_principal,AMD Turion X2 Dual-Core Mobile RM-74,nucleos_procesador,2
Computadores,procesador_principal,AMD Turion X2 Dual-Core Mobile RM-74,hilos_procesador,2
Computadores,procesador_principal,AMD Turion X2 Dual-Core Mobile RM-75,nucleos_procesador,2
Computadores,procesador_principal,AMD Turion X2 Dual-Core Mobile RM-75,hilos_procesador,2
Computadores,procesador_principal,AMD Turion X2 Dual-Core Mobile RM-77,nucleos_procesador,2
Computadores,procesador_principal,AMD Turion X2 Dual-Core Mobile RM-77,hilos_procesador,2
Computadores,procesador_principal,AMD Turion X2 Ultra Dual-Core Mobile ZM-80,nucleos_procesador,2
Computadores,procesador_principal,AMD Turion X2 Ultra Dual-Core Mobile ZM-80,hilos_procesador,2
Computadores,procesador_principal,AMD Turion X2 Ultra Dual-Core Mobile ZM-82,nucleos_procesador,2
Computadores,procesador_principal,AMD Turion X2 Ultra Dual-Core Mobile ZM-82,hilos_procesador,2
Computadores,procesador_principal,AMD Turion X2 Ultra Dual-Core Mobile ZM-84,nucleos_procesador,2
Computadores,procesador_principal,AMD Turion X2 Ultra Dual-Core Mobile ZM-84,hilos_procesador,2
Computadores,procesador_principal,AMD Turion X2 Ultra Dual-Core Mobile ZM-85,nucleos_procesador,2
Computadores,procesador_principal,AMD Turion X2 Ultra Dual-Core Mobile ZM-85,hilos_procesador,2
Computadores,procesador_principal,AMD Turion X2 Ultra Dual-Core Mobile ZM-86,nucleos_procesador,2
Computadores,procesador_principal,AMD Turion X2 Ultra Dual-Core Mobile ZM-86,hilos_procesador,2
Computadores,procesador_principal,AMD Turion X2 Ultra Dual-Core Mobile ZM-87,nucleos_procesador,2
Computadores,procesador_principal,AMD Turion X2 Ultra Dual-Core Mobile ZM-87,hilos_procesador,2
Computadores,procesador_principal,AMD TurionX2 Dual Core Mobile RM-72,nucleos_procesador,2
Computadores,procesador_principal,AMD TurionX2 Dual Core Mobile RM-72,hilos_procesador,2
Computadores,procesador_principal,AMD TurionX2 Ultra DualCore Mobile ZM-85,nucleos_procesador,2
Computadores,procesador_principal,AMD TurionX2 Ultra DualCore Mobile ZM-85,hilos_procesador,2
Computadores,procesador_principal,AMD TurionX2 Ultra DualCore Mobile ZM-87,nucleos_procesador,2
Computadores,procesador_principal,AMD TurionX2 Ultra DualCore Mobile ZM-87,hilos_procesador,2
Computadores,procesador_principal,AMD V105,nucleos_procesador,1
Computadores,procesador_principal,AMD V105,hilos_procesador,1
Computadores,procesador_principal,AMD V120,nucleos_procesador,1
Computadores,procesador_principal,AMD V120,hilos_procesador,1
Computadores,procesador_principal,AMD V140,nucleos_procesador,1
Computadores,procesador_principal,AMD V140,hilos_procesador,1
Computadores,procesador_principal,AMD V160,nucleos_procesador,1
Computadores,procesador_principal,AMD V160,hilos_procesador,1
Computadores,procesador_principal,AMD Z-01,nucleos_procesador,2
Computadores,procesador_principal,AMD Z-01,hilos_procesador,2
Computadores,procesador_principal,AMD Z-60 APU,nucleos_procesador,2
Computadores,procesador_principal,AMD Z-60 APU,hilos_procesador,2
Computadores,procesador_principal,Amlogic,nucleos_procesador,4
Computadores,procesador_principal,Amlogic,hilos_procesador,4
Computadores,procesador_principal,Apple A11 Bionic,nucleos_procesador,6
Computadores,procesador_principal,Apple A11 Bionic,hilos_procesador,6
Computadores,procesador_principal,Apple A12 Bionic,nucleos_procesador,6
Computadores,procesador_principal,Apple A12 Bionic,hilos_procesador,6
Computadores,procesador_principal,Apple A12X Bionic,nucleos_procesador,8
Computadores,procesador_principal,Apple A12X Bionic,hilos_procesador,8
Computadores,procesador_principal,Apple A13 Bionic,nucleos_procesador,6
Computadores,procesador_principal,Apple A13 Bionic,hilos_procesador,6
Computadores,procesador_principal,Apple A14 Bionic,nucleos_procesador,6
Computadores,procesador_principal,Apple A14 Bionic,hilos_procesador,6
Computadores,procesador_principal,Apple A8,nucleos_procesador,2
Computadores,procesador_principal,Apple A8,hilos_procesador,2
Computadores,procesador_principal,Apple A8X,nucleos_procesador,3
Computadores,procesador_principal,Apple A8X,hilos_procesador,3
Computadores,procesador_principal,Apple A9,nucleos_procesador,2
Computadores,procesador_principal,Apple A9,hilos_procesador,2
Computadores,procesador_principal,Apple A9X,nucleos_procesador,2
Computadores,procesador_principal,Apple A9X,hilos_procesador,2
Computadores,procesador_principal,Apple M2 Max 12 Core,nucleos_procesador,12
Computadores,procesador_principal,Apple M2 Max 12 Core,hilos_procesador,12
Computadores,procesador_principal,ASUS Tinker Board 2/2S,nucleos_procesador,6
Computadores,procesador_principal,ASUS Tinker Board 2/2S,hilos_procesador,6
Computadores,procesador_principal,Athlon 64 Dual Core 3800+,nucleos_procesador,2
Computadores,procesador_principal,Athlon 64 Dual Core 3800+,hilos_procesador,2
Computadores,procesador_principal,Athlon 64 Dual Core 5000+,nucleos_procesador,2
Computadores,procesador_principal,Athlon 64 Dual Core 5000+,hilos_procesador,2
Computadores,procesador_principal,Athlon 64 Dual Core 5600+,nucleos_procesador,2
Computadores,procesador_principal,Athlon 64 Dual Core 5600+,hilos_procesador,2
Computadores,procesador_principal,Athlon Dual Core 4050e,nucleos_procesador,2
Computadores,procesador_principal,Athlon Dual Core 4050e,hilos_procesador,2
Computadores,procesador_principal,Athlon Dual Core 4450e,nucleos_procesador,2
Computadores,procesador_principal,Athlon Dual Core 4450e,hilos_procesador,2
Computadores,procesador_principal,Athlon Dual Core 4850e,nucleos_procesador,2
Computadores,procesador_principal,Athlon Dual Core 4850e,hilos_procesador,2
Computadores,procesador_principal,Celeron Dual-Core T3000,nucleos_procesador,2
Computadores,procesador_principal,Celeron Dual-Core T3000,hilos_procesador,2
Computadores,procesador_principal,Celeron Dual-Core T3100,nucleos_procesador,2
Computadores,procesador_principal,Celeron Dual-Core T3100,hilos_procesador,2
Computadores,procesador_principal,Celeron Dual-Core T3300,nucleos_procesador,2
Computadores,procesador_principal,Celeron Dual-Core T3300,hilos_procesador,2
Computadores,procesador_principal,Celeron Dual-Core T3500,nucleos_procesador,2
Computadores,procesador_principal,Celeron Dual-Core T3500,hilos_procesador,2
Computadores,procesador_principal,Dual-Core AMD Opteron 1220 SE,nucleos_procesador,2
Computadores,procesador_principal,Dual-Core AMD Opteron 1220 SE,hilos_procesador,2
Computadores,procesador_principal,Google GS201,nucleos_procesador,8
Computadores,procesador_principal,Google GS201,hilos_procesador,8
Computadores,procesador_principal,Google R11 BtWifi Evt1.1,nucleos_procesador,2
Computadores,procesador_principal,Google R11 BtWifi Evt1.1,hilos_procesador,2
Computadores,procesador_principal,Google Tensor,nucleos_procesador,8
Computadores,procesador_principal,Google Tensor,hilos_procesador,8
Computadores,procesador_principal,Intel Atom 230,nucleos_procesador,1
Computadores,procesador_principal,Intel Atom 230,hilos_procesador,2
Computadores,procesador_principal,Intel Atom 330,nucleos_procesador,2
Computadores,procesador_principal,Intel Atom 330,hilos_procesador,4
Computadores,procesador_principal,Intel Atom C2338,nucleos_procesador,2
Computadores,procesador_principal,Intel Atom C2338,hilos_procesador,2
Computadores,procesador_principal,Intel Atom C2350,nucleos_procesador,2
Computadores,procesador_principal,Intel Atom C2350,hilos_procesador,2
Computadores,procesador_principal,Intel Atom C2358,nucleos_procesador,2
Computadores,procesador_principal,Intel Atom C2358,hilos_procesador,2
Computadores,procesador_principal,Intel Atom C2538,nucleos_procesador,4
Computadores,procesador_principal,Intel Atom C2538,hilos_procesador,4
Computadores,procesador_principal,Intel Atom C2550,nucleos_procesador,4
Computadores,procesador_principal,Intel Atom C2550,hilos_procesador,4
Computadores,procesador_principal,Intel Atom C2558,nucleos_procesador,4
Computadores,procesador_principal,Intel Atom C2558,hilos_procesador,4
Computadores,procesador_principal,Intel Atom C2750,nucleos_procesador,8
Computadores,procesador_principal,Intel Atom C2750,hilos_procesador,8
Computadores,procesador_principal,Intel Atom C2758,nucleos_procesador,8
Computadores,procesador_principal,Intel Atom C2758,hilos_procesador,8
Computadores,procesador_principal,Intel Atom C3338,nucleos_procesador,2
Computadores,procesador_principal,Intel Atom C3338,hilos_procesador,2
Computadores,procesador_principal,Intel Atom C3508,nucleos_procesador,4
Computadores,procesador_principal,Intel Atom C3508,hilos_procesador,4
Computadores,procesador_principal,Intel Atom C3538,nucleos_procesador,4
Computadores,procesador_principal,Intel Atom C3538,hilos_procesador,4
Computadores,procesador_principal,Intel Atom C3558,nucleos_procesador,4
Computadores,procesador_principal,Intel Atom C3558,hilos_procesador,4
Computadores,procesador_principal,Intel Atom C3708,nucleos_procesador,8
Computadores,procesador_principal,Intel Atom C3708,hilos_procesador,8
Computadores,procesador_principal,Intel Atom C3758,nucleos_procesador,8
Computadores,procesador_principal,Intel Atom C3758,hilos_procesador,8
Computadores,procesador_principal,Intel Atom C3758R,nucleos_procesador,8
Computadores,procesador_principal,Intel Atom C3758R,hilos_procesador,8
Computadores,procesador_principal,Intel Atom C3808,nucleos_procesador,12
Computadores,procesador_principal,Intel Atom C3808,hilos_procesador,12
Computadores,procesador_principal,Intel Atom C3858,nucleos_procesador,12
Computadores,procesador_principal,Intel Atom C3858,hilos_procesador,12
Computadores,procesador_principal,Intel Atom C3958,nucleos_procesador,16
Computadores,procesador_principal,Intel Atom C3958,hilos_procesador,16
Computadores,procesador_principal,Intel Atom C5125,nucleos_procesador,8
Computadores,procesador_principal,Intel Atom C5125,hilos_procesador,8
Computadores,procesador_principal,Intel Atom D2500,nucleos_procesador,2
Computadores,procesador_principal,Intel Atom D2500,hilos_procesador,2
Computadores,procesador_principal,Intel Atom D2550,nucleos_procesador,2
Computadores,procesador_principal,Intel Atom D2550,hilos_procesador,4
Computadores,procesador_principal,Intel Atom D2560,nucleos_procesador,2
Computadores,procesador_principal,Intel Atom D2560,hilos_procesador,4
Computadores,procesador_principal,Intel Atom D2700,nucleos_procesador,2
Computadores,procesador_principal,Intel Atom D2700,hilos_procesador,4
Computadores,procesador_principal,Intel Atom D2701,nucleos_procesador,2
Computadores,procesador_principal,Intel Atom D2701,hilos_procesador,4
Computadores,procesador_principal,Intel Atom D410,nucleos_procesador,1
Computadores,procesador_principal,Intel Atom D410,hilos_procesador,2
Computadores,procesador_principal,Intel Atom D425,nucleos_procesador,1
Computadores,procesador_principal,Intel Atom D425,hilos_procesador,2
Computadores,procesador_principal,Intel Atom D510,nucleos_procesador,2
Computadores,procesador_principal,Intel Atom D510,hilos_procesador,4
Computadores,procesador_principal,Intel Atom D525,nucleos_procesador,2
Computadores,procesador_principal,Intel Atom D525,hilos_procesador,4
Computadores,procesador_principal,Intel Atom E3805,nucleos_procesador,2
Computadores,procesador_principal,Intel Atom E3805,hilos_procesador,2
Computadores,procesador_principal,Intel Atom E3815,nucleos_procesador,1
Computadores,procesador_principal,Intel Atom E3815,hilos_procesador,1
Computadores,procesador_principal,Intel Atom E3825,nucleos_procesador,2
Computadores,procesador_principal,Intel Atom E3825,hilos_procesador,2
Computadores,procesador_principal,Intel Atom E3826,nucleos_procesador,2
Computadores,procesador_principal,Intel Atom E3826,hilos_procesador,2
Computadores,procesador_principal,Intel Atom E3827,nucleos_procesador,2
Computadores,procesador_principal,Intel Atom E3827,hilos_procesador,2
Computadores,procesador_principal,Intel Atom E3840,nucleos_procesador,4
Computadores,procesador_principal,Intel Atom E3840,hilos_procesador,4
Computadores,procesador_principal,Intel Atom E3845,nucleos_procesador,4
Computadores,procesador_principal,Intel Atom E3845,hilos_procesador,4
Computadores,procesador_principal,Intel Atom E3900,nucleos_procesador,4
Computadores,procesador_principal,Intel Atom E3900,hilos_procesador,4
Computadores,procesador_principal,Intel Atom N2100,nucleos_procesador,1
Computadores,procesador_principal,Intel Atom N2100,hilos_procesador,2
Computadores,procesador_principal,Intel Atom N2600,nucleos_procesador,2
Computadores,procesador_principal,Intel Atom N2600,hilos_procesador,4
Computadores,procesador_principal,Intel Atom N270,nucleos_procesador,1
Computadores,procesador_principal,Intel Atom N270,hilos_procesador,2
Computadores,procesador_principal,Intel Atom N280,nucleos_procesador,1
Computadores,procesador_principal,Intel Atom N280,hilos_procesador,2
Computadores,procesador_principal,Intel Atom N2800,nucleos_procesador,2
Computadores,procesador_principal,Intel Atom N2800,hilos_procesador,4
Computadores,procesador_principal,Intel Atom N435,nucleos_procesador,1
Computadores,procesador_principal,Intel Atom N435,hilos_procesador,2
Computadores,procesador_principal,Intel Atom N450,nucleos_procesador,1
Computadores,procesador_principal,Intel Atom N450,hilos_procesador,2
Computadores,procesador_principal,Intel Atom N455,nucleos_procesador,1
Computadores,procesador_principal,Intel Atom N455,hilos_procesador,2
Computadores,procesador_principal,Intel Atom N470,nucleos_procesador,1
Computadores,procesador_principal,Intel Atom N470,hilos_procesador,2
Computadores,procesador_principal,Intel Atom N475,nucleos_procesador,1
Computadores,procesador_principal,Intel Atom N475,hilos_procesador,2
Computadores,procesador_principal,Intel Atom N550,nucleos_procesador,2
Computadores,procesador_principal,Intel Atom N550,hilos_procesador,4
Computadores,procesador_principal,Intel Atom N570,nucleos_procesador,2
Computadores,procesador_principal,Intel Atom N570,hilos_procesador,4
Computadores,procesador_principal,Intel Atom P5322,nucleos_procesador,8
Computadores,procesador_principal,Intel Atom P5322,hilos_procesador,8
Computadores,procesador_principal,Intel Atom P5342,nucleos_procesador,16
Computadores,procesador_principal,Intel Atom P5342,hilos_procesador,16
Computadores,procesador_principal,Intel Atom P5362,nucleos_procesador,24
Computadores,procesador_principal,Intel Atom P5362,hilos_procesador,24
Computadores,procesador_principal,Intel Atom S1260,nucleos_procesador,2
Computadores,procesador_principal,Intel Atom S1260,hilos_procesador,4
Computadores,procesador_principal,Intel Atom T5700,nucleos_procesador,4
Computadores,procesador_principal,Intel Atom T5700,hilos_procesador,4
Computadores,procesador_principal,Intel Atom x5-E3930,nucleos_procesador,2
Computadores,procesador_principal,Intel Atom x5-E3930,hilos_procesador,2
Computadores,procesador_principal,Intel Atom x5-E3940,nucleos_procesador,4
Computadores,procesador_principal,Intel Atom x5-E3940,hilos_procesador,4
Computadores,procesador_principal,Intel Atom x5-E8000,nucleos_procesador,4
Computadores,procesador_principal,Intel Atom x5-E8000,hilos_procesador,4
Computadores,procesador_principal,Intel Atom x5-Z8300,nucleos_procesador,4
Computadores,procesador_principal,Intel Atom x5-Z8300,hilos_procesador,4
Computadores,procesador_principal,Intel Atom x5-Z8330,nucleos_procesador,4
Computadores,procesador_principal,Intel Atom x5-Z8330,hilos_procesador,4
Computadores,procesador_principal,Intel Atom x5-Z8350,nucleos_procesador,4
Computadores,procesador_principal,Intel Atom x5-Z8350,hilos_procesador,4
Computadores,procesador_principal,Intel Atom x5-Z8500,nucleos_procesador,4
Computadores,procesador_principal,Intel Atom x5-Z8500,hilos_procesador,4
Computadores,procesador_principal,Intel Atom x5-Z8550,nucleos_procesador,4
Computadores,procesador_principal,Intel Atom x5-Z8550,hilos_procesador,4
Computadores,procesador_principal,Intel Atom x6211E,nucleos_procesador,2
Computadores,procesador_principal,Intel Atom x6211E,hilos_procesador,2
Computadores,procesador_principal,Intel Atom x6214RE,nucleos_procesador,2
Computadores,procesador_principal,Intel Atom x6214RE,hilos_procesador,2
Computadores,procesador_principal,Intel Atom x6413E,nucleos_procesador,4
Computadores,procesador_principal,Intel Atom x6413E,hilos_procesador,4
Computadores,procesador_principal,Intel Atom x6414RE,nucleos_procesador,4
Computadores,procesador_principal,Intel Atom x6414RE,hilos_procesador,4
Computadores,procesador_principal,Intel Atom x6425E,nucleos_procesador,4
Computadores,procesador_principal,Intel Atom x6425E,hilos_procesador,4
Computadores,procesador_principal,Intel Atom x6425RE,nucleos_procesador,4
Computadores,procesador_principal,Intel Atom x6425RE,hilos_procesador,4
Computadores,procesador_principal,Intel Atom x6427FE,nucleos_procesador,4
Computadores,procesador_principal,Intel Atom x6427FE,hilos_procesador,4
Computadores,procesador_principal,Intel Atom x7-E3950,nucleos_procesador,4
Computadores,procesador_principal,Intel Atom x7-E3950,hilos_procesador,4
Computadores,procesador_principal,Intel Atom x7-Z8700,nucleos_procesador,4
Computadores,procesador_principal,Intel Atom x7-Z8700,hilos_procesador,4
Computadores,procesador_principal,Intel Atom x7-Z8750,nucleos_procesador,4
Computadores,procesador_principal,Intel Atom x7-Z8750,hilos_procesador,4
Computadores,procesador_principal,Intel Atom Z2760,nucleos_procesador,2
Computadores,procesador_principal,Intel Atom Z2760,hilos_procesador,4
Computadores,procesador_principal,Intel Atom Z3530,nucleos_procesador,4
Computadores,procesador_principal,Intel Atom Z3530,hilos_procesador,4
Computadores,procesador_principal,Intel Atom Z3560,nucleos_procesador,4
Computadores,procesador_principal,Intel Atom Z3560,hilos_procesador,4
Computadores,procesador_principal,Intel Atom Z3580,nucleos_procesador,4
Computadores,procesador_principal,Intel Atom Z3580,hilos_procesador,4
Computadores,procesador_principal,Intel Atom Z3735D,nucleos_procesador,4
Computadores,procesador_principal,Intel Atom Z3735D,hilos_procesador,4
Computadores,procesador_principal,Intel Atom Z3735E,nucleos_procesador,4
Computadores,procesador_principal,Intel Atom Z3735E,hilos_procesador,4
Computadores,procesador_principal,Intel Atom Z3735F,nucleos_procesador,4
Computadores,procesador_principal,Intel Atom Z3735F,hilos_procesador,4
Computadores,procesador_principal,Intel Atom Z3735G,nucleos_procesador,4
Computadores,procesador_principal,Intel Atom Z3735G,hilos_procesador,4
Computadores,procesador_principal,Intel Atom Z3736F,nucleos_procesador,4
Computadores,procesador_principal,Intel Atom Z3736F,hilos_procesador,4
Computadores,procesador_principal,Intel Atom Z3740,nucleos_procesador,4
Computadores,procesador_principal,Intel Atom Z3740,hilos_procesador,4
Computadores,procesador_principal,Intel Atom Z3740D,nucleos_procesador,4
Computadores,procesador_principal,Intel Atom Z3740D,hilos_procesador,4
Computadores,procesador_principal,Intel Atom Z3745,nucleos_procesador,4
Computadores,procesador_principal,Intel Atom Z3745,hilos_procesador,4
Computadores,procesador_principal,Intel Atom Z3745D,nucleos_procesador,4
Computadores,procesador_principal,Intel Atom Z3745D,hilos_procesador,4
Computadores,procesador_principal,Intel Atom Z3770,nucleos_procesador,4
Computadores,procesador_principal,Intel Atom Z3770,hilos_procesador,4
Computadores,procesador_principal,Intel Atom Z3770D,nucleos_procesador,4
Computadores,procesador_principal,Intel Atom Z3770D,hilos_procesador,4
Computadores,procesador_principal,Intel Atom Z3775,nucleos_procesador,4
Computadores,procesador_principal,Intel Atom Z3775,hilos_procesador,4
Computadores,procesador_principal,Intel Atom Z3775D,nucleos_procesador,4
Computadores,procesador_principal,Intel Atom Z3775D,hilos_procesador,4
Computadores,procesador_principal,Intel Atom Z3795,nucleos_procesador,4
Computadores,procesador_principal,Intel Atom Z3795,hilos_procesador,4
Computadores,procesador_principal,Intel Atom Z520,nucleos_procesador,1
Computadores,procesador_principal,Intel Atom Z520,hilos_procesador,2
Computadores,procesador_principal,Intel Atom Z530,nucleos_procesador,1
Computadores,procesador_principal,Intel Atom Z530,hilos_procesador,2
Computadores,procesador_principal,Intel Atom Z670,nucleos_procesador,1
Computadores,procesador_principal,Intel Atom Z670,hilos_procesador,2
Computadores,procesador_principal,Intel CC150,nucleos_procesador,8
Computadores,procesador_principal,Intel CC150,hilos_procesador,16
Computadores,procesador_principal,Intel Celeron 1.70GHz,nucleos_procesador,1
Computadores,procesador_principal,Intel Celeron 1.70GHz,hilos_procesador,1
Computadores,procesador_principal,Intel Celeron 1.80GHz,nucleos_procesador,1
Computadores,procesador_principal,Intel Celeron 1.80GHz,hilos_procesador,1
Computadores,procesador_principal,Intel Celeron 1000M,nucleos_procesador,2
Computadores,procesador_principal,Intel Celeron 1000M,hilos_procesador,2
Computadores,procesador_principal,Intel Celeron 1000MHz,nucleos_procesador,1
Computadores,procesador_principal,Intel Celeron 1000MHz,hilos_procesador,1
Computadores,procesador_principal,Intel Celeron 1005M,nucleos_procesador,2
Computadores,procesador_principal,Intel Celeron 1005M,hilos_procesador,2
Computadores,procesador_principal,Intel Celeron 1007U,nucleos_procesador,2
Computadores,procesador_principal,Intel Celeron 1007U,hilos_procesador,2
Computadores,procesador_principal,Intel Celeron 1017U,nucleos_procesador,2
Computadores,procesador_principal,Intel Celeron 1017U,hilos_procesador,2
Computadores,procesador_principal,Intel Celeron 1019Y,nucleos_procesador,2
Computadores,procesador_principal,Intel Celeron 1019Y,hilos_procesador,2
Computadores,procesador_principal,Intel Celeron 1020E,nucleos_procesador,2
Computadores,procesador_principal,Intel Celeron 1020E,hilos_procesador,2
Computadores,procesador_principal,Intel Celeron 1020M,nucleos_procesador,2
Computadores,procesador_principal,Intel Celeron 1020M,hilos_procesador,2
Computadores,procesador_principal,Intel Celeron 1037U,nucleos_procesador,2
Computadores,procesador_principal,Intel Celeron 1037U,hilos_procesador,2
Computadores,procesador_principal,Intel Celeron 1047UE,nucleos_procesador,2
Computadores,procesador_principal,Intel Celeron 1047UE,hilos_procesador,2
Computadores,procesador_principal,Intel Celeron 1100MHz,nucleos_procesador,1
Computadores,procesador_principal,Intel Celeron 1100MHz,hilos_procesador,1
Computadores,procesador_principal,Intel Celeron 1200MHz,nucleos_procesador,1
Computadores,procesador_principal,Intel Celeron 1200MHz,hilos_procesador,1
Computadores,procesador_principal,Intel Celeron 2.00GHz,nucleos_procesador,1
Computadores,procesador_principal,Intel Celeron 2.00GHz,hilos_procesador,1
Computadores,procesador_principal,Intel Celeron 2.13GHz,nucleos_procesador,1
Computadores,procesador_principal,Intel Celeron 2.13GHz,hilos_procesador,1
Computadores,procesador_principal,Intel Celeron 2.20GHz,nucleos_procesador,1
Computadores,procesador_principal,Intel Celeron 2.20GHz,hilos_procesador,1
Computadores,procesador_principal,Intel Celeron 2.26GHz,nucleos_procesador,1
Computadores,procesador_principal,Intel Celeron 2.26GHz,hilos_procesador,1
Computadores,procesador_principal,Intel Celeron 2.30GHz,nucleos_procesador,1
Computadores,procesador_principal,Intel Celeron 2.30GHz,hilos_procesador,1
Computadores,procesador_principal,Intel Celeron 2.40GHz,nucleos_procesador,1
Computadores,procesador_principal,Intel Celeron 2.40GHz,hilos_procesador,1
Computadores,procesador_principal,Intel Celeron 2.50GHz,nucleos_procesador,1
Computadores,procesador_principal,Intel Celeron 2.50GHz,hilos_procesador,1
Computadores,procesador_principal,Intel Celeron 2.53GHz,nucleos_procesador,1
Computadores,procesador_principal,Intel Celeron 2.53GHz,hilos_procesador,1
Computadores,procesador_principal,Intel Celeron 2.60GHz,nucleos_procesador,1
Computadores,procesador_principal,Intel Celeron 2.60GHz,hilos_procesador,1
Computadores,procesador_principal,Intel Celeron 2.66GHz,nucleos_procesador,1
Computadores,procesador_principal,Intel Celeron 2.66GHz,hilos_procesador,1
Computadores,procesador_principal,Intel Celeron 2.70GHz,nucleos_procesador,1
Computadores,procesador_principal,Intel Celeron 2.70GHz,hilos_procesador,1
Computadores,procesador_principal,Intel Celeron 2.80GHz,nucleos_procesador,1
Computadores,procesador_principal,Intel Celeron 2.80GHz,hilos_procesador,1
Computadores,procesador_principal,Intel Celeron 2.93GHz,nucleos_procesador,1
Computadores,procesador_principal,Intel Celeron 2.93GHz,hilos_procesador,1
Computadores,procesador_principal,Intel Celeron 2000E,nucleos_procesador,2
Computadores,procesador_principal,Intel Celeron 2000E,hilos_procesador,2
Computadores,procesador_principal,Intel Celeron 2002E,nucleos_procesador,2
Computadores,procesador_principal,Intel Celeron 2002E,hilos_procesador,2
Computadores,procesador_principal,Intel Celeron 215,nucleos_procesador,1
Computadores,procesador_principal,Intel Celeron 215,hilos_procesador,1
Computadores,procesador_principal,Intel Celeron 220,nucleos_procesador,1
Computadores,procesador_principal,Intel Celeron 220,hilos_procesador,1
Computadores,procesador_principal,Intel Celeron 2950M,nucleos_procesador,2
Computadores,procesador_principal,Intel Celeron 2950M,hilos_procesador,2
Computadores,procesador_principal,Intel Celeron 2955U,nucleos_procesador,2
Computadores,procesador_principal,Intel Celeron 2955U,hilos_procesador,2
Computadores,procesador_principal,Intel Celeron 2957U,nucleos_procesador,2
Computadores,procesador_principal,Intel Celeron 2957U,hilos_procesador,2
Computadores,procesador_principal,Intel Celeron 2961Y,nucleos_procesador,2
Computadores,procesador_principal,Intel Celeron 2961Y,hilos_procesador,2
Computadores,procesador_principal,Intel Celeron 2970M,nucleos_procesador,2
Computadores,procesador_principal,Intel Celeron 2970M,hilos_procesador,2
Computadores,procesador_principal,Intel Celeron 2980U,nucleos_procesador,2
Computadores,procesador_principal,Intel Celeron 2980U,hilos_procesador,2
Computadores,procesador_principal,Intel Celeron 2981U,nucleos_procesador,2
Computadores,procesador_principal,Intel Celeron 2981U,hilos_procesador,2
Computadores,procesador_principal,Intel Celeron 3.06GHz,nucleos_procesador,1
Computadores,procesador_principal,Intel Celeron 3.06GHz,hilos_procesador,1
Computadores,procesador_principal,Intel Celeron 3.20GHz,nucleos_procesador,1
Computadores,procesador_principal,Intel Celeron 3.20GHz,hilos_procesador,1
Computadores,procesador_principal,Intel Celeron 3.33GHz,nucleos_procesador,1
Computadores,procesador_principal,Intel Celeron 3.33GHz,hilos_procesador,1
Computadores,procesador_principal,Intel Celeron 3205U,nucleos_procesador,2
Computadores,procesador_principal,Intel Celeron 3205U,hilos_procesador,2
Computadores,procesador_principal,Intel Celeron 3215U,nucleos_procesador,2
Computadores,procesador_principal,Intel Celeron 3215U,hilos_procesador,2
Computadores,procesador_principal,Intel Celeron 3755U,nucleos_procesador,2
Computadores,procesador_principal,Intel Celeron 3755U,hilos_procesador,2
Computadores,procesador_principal,Intel Celeron 3765U,nucleos_procesador,2
Computadores,procesador_principal,Intel Celeron 3765U,hilos_procesador,2
Computadores,procesador_principal,Intel Celeron 3855U,nucleos_procesador,2
Computadores,procesador_principal,Intel Celeron 3855U,hilos_procesador,2
Computadores,procesador_principal,Intel Celeron 3865U,nucleos_procesador,2
Computadores,procesador_principal,Intel Celeron 3865U,hilos_procesador,2
Computadores,procesador_principal,Intel Celeron 3867U,nucleos_procesador,2
Computadores,procesador_principal,Intel Celeron 3867U,hilos_procesador,2
Computadores,procesador_principal,Intel Celeron 3955U,nucleos_procesador,2
Computadores,procesador_principal,Intel Celeron 3955U,hilos_procesador,2
Computadores,procesador_principal,Intel Celeron 3965U,nucleos_procesador,2
Computadores,procesador_principal,Intel Celeron 3965U,hilos_procesador,2
Computadores,procesador_principal,Intel Celeron 3965Y,nucleos_procesador,2
Computadores,procesador_principal,Intel Celeron 3965Y,hilos_procesador,2
Computadores,procesador_principal,Intel Celeron 420,nucleos_procesador,1
Computadores,procesador_principal,Intel Celeron 420,hilos_procesador,1
Computadores,procesador_principal,Intel Celeron 4205U,nucleos_procesador,2
Computadores,procesador_principal,Intel Celeron 4205U,hilos_procesador,2
Computadores,procesador_principal,Intel Celeron 430,nucleos_procesador,1
Computadores,procesador_principal,Intel Celeron 430,hilos_procesador,1
Computadores,procesador_principal,Intel Celeron 4305U,nucleos_procesador,2
Computadores,procesador_principal,Intel Celeron 4305U,hilos_procesador,2
Computadores,procesador_principal,Intel Celeron 4305UE,nucleos_procesador,2
Computadores,procesador_principal,Intel Celeron 4305UE,hilos_procesador,2
Computadores,procesador_principal,Intel Celeron 440,nucleos_procesador,1
Computadores,procesador_principal,Intel Celeron 440,hilos_procesador,1
Computadores,procesador_principal,Intel Celeron 450,nucleos_procesador,1
Computadores,procesador_principal,Intel Celeron 450,hilos_procesador,1
Computadores,procesador_principal,Intel Celeron 5205U,nucleos_procesador,2
Computadores,procesador_principal,Intel Celeron 5205U,hilos_procesador,2
Computadores,procesador_principal,Intel Celeron 530,nucleos_procesador,1
Computadores,procesador_principal,Intel Celeron 530,hilos_procesador,1
Computadores,procesador_principal,Intel Celeron 5305U,nucleos_procesador,2
Computadores,procesador_principal,Intel Celeron 5305U,hilos_procesador,2
Computadores,procesador_principal,Intel Celeron 540,nucleos_procesador,1
Computadores,procesador_principal,Intel Celeron 540,hilos_procesador,1
Computadores,procesador_principal,Intel Celeron 550,nucleos_procesador,1
Computadores,procesador_principal,Intel Celeron 550,hilos_procesador,1
Computadores,procesador_principal,Intel Celeron 560,nucleos_procesador,1
Computadores,procesador_principal,Intel Celeron 560,hilos_procesador,1
Computadores,procesador_principal,Intel Celeron 570,nucleos_procesador,1
Computadores,procesador_principal,Intel Celeron 570,hilos_procesador,1
Computadores,procesador_principal,Intel Celeron 6305,nucleos_procesador,2
Computadores,procesador_principal,Intel Celeron 6305,hilos_procesador,2
Computadores,procesador_principal,Intel Celeron 6305E,nucleos_procesador,2
Computadores,procesador_principal,Intel Celeron 6305E,hilos_procesador,2
Computadores,procesador_principal,Intel Celeron 6600HE,nucleos_procesador,2
Computadores,procesador_principal,Intel Celeron 6600HE,hilos_procesador,2
Computadores,procesador_principal,Intel Celeron 723,nucleos_procesador,1
Computadores,procesador_principal,Intel Celeron 723,hilos_procesador,1
Computadores,procesador_principal,Intel Celeron 7305,nucleos_procesador,5
Computadores,procesador_principal,Intel Celeron 7305,hilos_procesador,5
Computadores,procesador_principal,Intel Celeron 7305E,nucleos_procesador,5
Computadores,procesador_principal,Intel Celeron 7305E,hilos_procesador,5
Computadores,procesador_principal,Intel Celeron 743,nucleos_procesador,1
Computadores,procesador_principal,Intel Celeron 743,hilos_procesador,1
Computadores,procesador_principal,Intel Celeron 807,nucleos_procesador,1
Computadores,procesador_principal,Intel Celeron 807,hilos_procesador,2
Computadores,procesador_principal,Intel Celeron 807UE,nucleos_procesador,1
Computadores,procesador_principal,Intel Celeron 807UE,hilos_procesador,1
Computadores,procesador_principal,Intel Celeron 827E,nucleos_procesador,1
Computadores,procesador_principal,Intel Celeron 827E,hilos_procesador,1
Computadores,procesador_principal,Intel Celeron 847,nucleos_procesador,2
Computadores,procesador_principal,Intel Celeron 847,hilos_procesador,2
Computadores,procesador_principal,Intel Celeron 847E,nucleos_procesador,2
Computadores,procesador_principal,Intel Celeron 847E,hilos_procesador,2
Computadores,procesador_principal,Intel Celeron 857,nucleos_procesador,2
Computadores,procesador_principal,Intel Celeron 857,hilos_procesador,2
Computadores,procesador_principal,Intel Celeron 867,nucleos_procesador,2
Computadores,procesador_principal,Intel Celeron 867,hilos_procesador,2
Computadores,procesador_principal,Intel Celeron 877,nucleos_procesador,2
Computadores,procesador_principal,Intel Celeron 877,hilos_procesador,2
Computadores,procesador_principal,Intel Celeron 887,nucleos_procesador,2
Computadores,procesador_principal,Intel Celeron 887,hilos_procesador,2
Computadores,procesador_principal,Intel Celeron 900,nucleos_procesador,1
Computadores,procesador_principal,Intel Celeron 900,hilos_procesador,1
Computadores,procesador_principal,Intel Celeron 925,nucleos_procesador,1
Computadores,procesador_principal,Intel Celeron 925,hilos_procesador,1
Computadores,procesador_principal,Intel Celeron B710,nucleos_procesador,1
Computadores,procesador_principal,Intel Celeron B710,hilos_procesador,1
Computadores,procesador_principal,Intel Celeron B800,nucleos_procesador,2
Computadores,procesador_principal,Intel Celeron B800,hilos_procesador,2
Computadores,procesador_principal,Intel Celeron B810,nucleos_procesador,2
Computadores,procesador_principal,Intel Celeron B810,hilos_procesador,2
Computadores,procesador_principal,Intel Celeron B815,nucleos_procesador,2
Computadores,procesador_principal,Intel Celeron B815,hilos_procesador,2
Computadores,procesador_principal,Intel Celeron B820,nucleos_procesador,2
Computadores,procesador_principal,Intel Celeron B820,hilos_procesador,2
Computadores,procesador_principal,Intel Celeron B830,nucleos_procesador,2
Computadores,procesador_principal,Intel Celeron B830,hilos_procesador,2
Computadores,procesador_principal,Intel Celeron B840,nucleos_procesador,2
Computadores,procesador_principal,Intel Celeron B840,hilos_procesador,2
Computadores,procesador_principal,Intel Celeron D 347,nucleos_procesador,1
Computadores,procesador_principal,Intel Celeron D 347,hilos_procesador,1
Computadores,procesador_principal,Intel Celeron D 352,nucleos_procesador,1
Computadores,procesador_principal,Intel Celeron D 352,hilos_procesador,1
Computadores,procesador_principal,Intel Celeron D 356,nucleos_procesador,1
Computadores,procesador_principal,Intel Celeron D 356,hilos_procesador,1
Computadores,procesador_principal,Intel Celeron D 360,nucleos_procesador,1
Computadores,procesador_principal,Intel Celeron D 360,hilos_procesador,1
Computadores,procesador_principal,Intel Celeron D 420,nucleos_procesador,1
Computadores,procesador_principal,Intel Celeron D 420,hilos_procesador,1
Computadores,procesador_principal,Intel Celeron E1200,nucleos_procesador,2
Computadores,procesador_principal,Intel Celeron E1200,hilos_procesador,2
Computadores,procesador_principal,Intel Celeron E1400,nucleos_procesador,2
Computadores,procesador_principal,Intel Celeron E1400,hilos_procesador,2
Computadores,procesador_principal,Intel Celeron E1500,nucleos_procesador,2
Computadores,procesador_principal,Intel Celeron E1500,hilos_procesador,2
Computadores,procesador_principal,Intel Celeron E1600,nucleos_procesador,2
Computadores,procesador_principal,Intel Celeron E1600,hilos_procesador,2
Computadores,procesador_principal,Intel Celeron E3200,nucleos_procesador,2
Computadores,procesador_principal,Intel Celeron E3200,hilos_procesador,2
Computadores,procesador_principal,Intel Celeron E3300,nucleos_procesador,2
Computadores,procesador_principal,Intel Celeron E3300,hilos_procesador,2
Computadores,procesador_principal,Intel Celeron E3400,nucleos_procesador,2
Computadores,procesador_principal,Intel Celeron E3400,hilos_procesador,2
Computadores,procesador_principal,Intel Celeron E3500,nucleos_procesador,2
Computadores,procesador_principal,Intel Celeron E3500,hilos_procesador,2
Computadores,procesador_principal,Intel Celeron G1101,nucleos_procesador,2
Computadores,procesador_principal,Intel Celeron G1101,hilos_procesador,2
Computadores,procesador_principal,Intel Celeron G1610,nucleos_procesador,2
Computadores,procesador_principal,Intel Celeron G1610,hilos_procesador,2
Computadores,procesador_principal,Intel Celeron G1610T,nucleos_procesador,2
Computadores,procesador_principal,Intel Celeron G1610T,hilos_procesador,2
Computadores,procesador_principal,Intel Celeron G1620,nucleos_procesador,2
Computadores,procesador_principal,Intel Celeron G1620,hilos_procesador,2
Computadores,procesador_principal,Intel Celeron G1620T,nucleos_procesador,2
Computadores,procesador_principal,Intel Celeron G1620T,hilos_procesador,2
Computadores,procesador_principal,Intel Celeron G1630,nucleos_procesador,2
Computadores,procesador_principal,Intel Celeron G1630,hilos_procesador,2
Computadores,procesador_principal,Intel Celeron G1820,nucleos_procesador,2
Computadores,procesador_principal,Intel Celeron G1820,hilos_procesador,2
Computadores,procesador_principal,Intel Celeron G1820T,nucleos_procesador,2
Computadores,procesador_principal,Intel Celeron G1820T,hilos_procesador,2
Computadores,procesador_principal,Intel Celeron G1820TE,nucleos_procesador,2
Computadores,procesador_principal,Intel Celeron G1820TE,hilos_procesador,2
Computadores,procesador_principal,Intel Celeron G1830,nucleos_procesador,2
Computadores,procesador_principal,Intel Celeron G1830,hilos_procesador,2
Computadores,procesador_principal,Intel Celeron G1840,nucleos_procesador,2
Computadores,procesador_principal,Intel Celeron G1840,hilos_procesador,2
Computadores,procesador_principal,Intel Celeron G1840T,nucleos_procesador,2
Computadores,procesador_principal,Intel Celeron G1840T,hilos_procesador,2
Computadores,procesador_principal,Intel Celeron G1850,nucleos_procesador,2
Computadores,procesador_principal,Intel Celeron G1850,hilos_procesador,2
Computadores,procesador_principal,Intel Celeron G3900,nucleos_procesador,2
Computadores,procesador_principal,Intel Celeron G3900,hilos_procesador,2
Computadores,procesador_principal,Intel Celeron G3900E,nucleos_procesador,2
Computadores,procesador_principal,Intel Celeron G3900E,hilos_procesador,2
Computadores,procesador_principal,Intel Celeron G3900T,nucleos_procesador,2
Computadores,procesador_principal,Intel Celeron G3900T,hilos_procesador,2
Computadores,procesador_principal,Intel Celeron G3900TE,nucleos_procesador,2
Computadores,procesador_principal,Intel Celeron G3900TE,hilos_procesador,2
Computadores,procesador_principal,Intel Celeron G3920,nucleos_procesador,2
Computadores,procesador_principal,Intel Celeron G3920,hilos_procesador,2
Computadores,procesador_principal,Intel Celeron G3930,nucleos_procesador,2
Computadores,procesador_principal,Intel Celeron G3930,hilos_procesador,2
Computadores,procesador_principal,Intel Celeron G3930T,nucleos_procesador,2
Computadores,procesador_principal,Intel Celeron G3930T,hilos_procesador,2
Computadores,procesador_principal,Intel Celeron G3930TE,nucleos_procesador,2
Computadores,procesador_principal,Intel Celeron G3930TE,hilos_procesador,2
Computadores,procesador_principal,Intel Celeron G3950,nucleos_procesador,2
Computadores,procesador_principal,Intel Celeron G3950,hilos_procesador,2
Computadores,procesador_principal,Intel Celeron G440,nucleos_procesador,1
Computadores,procesador_principal,Intel Celeron G440,hilos_procesador,1
Computadores,procesador_principal,Intel Celeron G460,nucleos_procesador,1
Computadores,procesador_principal,Intel Celeron G460,hilos_procesador,2
Computadores,procesador_principal,Intel Celeron G465,nucleos_procesador,1
Computadores,procesador_principal,Intel Celeron G465,hilos_procesador,2
Computadores,procesador_principal,Intel Celeron G470,nucleos_procesador,1
Computadores,procesador_principal,Intel Celeron G470,hilos_procesador,2
Computadores,procesador_principal,Intel Celeron G4900,nucleos_procesador,2
Computadores,procesador_principal,Intel Celeron G4900,hilos_procesador,2
Computadores,procesador_principal,Intel Celeron G4900T,nucleos_procesador,2
Computadores,procesador_principal,Intel Celeron G4900T,hilos_procesador,2
Computadores,procesador_principal,Intel Celeron G4920,nucleos_procesador,2
Computadores,procesador_principal,Intel Celeron G4920,hilos_procesador,2
Computadores,procesador_principal,Intel Celeron G4930,nucleos_procesador,2
Computadores,procesador_principal,Intel Celeron G4930,hilos_procesador,2
Computadores,procesador_principal,Intel Celeron G4930T,nucleos_procesador,2
Computadores,procesador_principal,Intel Celeron G4930T,hilos_procesador,2
Computadores,procesador_principal,Intel Celeron G4950,nucleos_procesador,2
Computadores,procesador_principal,Intel Celeron G4950,hilos_procesador,2
Computadores,procesador_principal,Intel Celeron G530,nucleos_procesador,2
Computadores,procesador_principal,Intel Celeron G530,hilos_procesador,2
Computadores,procesador_principal,Intel Celeron G530T,nucleos_procesador,2
Computadores,procesador_principal,Intel Celeron G530T,hilos_procesador,2
Computadores,procesador_principal,Intel Celeron G540,nucleos_procesador,2
Computadores,procesador_principal,Intel Celeron G540,hilos_procesador,2
Computadores,procesador_principal,Intel Celeron G540T,nucleos_procesador,2
Computadores,procesador_principal,Intel Celeron G540T,hilos_procesador,2
Computadores,procesador_principal,Intel Celeron G550,nucleos_procesador,2
Computadores,procesador_principal,Intel Celeron G550,hilos_procesador,2
Computadores,procesador_principal,Intel Celeron G550T,nucleos_procesador,2
Computadores,procesador_principal,Intel Celeron G550T,hilos_procesador,2
Computadores,procesador_principal,Intel Celeron G555,nucleos_procesador,2
Computadores,procesador_principal,Intel Celeron G555,hilos_procesador,2
Computadores,procesador_principal,Intel Celeron G5900,nucleos_procesador,2
Computadores,procesador_principal,Intel Celeron G5900,hilos_procesador,2
Computadores,procesador_principal,Intel Celeron G5900E,nucleos_procesador,2
Computadores,procesador_principal,Intel Celeron G5900E,hilos_procesador,2
Computadores,procesador_principal,Intel Celeron G5900T,nucleos_procesador,2
Computadores,procesador_principal,Intel Celeron G5900T,hilos_procesador,2
Computadores,procesador_principal,Intel Celeron G5905,nucleos_procesador,2
Computadores,procesador_principal,Intel Celeron G5905,hilos_procesador,2
Computadores,procesador_principal,Intel Celeron G5905T,nucleos_procesador,2
Computadores,procesador_principal,Intel Celeron G5905T,hilos_procesador,2
Computadores,procesador_principal,Intel Celeron G5920,nucleos_procesador,2
Computadores,procesador_principal,Intel Celeron G5920,hilos_procesador,2
Computadores,procesador_principal,Intel Celeron G5925,nucleos_procesador,2
Computadores,procesador_principal,Intel Celeron G5925,hilos_procesador,2
Computadores,procesador_principal,Intel Celeron G6900,nucleos_procesador,2
Computadores,procesador_principal,Intel Celeron G6900,hilos_procesador,2
Computadores,procesador_principal,Intel Celeron G6900E,nucleos_procesador,2
Computadores,procesador_principal,Intel Celeron G6900E,hilos_procesador,2
Computadores,procesador_principal,Intel Celeron G6900T,nucleos_procesador,2
Computadores,procesador_principal,Intel Celeron G6900T,hilos_procesador,2
Computadores,procesador_principal,Intel Celeron G6900TE,nucleos_procesador,2
Computadores,procesador_principal,Intel Celeron G6900TE,hilos_procesador,2
Computadores,procesador_principal,Intel Celeron J1750,nucleos_procesador,2
Computadores,procesador_principal,Intel Celeron J1750,hilos_procesador,2
Computadores,procesador_principal,Intel Celeron J1800,nucleos_procesador,2
Computadores,procesador_principal,Intel Celeron J1800,hilos_procesador,2
Computadores,procesador_principal,Intel Celeron J1850,nucleos_procesador,4
Computadores,procesador_principal,Intel Celeron J1850,hilos_procesador,4
Computadores,procesador_principal,Intel Celeron J1900,nucleos_procesador,4
Computadores,procesador_principal,Intel Celeron J1900,hilos_procesador,4
Computadores,procesador_principal,Intel Celeron J3060,nucleos_procesador,2
Computadores,procesador_principal,Intel Celeron J3060,hilos_procesador,2
Computadores,procesador_principal,Intel Celeron J3160,nucleos_procesador,4
Computadores,procesador_principal,Intel Celeron J3160,hilos_procesador,4
Computadores,procesador_principal,Intel Celeron J3355,nucleos_procesador,2
Computadores,procesador_principal,Intel Celeron J3355,hilos_procesador,2
Computadores,procesador_principal,Intel Celeron J3455,nucleos_procesador,4
Computadores,procesador_principal,Intel Celeron J3455,hilos_procesador,4
Computadores,procesador_principal,Intel Celeron J3455E,nucleos_procesador,4
Computadores,procesador_principal,Intel Celeron J3455E,hilos_procesador,4
Computadores,procesador_principal,Intel Celeron J4005,nucleos_procesador,2
Computadores,procesador_principal,Intel Celeron J4005,hilos_procesador,2
Computadores,procesador_principal,Intel Celeron J4025,nucleos_procesador,2
Computadores,procesador_principal,Intel Celeron J4025,hilos_procesador,2
Computadores,procesador_principal,Intel Celeron J4105,nucleos_procesador,4
Computadores,procesador_principal,Intel Celeron J4105,hilos_procesador,4
Computadores,procesador_principal,Intel Celeron J4115,nucleos_procesador,4
Computadores,procesador_principal,Intel Celeron J4115,hilos_procesador,4
Computadores,procesador_principal,Intel Celeron J4125,nucleos_procesador,4
Computadores,procesador_principal,Intel Celeron J4125,hilos_procesador,4
Computadores,procesador_principal,Intel Celeron J6412,nucleos_procesador,4
Computadores,procesador_principal,Intel Celeron J6412,hilos_procesador,4
Computadores,procesador_principal,Intel Celeron J6413,nucleos_procesador,4
Computadores,procesador_principal,Intel Celeron J6413,hilos_procesador,4
Computadores,procesador_principal,Intel Celeron M 410,nucleos_procesador,1
Computadores,procesador_principal,Intel Celeron M 410,hilos_procesador,1
Computadores,procesador_principal,Intel Celeron M 420,nucleos_procesador,1
Computadores,procesador_principal,Intel Celeron M 420,hilos_procesador,1
Computadores,procesador_principal,Intel Celeron M 430,nucleos_procesador,1
Computadores,procesador_principal,Intel Celeron M 430,hilos_procesador,1
Computadores,procesador_principal,Intel Celeron M 440,nucleos_procesador,1
Computadores,procesador_principal,Intel Celeron M 440,hilos_procesador,1
Computadores,procesador_principal,Intel Celeron M 443,nucleos_procesador,1
Computadores,procesador_principal,Intel Celeron M 443,hilos_procesador,1
Computadores,procesador_principal,Intel Celeron M 450,nucleos_procesador,1
Computadores,procesador_principal,Intel Celeron M 450,hilos_procesador,1
Computadores,procesador_principal,Intel Celeron M 520,nucleos_procesador,1
Computadores,procesador_principal,Intel Celeron M 520,hilos_procesador,1
Computadores,procesador_principal,Intel Celeron M 530,nucleos_procesador,1
Computadores,procesador_principal,Intel Celeron M 530,hilos_procesador,1
Computadores,procesador_principal,Intel Celeron M 723,nucleos_procesador,1
Computadores,procesador_principal,Intel Celeron M 723,hilos_procesador,1
Computadores,procesador_principal,Intel Celeron N2805,nucleos_procesador,2
Computadores,procesador_principal,Intel Celeron N2805,hilos_procesador,2
Computadores,procesador_principal,Intel Celeron N2806,nucleos_procesador,2
Computadores,procesador_principal,Intel Celeron N2806,hilos_procesador,2
Computadores,procesador_principal,Intel Celeron N2807,nucleos_procesador,2
Computadores,procesador_principal,Intel Celeron N2807,hilos_procesador,2
Computadores,procesador_principal,Intel Celeron N2808,nucleos_procesador,2
Computadores,procesador_principal,Intel Celeron N2808,hilos_procesador,2
Computadores,procesador_principal,Intel Celeron N2810,nucleos_procesador,2
Computadores,procesador_principal,Intel Celeron N2810,hilos_procesador,2
Computadores,procesador_principal,Intel Celeron N2815,nucleos_procesador,2
Computadores,procesador_principal,Intel Celeron N2815,hilos_procesador,2
Computadores,procesador_principal,Intel Celeron N2820,nucleos_procesador,2
Computadores,procesador_principal,Intel Celeron N2820,hilos_procesador,2
Computadores,procesador_principal,Intel Celeron N2830,nucleos_procesador,2
Computadores,procesador_principal,Intel Celeron N2830,hilos_procesador,2
Computadores,procesador_principal,Intel Celeron N2840,nucleos_procesador,2
Computadores,procesador_principal,Intel Celeron N2840,hilos_procesador,2
Computadores,procesador_principal,Intel Celeron N2910,nucleos_procesador,4
Computadores,procesador_principal,Intel Celeron N2910,hilos_procesador,4
Computadores,procesador_principal,Intel Celeron N2920,nucleos_procesador,4
Computadores,procesador_principal,Intel Celeron N2920,hilos_procesador,4
Computadores,procesador_principal,Intel Celeron N2930,nucleos_procesador,4
Computadores,procesador_principal,Intel Celeron N2930,hilos_procesador,4
Computadores,procesador_principal,Intel Celeron N2940,nucleos_procesador,4
Computadores,procesador_principal,Intel Celeron N2940,hilos_procesador,4
Computadores,procesador_principal,Intel Celeron N3000,nucleos_procesador,2
Computadores,procesador_principal,Intel Celeron N3000,hilos_procesador,2
Computadores,procesador_principal,Intel Celeron N3010,nucleos_procesador,2
Computadores,procesador_principal,Intel Celeron N3010,hilos_procesador,2
Computadores,procesador_principal,Intel Celeron N3050,nucleos_procesador,2
Computadores,procesador_principal,Intel Celeron N3050,hilos_procesador,2
Computadores,procesador_principal,Intel Celeron N3060,nucleos_procesador,2
Computadores,procesador_principal,Intel Celeron N3060,hilos_procesador,2
Computadores,procesador_principal,Intel Celeron N3150,nucleos_procesador,4
Computadores,procesador_principal,Intel Celeron N3150,hilos_procesador,4
Computadores,procesador_principal,Intel Celeron N3160,nucleos_procesador,4
Computadores,procesador_principal,Intel Celeron N3160,hilos_procesador,4
Computadores,procesador_principal,Intel Celeron N3350,nucleos_procesador,2
Computadores,procesador_principal,Intel Celeron N3350,hilos_procesador,2
Computadores,procesador_principal,Intel Celeron N3450,nucleos_procesador,4
Computadores,procesador_principal,Intel Celeron N3450,hilos_procesador,4
Computadores,procesador_principal,Intel Celeron N4000,nucleos_procesador,2
Computadores,procesador_principal,Intel Celeron N4000,hilos_procesador,2
Computadores,procesador_principal,Intel Celeron N4000C,nucleos_procesador,2
Computadores,procesador_principal,Intel Celeron N4000C,hilos_procesador,2
Computadores,procesador_principal,Intel Celeron N4020,nucleos_procesador,2
Computadores,procesador_principal,Intel Celeron N4020,hilos_procesador,2
Computadores,procesador_principal,Intel Celeron N4020C,nucleos_procesador,2
Computadores,procesador_principal,Intel Celeron N4020C,hilos_procesador,2
Computadores,procesador_principal,Intel Celeron N4100,nucleos_procesador,4
Computadores,procesador_principal,Intel Celeron N4100,hilos_procesador,4
Computadores,procesador_principal,Intel Celeron N4120,nucleos_procesador,4
Computadores,procesador_principal,Intel Celeron N4120,hilos_procesador,4
Computadores,procesador_principal,Intel Celeron N4500,nucleos_procesador,2
Computadores,procesador_principal,Intel Celeron N4500,hilos_procesador,2
Computadores,procesador_principal,Intel Celeron N4505,nucleos_procesador,2
Computadores,procesador_principal,Intel Celeron N4505,hilos_procesador,2
Computadores,procesador_principal,Intel Celeron N5095,nucleos_procesador,4
Computadores,procesador_principal,Intel Celeron N5095,hilos_procesador,4
Computadores,procesador_principal,Intel Celeron N5095A,nucleos_procesador,4
Computadores,procesador_principal,Intel Celeron N5095A,hilos_procesador,4
Computadores,procesador_principal,Intel Celeron N5100,nucleos_procesador,4
Computadores,procesador_principal,Intel Celeron N5100,hilos_procesador,4
Computadores,procesador_principal,Intel Celeron N5105,nucleos_procesador,4
Computadores,procesador_principal,Intel Celeron N5105,hilos_procesador,4
Computadores,procesador_principal,Intel Celeron N6210,nucleos_procesador,2
Computadores,procesador_principal,Intel Celeron N6210,hilos_procesador,2
Computadores,procesador_principal,Intel Celeron N6211,nucleos_procesador,2
Computadores,procesador_principal,Intel Celeron N6211,hilos_procesador,2
Computadores,procesador_principal,Intel Celeron P4500,nucleos_procesador,2
Computadores,procesador_principal,Intel Celeron P4500,hilos_procesador,2
Computadores,procesador_principal,Intel Celeron P4505,nucleos_procesador,2
Computadores,procesador_principal,Intel Celeron P4505,hilos_procesador,2
Computadores,procesador_principal,Intel Celeron P4600,nucleos_procesador,2
Computadores,procesador_principal,Intel Celeron P4600,hilos_procesador,2
Computadores,procesador_principal,Intel Celeron SU2300,nucleos_procesador,2
Computadores,procesador_principal,Intel Celeron SU2300,hilos_procesador,2
Computadores,procesador_principal,Intel Celeron T1600,nucleos_procesador,2
Computadores,procesador_principal,Intel Celeron T1600,hilos_procesador,2
Computadores,procesador_principal,Intel Celeron U1900,nucleos_procesador,4
Computadores,procesador_principal,Intel Celeron U1900,hilos_procesador,4
Computadores,procesador_principal,Intel Celeron U3400,nucleos_procesador,2
Computadores,procesador_principal,Intel Celeron U3400,hilos_procesador,2
Computadores,procesador_principal,Intel Celeron U3600,nucleos_procesador,2
Computadores,procesador_principal,Intel Celeron U3600,hilos_procesador,2
Computadores,procesador_principal,Intel Core 3 100U,nucleos_procesador,6
Computadores,procesador_principal,Intel Core 3 100U,hilos_procesador,8
Computadores,procesador_principal,Intel Core 5 120U,nucleos_procesador,10
Computadores,procesador_principal,Intel Core 5 120U,hilos_procesador,12
Computadores,procesador_principal,Intel Core 5 210H,nucleos_procesador,8
Computadores,procesador_principal,Intel Core 5 210H,hilos_procesador,12
Computadores,procesador_principal,Intel Core 5 220H,nucleos_procesador,12
Computadores,procesador_principal,Intel Core 5 220H,hilos_procesador,16
Computadores,procesador_principal,Intel Core 5 220U,nucleos_procesador,10
Computadores,procesador_principal,Intel Core 5 220U,hilos_procesador,12
Computadores,procesador_principal,Intel Core 7 150U,nucleos_procesador,10
Computadores,procesador_principal,Intel Core 7 150U,hilos_procesador,12
Computadores,procesador_principal,Intel Core 7 240H,nucleos_procesador,10
Computadores,procesador_principal,Intel Core 7 240H,hilos_procesador,16
Computadores,procesador_principal,Intel Core 7 250H,nucleos_procesador,14
Computadores,procesador_principal,Intel Core 7 250H,hilos_procesador,20
Computadores,procesador_principal,Intel Core 860,nucleos_procesador,4
Computadores,procesador_principal,Intel Core 860,hilos_procesador,8
Computadores,procesador_principal,Intel Core Duo L2300,nucleos_procesador,2
Computadores,procesador_principal,Intel Core Duo L2300,hilos_procesador,2
Computadores,procesador_principal,Intel Core Duo L2400,nucleos_procesador,2
Computadores,procesador_principal,Intel Core Duo L2400,hilos_procesador,2
Computadores,procesador_principal,Intel Core Duo L2500,nucleos_procesador,2
Computadores,procesador_principal,Intel Core Duo L2500,hilos_procesador,2
Computadores,procesador_principal,Intel Core Duo T2050,nucleos_procesador,2
Computadores,procesador_principal,Intel Core Duo T2050,hilos_procesador,2
Computadores,procesador_principal,Intel Core Duo T2250,nucleos_procesador,2
Computadores,procesador_principal,Intel Core Duo T2250,hilos_procesador,2
Computadores,procesador_principal,Intel Core Duo T2300,nucleos_procesador,2
Computadores,procesador_principal,Intel Core Duo T2300,hilos_procesador,2
Computadores,procesador_principal,Intel Core Duo T2350,nucleos_procesador,2
Computadores,procesador_principal,Intel Core Duo T2350,hilos_procesador,2
Computadores,procesador_principal,Intel Core Duo T2400,nucleos_procesador,2
Computadores,procesador_principal,Intel Core Duo T2400,hilos_procesador,2
Computadores,procesador_principal,Intel Core Duo T2450,nucleos_procesador,2
Computadores,procesador_principal,Intel Core Duo T2450,hilos_procesador,2
Computadores,procesador_principal,Intel Core Duo T2500,nucleos_procesador,2
Computadores,procesador_principal,Intel Core Duo T2500,hilos_procesador,2
Computadores,procesador_principal,Intel Core Duo T2600,nucleos_procesador,2
Computadores,procesador_principal,Intel Core Duo T2600,hilos_procesador,2
Computadores,procesador_principal,Intel Core Duo T2700,nucleos_procesador,2
Computadores,procesador_principal,Intel Core Duo T2700,hilos_procesador,2
Computadores,procesador_principal,Intel Core Duo U2400,nucleos_procesador,2
Computadores,procesador_principal,Intel Core Duo U2400,hilos_procesador,2
Computadores,procesador_principal,Intel Core Duo U2500,nucleos_procesador,2
Computadores,procesador_principal,Intel Core Duo U2500,hilos_procesador,2
Computadores,procesador_principal,Intel Core i3-1000NG4,nucleos_procesador,2
Computadores,procesador_principal,Intel Core i3-1000NG4,hilos_procesador,4
Computadores,procesador_principal,Intel Core i3-1005G1,nucleos_procesador,2
Computadores,procesador_principal,Intel Core i3-1005G1,hilos_procesador,4
Computadores,procesador_principal,Intel Core i3-10100,nucleos_procesador,4
Computadores,procesador_principal,Intel Core i3-10100,hilos_procesador,8
Computadores,procesador_principal,Intel Core i3-10100E,nucleos_procesador,4
Computadores,procesador_principal,Intel Core i3-10100E,hilos_procesador,8
Computadores,procesador_principal,Intel Core i3-10100F,nucleos_procesador,4
Computadores,procesador_principal,Intel Core i3-10100F,hilos_procesador,8
Computadores,procesador_principal,Intel Core i3-10100T,nucleos_procesador,4
Computadores,procesador_principal,Intel Core i3-10100T,hilos_procesador,8
Computadores,procesador_principal,Intel Core i3-10100TE,nucleos_procesador,4
Computadores,procesador_principal,Intel Core i3-10100TE,hilos_procesador,8
Computadores,procesador_principal,Intel Core i3-10100Y,nucleos_procesador,2
Computadores,procesador_principal,Intel Core i3-10100Y,hilos_procesador,4
Computadores,procesador_principal,Intel Core i3-10105,nucleos_procesador,4
Computadores,procesador_principal,Intel Core i3-10105,hilos_procesador,8
Computadores,procesador_principal,Intel Core i3-10105F,nucleos_procesador,4
Computadores,procesador_principal,Intel Core i3-10105F,hilos_procesador,8
Computadores,procesador_principal,Intel Core i3-10105T,nucleos_procesador,4
Computadores,procesador_principal,Intel Core i3-10105T,hilos_procesador,8
Computadores,procesador_principal,Intel Core i3-10110U,nucleos_procesador,2
Computadores,procesador_principal,Intel Core i3-10110U,hilos_procesador,4
Computadores,procesador_principal,Intel Core i3-10110Y,nucleos_procesador,2
Computadores,procesador_principal,Intel Core i3-10110Y,hilos_procesador,4
Computadores,procesador_principal,Intel Core i3-10300,nucleos_procesador,4
Computadores,procesador_principal,Intel Core i3-10300,hilos_procesador,8
Computadores,procesador_principal,Intel Core i3-10300T,nucleos_procesador,4
Computadores,procesador_principal,Intel Core i3-10300T,hilos_procesador,8
Computadores,procesador_principal,Intel Core i3-10305,nucleos_procesador,4
Computadores,procesador_principal,Intel Core i3-10305,hilos_procesador,8
Computadores,procesador_principal,Intel Core i3-10305T,nucleos_procesador,4
Computadores,procesador_principal,Intel Core i3-10305T,hilos_procesador,8
Computadores,procesador_principal,Intel Core i3-10320,nucleos_procesador,4
Computadores,procesador_principal,Intel Core i3-10320,hilos_procesador,8
Computadores,procesador_principal,Intel Core i3-10325,nucleos_procesador,4
Computadores,procesador_principal,Intel Core i3-10325,hilos_procesador,8
Computadores,procesador_principal,Intel Core i3-11100B,nucleos_procesador,4
Computadores,procesador_principal,Intel Core i3-11100B,hilos_procesador,8
Computadores,procesador_principal,Intel Core i3-11100HE,nucleos_procesador,4
Computadores,procesador_principal,Intel Core i3-11100HE,hilos_procesador,8
Computadores,procesador_principal,Intel Core i3-1110G4,nucleos_procesador,2
Computadores,procesador_principal,Intel Core i3-1110G4,hilos_procesador,4
Computadores,procesador_principal,Intel Core i3-1115G4,nucleos_procesador,2
Computadores,procesador_principal,Intel Core i3-1115G4,hilos_procesador,4
Computadores,procesador_principal,Intel Core i3-1115G4E,nucleos_procesador,2
Computadores,procesador_principal,Intel Core i3-1115G4E,hilos_procesador,4
Computadores,procesador_principal,Intel Core i3-1115GRE,nucleos_procesador,2
Computadores,procesador_principal,Intel Core i3-1115GRE,hilos_procesador,4
Computadores,procesador_principal,Intel Core i3-1125G4,nucleos_procesador,4
Computadores,procesador_principal,Intel Core i3-1125G4,hilos_procesador,8
Computadores,procesador_principal,Intel Core i3-12100,nucleos_procesador,4
Computadores,procesador_principal,Intel Core i3-12100,hilos_procesador,8
Computadores,procesador_principal,Intel Core i3-12100E,nucleos_procesador,4
Computadores,procesador_principal,Intel Core i3-12100E,hilos_procesador,8
Computadores,procesador_principal,Intel Core i3-12100F,nucleos_procesador,4
Computadores,procesador_principal,Intel Core i3-12100F,hilos_procesador,8
Computadores,procesador_principal,Intel Core i3-12100T,nucleos_procesador,4
Computadores,procesador_principal,Intel Core i3-12100T,hilos_procesador,8
Computadores,procesador_principal,Intel Core i3-12100TE,nucleos_procesador,4
Computadores,procesador_principal,Intel Core i3-12100TE,hilos_procesador,8
Computadores,procesador_principal,Intel Core i3-1210U,nucleos_procesador,6
Computadores,procesador_principal,Intel Core i3-1210U,hilos_procesador,8
Computadores,procesador_principal,Intel Core i3-1215U,nucleos_procesador,6
Computadores,procesador_principal,Intel Core i3-1215U,hilos_procesador,8
Computadores,procesador_principal,Intel Core i3-1215UE,nucleos_procesador,6
Computadores,procesador_principal,Intel Core i3-1215UE,hilos_procesador,8
Computadores,procesador_principal,Intel Core i3-1215UL,nucleos_procesador,6
Computadores,procesador_principal,Intel Core i3-1215UL,hilos_procesador,8
Computadores,procesador_principal,Intel Core i3-1220P,nucleos_procesador,10
Computadores,procesador_principal,Intel Core i3-1220P,hilos_procesador,12
Computadores,procesador_principal,Intel Core i3-1220PE,nucleos_procesador,8
Computadores,procesador_principal,Intel Core i3-1220PE,hilos_procesador,12
Computadores,procesador_principal,Intel Core i3-12300,nucleos_procesador,4
Computadores,procesador_principal,Intel Core i3-12300,hilos_procesador,8
Computadores,procesador_principal,Intel Core i3-12300HL,nucleos_procesador,8
Computadores,procesador_principal,Intel Core i3-12300HL,hilos_procesador,12
Computadores,procesador_principal,Intel Core i3-12300T,nucleos_procesador,4
Computadores,procesador_principal,Intel Core i3-12300T,hilos_procesador,8
Computadores,procesador_principal,Intel Core i3-1305U,nucleos_procesador,5
Computadores,procesador_principal,Intel Core i3-1305U,hilos_procesador,6
Computadores,procesador_principal,Intel Core i3-13100,nucleos_procesador,4
Computadores,procesador_principal,Intel Core i3-13100,hilos_procesador,8
Computadores,procesador_principal,Intel Core i3-13100E,nucleos_procesador,4
Computadores,procesador_principal,Intel Core i3-13100E,hilos_procesador,8
Computadores,procesador_principal,Intel Core i3-13100F,nucleos_procesador,4
Computadores,procesador_principal,Intel Core i3-13100F,hilos_procesador,8
Computadores,procesador_principal,Intel Core i3-13100T,nucleos_procesador,4
Computadores,procesador_principal,Intel Core i3-13100T,hilos_procesador,8
Computadores,procesador_principal,Intel Core i3-13100TE,nucleos_procesador,4
Computadores,procesador_principal,Intel Core i3-13100TE,hilos_procesador,8
Computadores,procesador_principal,Intel Core i3-1315U,nucleos_procesador,6
Computadores,procesador_principal,Intel Core i3-1315U,hilos_procesador,8
Computadores,procesador_principal,Intel Core i3-1315UE,nucleos_procesador,6
Computadores,procesador_principal,Intel Core i3-1315UE,hilos_procesador,8
Computadores,procesador_principal,Intel Core i3-14100,nucleos_procesador,4
Computadores,procesador_principal,Intel Core i3-14100,hilos_procesador,8
Computadores,procesador_principal,Intel Core i3-14100F,nucleos_procesador,4
Computadores,procesador_principal,Intel Core i3-14100F,hilos_procesador,8
Computadores,procesador_principal,Intel Core i3-14100T,nucleos_procesador,4
Computadores,procesador_principal,Intel Core i3-14100T,hilos_procesador,8
Computadores,procesador_principal,Intel Core i3-2100,nucleos_procesador,2
Computadores,procesador_principal,Intel Core i3-2100,hilos_procesador,4
Computadores,procesador_principal,Intel Core i3-2100T,nucleos_procesador,2
Computadores,procesador_principal,Intel Core i3-2100T,hilos_procesador,4
Computadores,procesador_principal,Intel Core i3-2102,nucleos_procesador,2
Computadores,procesador_principal,Intel Core i3-2102,hilos_procesador,4
Computadores,procesador_principal,Intel Core i3-2105,nucleos_procesador,2
Computadores,procesador_principal,Intel Core i3-2105,hilos_procesador,4
Computadores,procesador_principal,Intel Core i3-21050,nucleos_procesador,2
Computadores,procesador_principal,Intel Core i3-21050,hilos_procesador,4
Computadores,procesador_principal,Intel Core i3-2120,nucleos_procesador,2
Computadores,procesador_principal,Intel Core i3-2120,hilos_procesador,4
Computadores,procesador_principal,Intel Core i3-2120T,nucleos_procesador,2
Computadores,procesador_principal,Intel Core i3-2120T,hilos_procesador,4
Computadores,procesador_principal,Intel Core i3-2125,nucleos_procesador,2
Computadores,procesador_principal,Intel Core i3-2125,hilos_procesador,4
Computadores,procesador_principal,Intel Core i3-2130,nucleos_procesador,2
Computadores,procesador_principal,Intel Core i3-2130,hilos_procesador,4
Computadores,procesador_principal,Intel Core i3-2140,nucleos_procesador,2
Computadores,procesador_principal,Intel Core i3-2140,hilos_procesador,4
Computadores,procesador_principal,Intel Core i3-2310E,nucleos_procesador,2
Computadores,procesador_principal,Intel Core i3-2310E,hilos_procesador,4
Computadores,procesador_principal,Intel Core i3-2310M,nucleos_procesador,2
Computadores,procesador_principal,Intel Core i3-2310M,hilos_procesador,4
Computadores,procesador_principal,Intel Core i3-2312M,nucleos_procesador,2
Computadores,procesador_principal,Intel Core i3-2312M,hilos_procesador,4
Computadores,procesador_principal,Intel Core i3-2328M,nucleos_procesador,2
Computadores,procesador_principal,Intel Core i3-2328M,hilos_procesador,4
Computadores,procesador_principal,Intel Core i3-2330E,nucleos_procesador,2
Computadores,procesador_principal,Intel Core i3-2330E,hilos_procesador,4
Computadores,procesador_principal,Intel Core i3-2330M,nucleos_procesador,2
Computadores,procesador_principal,Intel Core i3-2330M,hilos_procesador,4
Computadores,procesador_principal,Intel Core i3-2332M,nucleos_procesador,2
Computadores,procesador_principal,Intel Core i3-2332M,hilos_procesador,4
Computadores,procesador_principal,Intel Core i3-2340UE,nucleos_procesador,2
Computadores,procesador_principal,Intel Core i3-2340UE,hilos_procesador,4
Computadores,procesador_principal,Intel Core i3-2348M,nucleos_procesador,2
Computadores,procesador_principal,Intel Core i3-2348M,hilos_procesador,4
Computadores,procesador_principal,Intel Core i3-2350M,nucleos_procesador,2
Computadores,procesador_principal,Intel Core i3-2350M,hilos_procesador,4
Computadores,procesador_principal,Intel Core i3-2357M,nucleos_procesador,2
Computadores,procesador_principal,Intel Core i3-2357M,hilos_procesador,4
Computadores,procesador_principal,Intel Core i3-2365M,nucleos_procesador,2
Computadores,procesador_principal,Intel Core i3-2365M,hilos_procesador,4
Computadores,procesador_principal,Intel Core i3-2367M,nucleos_procesador,2
Computadores,procesador_principal,Intel Core i3-2367M,hilos_procesador,4
Computadores,procesador_principal,Intel Core i3-2370M,nucleos_procesador,2
Computadores,procesador_principal,Intel Core i3-2370M,hilos_procesador,4
Computadores,procesador_principal,Intel Core i3-2375M,nucleos_procesador,2
Computadores,procesador_principal,Intel Core i3-2375M,hilos_procesador,4
Computadores,procesador_principal,Intel Core i3-2377M,nucleos_procesador,2
Computadores,procesador_principal,Intel Core i3-2377M,hilos_procesador,4
Computadores,procesador_principal,Intel Core i3-3110M,nucleos_procesador,2
Computadores,procesador_principal,Intel Core i3-3110M,hilos_procesador,4
Computadores,procesador_principal,Intel Core i3-3120M,nucleos_procesador,2
Computadores,procesador_principal,Intel Core i3-3120M,hilos_procesador,4
Computadores,procesador_principal,Intel Core i3-3130M,nucleos_procesador,2
Computadores,procesador_principal,Intel Core i3-3130M,hilos_procesador,4
Computadores,procesador_principal,Intel Core i3-3210,nucleos_procesador,2
Computadores,procesador_principal,Intel Core i3-3210,hilos_procesador,4
Computadores,procesador_principal,Intel Core i3-3217U,nucleos_procesador,2
Computadores,procesador_principal,Intel Core i3-3217U,hilos_procesador,4
Computadores,procesador_principal,Intel Core i3-3217UE,nucleos_procesador,2
Computadores,procesador_principal,Intel Core i3-3217UE,hilos_procesador,4
Computadores,procesador_principal,Intel Core i3-3220,nucleos_procesador,2
Computadores,procesador_principal,Intel Core i3-3220,hilos_procesador,4
Computadores,procesador_principal,Intel Core i3-3220T,nucleos_procesador,2
Computadores,procesador_principal,Intel Core i3-3220T,hilos_procesador,4
Computadores,procesador_principal,Intel Core i3-3225,nucleos_procesador,2
Computadores,procesador_principal,Intel Core i3-3225,hilos_procesador,4
Computadores,procesador_principal,Intel Core i3-3227U,nucleos_procesador,2
Computadores,procesador_principal,Intel Core i3-3227U,hilos_procesador,4
Computadores,procesador_principal,Intel Core i3-3229Y,nucleos_procesador,2
Computadores,procesador_principal,Intel Core i3-3229Y,hilos_procesador,4
Computadores,procesador_principal,Intel Core i3-3240,nucleos_procesador,2
Computadores,procesador_principal,Intel Core i3-3240,hilos_procesador,4
Computadores,procesador_principal,Intel Core i3-3240T,nucleos_procesador,2
Computadores,procesador_principal,Intel Core i3-3240T,hilos_procesador,4
Computadores,procesador_principal,Intel Core i3-3245,nucleos_procesador,2
Computadores,procesador_principal,Intel Core i3-3245,hilos_procesador,4
Computadores,procesador_principal,Intel Core i3-3250,nucleos_procesador,2
Computadores,procesador_principal,Intel Core i3-3250,hilos_procesador,4
Computadores,procesador_principal,Intel Core i3-3250T,nucleos_procesador,2
Computadores,procesador_principal,Intel Core i3-3250T,hilos_procesador,4
Computadores,procesador_principal,Intel Core i3-330E,nucleos_procesador,2
Computadores,procesador_principal,Intel Core i3-330E,hilos_procesador,4
Computadores,procesador_principal,Intel Core i3-330M,nucleos_procesador,2
Computadores,procesador_principal,Intel Core i3-330M,hilos_procesador,4
Computadores,procesador_principal,Intel Core i3-330UM,nucleos_procesador,2
Computadores,procesador_principal,Intel Core i3-330UM,hilos_procesador,4
Computadores,procesador_principal,Intel Core i3-350M,nucleos_procesador,2
Computadores,procesador_principal,Intel Core i3-350M,hilos_procesador,4
Computadores,procesador_principal,Intel Core i3-370M,nucleos_procesador,2
Computadores,procesador_principal,Intel Core i3-370M,hilos_procesador,4
Computadores,procesador_principal,Intel Core i3-380M,nucleos_procesador,2
Computadores,procesador_principal,Intel Core i3-380M,hilos_procesador,4
Computadores,procesador_principal,Intel Core i3-380UM,nucleos_procesador,2
Computadores,procesador_principal,Intel Core i3-380UM,hilos_procesador,4
Computadores,procesador_principal,Intel Core i3-390M,nucleos_procesador,2
Computadores,procesador_principal,Intel Core i3-390M,hilos_procesador,4
Computadores,procesador_principal,Intel Core i3-4000M,nucleos_procesador,2
Computadores,procesador_principal,Intel Core i3-4000M,hilos_procesador,4
Computadores,procesador_principal,Intel Core i3-4005U,nucleos_procesador,2
Computadores,procesador_principal,Intel Core i3-4005U,hilos_procesador,4
Computadores,procesador_principal,Intel Core i3-4010U,nucleos_procesador,2
Computadores,procesador_principal,Intel Core i3-4010U,hilos_procesador,4
Computadores,procesador_principal,Intel Core i3-4010Y,nucleos_procesador,2
Computadores,procesador_principal,Intel Core i3-4010Y,hilos_procesador,4
Computadores,procesador_principal,Intel Core i3-4012Y,nucleos_procesador,2
Computadores,procesador_principal,Intel Core i3-4012Y,hilos_procesador,4
Computadores,procesador_principal,Intel Core i3-4020Y,nucleos_procesador,2
Computadores,procesador_principal,Intel Core i3-4020Y,hilos_procesador,4
Computadores,procesador_principal,Intel Core i3-4025U,nucleos_procesador,2
Computadores,procesador_principal,Intel Core i3-4025U,hilos_procesador,4
Computadores,procesador_principal,Intel Core i3-4030U,nucleos_procesador,2
Computadores,procesador_principal,Intel Core i3-4030U,hilos_procesador,4
Computadores,procesador_principal,Intel Core i3-4030Y,nucleos_procesador,2
Computadores,procesador_principal,Intel Core i3-4030Y,hilos_procesador,4
Computadores,procesador_principal,Intel Core i3-4100E,nucleos_procesador,2
Computadores,procesador_principal,Intel Core i3-4100E,hilos_procesador,4
Computadores,procesador_principal,Intel Core i3-4100M,nucleos_procesador,2
Computadores,procesador_principal,Intel Core i3-4100M,hilos_procesador,4
Computadores,procesador_principal,Intel Core i3-4110M,nucleos_procesador,2
Computadores,procesador_principal,Intel Core i3-4110M,hilos_procesador,4
Computadores,procesador_principal,Intel Core i3-4110U,nucleos_procesador,2
Computadores,procesador_principal,Intel Core i3-4110U,hilos_procesador,4
Computadores,procesador_principal,Intel Core i3-4120U,nucleos_procesador,2
Computadores,procesador_principal,Intel Core i3-4120U,hilos_procesador,4
Computadores,procesador_principal,Intel Core i3-4130,nucleos_procesador,2
Computadores,procesador_principal,Intel Core i3-4130,hilos_procesador,4
Computadores,procesador_principal,Intel Core i3-4130T,nucleos_procesador,2
Computadores,procesador_principal,Intel Core i3-4130T,hilos_procesador,4
Computadores,procesador_principal,Intel Core i3-4150,nucleos_procesador,2
Computadores,procesador_principal,Intel Core i3-4150,hilos_procesador,4
Computadores,procesador_principal,Intel Core i3-4150T,nucleos_procesador,2
Computadores,procesador_principal,Intel Core i3-4150T,hilos_procesador,4
Computadores,procesador_principal,Intel Core i3-4158U,nucleos_procesador,2
Computadores,procesador_principal,Intel Core i3-4158U,hilos_procesador,4
Computadores,procesador_principal,Intel Core i3-4160,nucleos_procesador,2
Computadores,procesador_principal,Intel Core i3-4160,hilos_procesador,4
Computadores,procesador_principal,Intel Core i3-4160T,nucleos_procesador,2
Computadores,procesador_principal,Intel Core i3-4160T,hilos_procesador,4
Computadores,procesador_principal,Intel Core i3-4170,nucleos_procesador,2
Computadores,procesador_principal,Intel Core i3-4170,hilos_procesador,4
Computadores,procesador_principal,Intel Core i3-4170T,nucleos_procesador,2
Computadores,procesador_principal,Intel Core i3-4170T,hilos_procesador,4
Computadores,procesador_principal,Intel Core i3-4330,nucleos_procesador,2
Computadores,procesador_principal,Intel Core i3-4330,hilos_procesador,4
Computadores,procesador_principal,Intel Core i3-4330T,nucleos_procesador,2
Computadores,procesador_principal,Intel Core i3-4330T,hilos_procesador,4
Computadores,procesador_principal,Intel Core i3-4330TE,nucleos_procesador,2
Computadores,procesador_principal,Intel Core i3-4330TE,hilos_procesador,4
Computadores,procesador_principal,Intel Core i3-4340,nucleos_procesador,2
Computadores,procesador_principal,Intel Core i3-4340,hilos_procesador,4
Computadores,procesador_principal,Intel Core i3-4350,nucleos_procesador,2
Computadores,procesador_principal,Intel Core i3-4350,hilos_procesador,4
Computadores,procesador_principal,Intel Core i3-4350T,nucleos_procesador,2
Computadores,procesador_principal,Intel Core i3-4350T,hilos_procesador,4
Computadores,procesador_principal,Intel Core i3-4360,nucleos_procesador,2
Computadores,procesador_principal,Intel Core i3-4360,hilos_procesador,4
Computadores,procesador_principal,Intel Core i3-4360T,nucleos_procesador,2
Computadores,procesador_principal,Intel Core i3-4360T,hilos_procesador,4
Computadores,procesador_principal,Intel Core i3-4370,nucleos_procesador,2
Computadores,procesador_principal,Intel Core i3-4370,hilos_procesador,4
Computadores,procesador_principal,Intel Core i3-4370T,nucleos_procesador,2
Computadores,procesador_principal,Intel Core i3-4370T,hilos_procesador,4
Computadores,procesador_principal,Intel Core i3-4570T,nucleos_procesador,2
Computadores,procesador_principal,Intel Core i3-4570T,hilos_procesador,4
Computadores,procesador_principal,Intel Core i3-5005U,nucleos_procesador,2
Computadores,procesador_principal,Intel Core i3-5005U,hilos_procesador,4
Computadores,procesador_principal,Intel Core i3-5010U,nucleos_procesador,2
Computadores,procesador_principal,Intel Core i3-5010U,hilos_procesador,4
Computadores,procesador_principal,Intel Core i3-5015U,nucleos_procesador,2
Computadores,procesador_principal,Intel Core i3-5015U,hilos_procesador,4
Computadores,procesador_principal,Intel Core i3-5020U,nucleos_procesador,2
Computadores,procesador_principal,Intel Core i3-5020U,hilos_procesador,4
Computadores,procesador_principal,Intel Core i3-5157U,nucleos_procesador,2
Computadores,procesador_principal,Intel Core i3-5157U,hilos_procesador,4
Computadores,procesador_principal,Intel Core i3-530,nucleos_procesador,2
Computadores,procesador_principal,Intel Core i3-530,hilos_procesador,4
Computadores,procesador_principal,Intel Core i3-540,nucleos_procesador,2
Computadores,procesador_principal,Intel Core i3-540,hilos_procesador,4
Computadores,procesador_principal,Intel Core i3-550,nucleos_procesador,2
Computadores,procesador_principal,Intel Core i3-550,hilos_procesador,4
Computadores,procesador_principal,Intel Core i3-560,nucleos_procesador,2
Computadores,procesador_principal,Intel Core i3-560,hilos_procesador,4
Computadores,procesador_principal,Intel Core i3-6006U,nucleos_procesador,2
Computadores,procesador_principal,Intel Core i3-6006U,hilos_procesador,4
Computadores,procesador_principal,Intel Core i3-6098P,nucleos_procesador,2
Computadores,procesador_principal,Intel Core i3-6098P,hilos_procesador,4
Computadores,procesador_principal,Intel Core i3-6100,nucleos_procesador,2
Computadores,procesador_principal,Intel Core i3-6100,hilos_procesador,4
Computadores,procesador_principal,Intel Core i3-6100E,nucleos_procesador,2
Computadores,procesador_principal,Intel Core i3-6100E,hilos_procesador,4
Computadores,procesador_principal,Intel Core i3-6100H,nucleos_procesador,2
Computadores,procesador_principal,Intel Core i3-6100H,hilos_procesador,4
Computadores,procesador_principal,Intel Core i3-6100T,nucleos_procesador,2
Computadores,procesador_principal,Intel Core i3-6100T,hilos_procesador,4
Computadores,procesador_principal,Intel Core i3-6100TE,nucleos_procesador,2
Computadores,procesador_principal,Intel Core i3-6100TE,hilos_procesador,4
Computadores,procesador_principal,Intel Core i3-6100U,nucleos_procesador,2
Computadores,procesador_principal,Intel Core i3-6100U,hilos_procesador,4
Computadores,procesador_principal,Intel Core i3-6102E,nucleos_procesador,2
Computadores,procesador_principal,Intel Core i3-6102E,hilos_procesador,4
Computadores,procesador_principal,Intel Core i3-6157U,nucleos_procesador,2
Computadores,procesador_principal,Intel Core i3-6157U,hilos_procesador,4
Computadores,procesador_principal,Intel Core i3-6167U,nucleos_procesador,2
Computadores,procesador_principal,Intel Core i3-6167U,hilos_procesador,4
Computadores,procesador_principal,Intel Core i3-6300,nucleos_procesador,2
Computadores,procesador_principal,Intel Core i3-6300,hilos_procesador,4
Computadores,procesador_principal,Intel Core i3-6300T,nucleos_procesador,2
Computadores,procesador_principal,Intel Core i3-6300T,hilos_procesador,4
Computadores,procesador_principal,Intel Core i3-6320,nucleos_procesador,2
Computadores,procesador_principal,Intel Core i3-6320,hilos_procesador,4
Computadores,procesador_principal,Intel Core i3-7020U,nucleos_procesador,2
Computadores,procesador_principal,Intel Core i3-7020U,hilos_procesador,4
Computadores,procesador_principal,Intel Core i3-7100,nucleos_procesador,2
Computadores,procesador_principal,Intel Core i3-7100,hilos_procesador,4
Computadores,procesador_principal,Intel Core i3-7100H,nucleos_procesador,2
Computadores,procesador_principal,Intel Core i3-7100H,hilos_procesador,4
Computadores,procesador_principal,Intel Core i3-7100T,nucleos_procesador,2
Computadores,procesador_principal,Intel Core i3-7100T,hilos_procesador,4
Computadores,procesador_principal,Intel Core i3-7100U,nucleos_procesador,2
Computadores,procesador_principal,Intel Core i3-7100U,hilos_procesador,4
Computadores,procesador_principal,Intel Core i3-7101E,nucleos_procesador,2
Computadores,procesador_principal,Intel Core i3-7101E,hilos_procesador,4
Computadores,procesador_principal,Intel Core i3-7101TE,nucleos_procesador,2
Computadores,procesador_principal,Intel Core i3-7101TE,hilos_procesador,4
Computadores,procesador_principal,Intel Core i3-7102E,nucleos_procesador,2
Computadores,procesador_principal,Intel Core i3-7102E,hilos_procesador,4
Computadores,procesador_principal,Intel Core i3-7130U,nucleos_procesador,2
Computadores,procesador_principal,Intel Core i3-7130U,hilos_procesador,4
Computadores,procesador_principal,Intel Core i3-7167U,nucleos_procesador,2
Computadores,procesador_principal,Intel Core i3-7167U,hilos_procesador,4
Computadores,procesador_principal,Intel Core i3-7300,nucleos_procesador,2
Computadores,procesador_principal,Intel Core i3-7300,hilos_procesador,4
Computadores,procesador_principal,Intel Core i3-7300T,nucleos_procesador,2
Computadores,procesador_principal,Intel Core i3-7300T,hilos_procesador,4
Computadores,procesador_principal,Intel Core i3-7320,nucleos_procesador,2
Computadores,procesador_principal,Intel Core i3-7320,hilos_procesador,4
Computadores,procesador_principal,Intel Core i3-7350K,nucleos_procesador,2
Computadores,procesador_principal,Intel Core i3-7350K,hilos_procesador,4
Computadores,procesador_principal,Intel Core i3-8100,nucleos_procesador,4
Computadores,procesador_principal,Intel Core i3-8100,hilos_procesador,4
Computadores,procesador_principal,Intel Core i3-8100B,nucleos_procesador,4
Computadores,procesador_principal,Intel Core i3-8100B,hilos_procesador,4
Computadores,procesador_principal,Intel Core i3-8100H,nucleos_procesador,4
Computadores,procesador_principal,Intel Core i3-8100H,hilos_procesador,4
Computadores,procesador_principal,Intel Core i3-8100T,nucleos_procesador,4
Computadores,procesador_principal,Intel Core i3-8100T,hilos_procesador,4
Computadores,procesador_principal,Intel Core i3-8109U,nucleos_procesador,2
Computadores,procesador_principal,Intel Core i3-8109U,hilos_procesador,4
Computadores,procesador_principal,Intel Core i3-8121U,nucleos_procesador,2
Computadores,procesador_principal,Intel Core i3-8121U,hilos_procesador,4
Computadores,procesador_principal,Intel Core i3-8130U,nucleos_procesador,2
Computadores,procesador_principal,Intel Core i3-8130U,hilos_procesador,4
Computadores,procesador_principal,Intel Core i3-8140U,nucleos_procesador,2
Computadores,procesador_principal,Intel Core i3-8140U,hilos_procesador,4
Computadores,procesador_principal,Intel Core i3-8145U,nucleos_procesador,2
Computadores,procesador_principal,Intel Core i3-8145U,hilos_procesador,4
Computadores,procesador_principal,Intel Core i3-8145UE,nucleos_procesador,2
Computadores,procesador_principal,Intel Core i3-8145UE,hilos_procesador,4
Computadores,procesador_principal,Intel Core i3-8300,nucleos_procesador,4
Computadores,procesador_principal,Intel Core i3-8300,hilos_procesador,4
Computadores,procesador_principal,Intel Core i3-8300T,nucleos_procesador,4
Computadores,procesador_principal,Intel Core i3-8300T,hilos_procesador,4
Computadores,procesador_principal,Intel Core i3-8350K,nucleos_procesador,4
Computadores,procesador_principal,Intel Core i3-8350K,hilos_procesador,4
Computadores,procesador_principal,Intel Core i3-9100,nucleos_procesador,4
Computadores,procesador_principal,Intel Core i3-9100,hilos_procesador,4
Computadores,procesador_principal,Intel Core i3-9100E,nucleos_procesador,4
Computadores,procesador_principal,Intel Core i3-9100E,hilos_procesador,4
Computadores,procesador_principal,Intel Core i3-9100F,nucleos_procesador,4
Computadores,procesador_principal,Intel Core i3-9100F,hilos_procesador,4
Computadores,procesador_principal,Intel Core i3-9100HL,nucleos_procesador,4
Computadores,procesador_principal,Intel Core i3-9100HL,hilos_procesador,4
Computadores,procesador_principal,Intel Core i3-9100T,nucleos_procesador,4
Computadores,procesador_principal,Intel Core i3-9100T,hilos_procesador,4
Computadores,procesador_principal,Intel Core i3-9100TE,nucleos_procesador,4
Computadores,procesador_principal,Intel Core i3-9100TE,hilos_procesador,4
Computadores,procesador_principal,Intel Core i3-9300,nucleos_procesador,4
Computadores,procesador_principal,Intel Core i3-9300,hilos_procesador,4
Computadores,procesador_principal,Intel Core i3-9300T,nucleos_procesador,4
Computadores,procesador_principal,Intel Core i3-9300T,hilos_procesador,4
Computadores,procesador_principal,Intel Core i3-9320,nucleos_procesador,4
Computadores,procesador_principal,Intel Core i3-9320,hilos_procesador,4
Computadores,procesador_principal,Intel Core i3-9350K,nucleos_procesador,4
Computadores,procesador_principal,Intel Core i3-9350K,hilos_procesador,4
Computadores,procesador_principal,Intel Core i3-9350KF,nucleos_procesador,4
Computadores,procesador_principal,Intel Core i3-9350KF,hilos_procesador,4
Computadores,procesador_principal,Intel Core i3-N300,nucleos_procesador,8
Computadores,procesador_principal,Intel Core i3-N300,hilos_procesador,8
Computadores,procesador_principal,Intel Core i3-N305,nucleos_procesador,8
Computadores,procesador_principal,Intel Core i3-N305,hilos_procesador,8
Computadores,procesador_principal,Intel Core i5 750S,nucleos_procesador,4
Computadores,procesador_principal,Intel Core i5 750S,hilos_procesador,4
Computadores,procesador_principal,Intel Core i5 E 520,nucleos_procesador,2
Computadores,procesador_principal,Intel Core i5 E 520,hilos_procesador,4
Computadores,procesador_principal,Intel Core i5-10200H,nucleos_procesador,4
Computadores,procesador_principal,Intel Core i5-10200H,hilos_procesador,8
Computadores,procesador_principal,Intel Core i5-10210U,nucleos_procesador,4
Computadores,procesador_principal,Intel Core i5-10210U,hilos_procesador,8
Computadores,procesador_principal,Intel Core i5-10210Y,nucleos_procesador,4
Computadores,procesador_principal,Intel Core i5-10210Y,hilos_procesador,8
Computadores,procesador_principal,Intel Core i5-10300H,nucleos_procesador,4
Computadores,procesador_principal,Intel Core i5-10300H,hilos_procesador,8
Computadores,procesador_principal,Intel Core i5-1030NG7,nucleos_procesador,4
Computadores,procesador_principal,Intel Core i5-1030NG7,hilos_procesador,8
Computadores,procesador_principal,Intel Core i5-10310U,nucleos_procesador,4
Computadores,procesador_principal,Intel Core i5-10310U,hilos_procesador,8
Computadores,procesador_principal,Intel Core i5-1035G1,nucleos_procesador,4
Computadores,procesador_principal,Intel Core i5-1035G1,hilos_procesador,8
Computadores,procesador_principal,Intel Core i5-1035G4,nucleos_procesador,4
Computadores,procesador_principal,Intel Core i5-1035G4,hilos_procesador,8
Computadores,procesador_principal,Intel Core i5-1035G7,nucleos_procesador,4
Computadores,procesador_principal,Intel Core i5-1035G7,hilos_procesador,8
Computadores,procesador_principal,Intel Core i5-1038NG7,nucleos_procesador,4
Computadores,procesador_principal,Intel Core i5-1038NG7,hilos_procesador,8
Computadores,procesador_principal,Intel Core i5-10400,nucleos_procesador,6
Computadores,procesador_principal,Intel Core i5-10400,hilos_procesador,12
Computadores,procesador_principal,Intel Core i5-10400F,nucleos_procesador,6
Computadores,procesador_principal,Intel Core i5-10400F,hilos_procesador,12
Computadores,procesador_principal,Intel Core i5-10400H,nucleos_procesador,4
Computadores,procesador_principal,Intel Core i5-10400H,hilos_procesador,8
Computadores,procesador_principal,Intel Core i5-10400T,nucleos_procesador,6
Computadores,procesador_principal,Intel Core i5-10400T,hilos_procesador,12
Computadores,procesador_principal,Intel Core i5-10500,nucleos_procesador,6
Computadores,procesador_principal,Intel Core i5-10500,hilos_procesador,12
Computadores,procesador_principal,Intel Core i5-10500E,nucleos_procesador,6
Computadores,procesador_principal,Intel Core i5-10500E,hilos_procesador,12
Computadores,procesador_principal,Intel Core i5-10500H,nucleos_procesador,6
Computadores,procesador_principal,Intel Core i5-10500H,hilos_procesador,12
Computadores,procesador_principal,Intel Core i5-10500T,nucleos_procesador,6
Computadores,procesador_principal,Intel Core i5-10500T,hilos_procesador,12
Computadores,procesador_principal,Intel Core i5-10500TE,nucleos_procesador,6
Computadores,procesador_principal,Intel Core i5-10500TE,hilos_procesador,12
Computadores,procesador_principal,Intel Core i5-10505,nucleos_procesador,6
Computadores,procesador_principal,Intel Core i5-10505,hilos_procesador,12
Computadores,procesador_principal,Intel Core i5-10600,nucleos_procesador,6
Computadores,procesador_principal,Intel Core i5-10600,hilos_procesador,12
Computadores,procesador_principal,Intel Core i5-10600K,nucleos_procesador,6
Computadores,procesador_principal,Intel Core i5-10600K,hilos_procesador,12
Computadores,procesador_principal,Intel Core i5-10600KF,nucleos_procesador,6
Computadores,procesador_principal,Intel Core i5-10600KF,hilos_procesador,12
Computadores,procesador_principal,Intel Core i5-10600T,nucleos_procesador,6
Computadores,procesador_principal,Intel Core i5-10600T,hilos_procesador,12
Computadores,procesador_principal,Intel Core i5-11260H,nucleos_procesador,6
Computadores,procesador_principal,Intel Core i5-11260H,hilos_procesador,12
Computadores,procesador_principal,Intel Core i5-11300H,nucleos_procesador,4
Computadores,procesador_principal,Intel Core i5-11300H,hilos_procesador,8
Computadores,procesador_principal,Intel Core i5-1130G7,nucleos_procesador,4
Computadores,procesador_principal,Intel Core i5-1130G7,hilos_procesador,8
Computadores,procesador_principal,Intel Core i5-11320H,nucleos_procesador,4
Computadores,procesador_principal,Intel Core i5-11320H,hilos_procesador,8
Computadores,procesador_principal,Intel Core i5-1135G7,nucleos_procesador,4
Computadores,procesador_principal,Intel Core i5-1135G7,hilos_procesador,8
Computadores,procesador_principal,Intel Core i5-11400,nucleos_procesador,6
Computadores,procesador_principal,Intel Core i5-11400,hilos_procesador,12
Computadores,procesador_principal,Intel Core i5-11400F,nucleos_procesador,6
Computadores,procesador_principal,Intel Core i5-11400F,hilos_procesador,12
Computadores,procesador_principal,Intel Core i5-11400H,nucleos_procesador,6
Computadores,procesador_principal,Intel Core i5-11400H,hilos_procesador,12
Computadores,procesador_principal,Intel Core i5-11400T,nucleos_procesador,6
Computadores,procesador_principal,Intel Core i5-11400T,hilos_procesador,12
Computadores,procesador_principal,Intel Core i5-1140G7,nucleos_procesador,4
Computadores,procesador_principal,Intel Core i5-1140G7,hilos_procesador,8
Computadores,procesador_principal,Intel Core i5-1145G7,nucleos_procesador,4
Computadores,procesador_principal,Intel Core i5-1145G7,hilos_procesador,8
Computadores,procesador_principal,Intel Core i5-1145G7E,nucleos_procesador,4
Computadores,procesador_principal,Intel Core i5-1145G7E,hilos_procesador,8
Computadores,procesador_principal,Intel Core i5-1145GRE,nucleos_procesador,4
Computadores,procesador_principal,Intel Core i5-1145GRE,hilos_procesador,8
Computadores,procesador_principal,Intel Core i5-11500,nucleos_procesador,6
Computadores,procesador_principal,Intel Core i5-11500,hilos_procesador,12
Computadores,procesador_principal,Intel Core i5-11500B,nucleos_procesador,6
Computadores,procesador_principal,Intel Core i5-11500B,hilos_procesador,12
Computadores,procesador_principal,Intel Core i5-11500H,nucleos_procesador,6
Computadores,procesador_principal,Intel Core i5-11500H,hilos_procesador,12
Computadores,procesador_principal,Intel Core i5-11500T,nucleos_procesador,6
Computadores,procesador_principal,Intel Core i5-11500T,hilos_procesador,12
Computadores,procesador_principal,Intel Core i5-1155G7,nucleos_procesador,4
Computadores,procesador_principal,Intel Core i5-1155G7,hilos_procesador,8
Computadores,procesador_principal,Intel Core i5-11600,nucleos_procesador,6
Computadores,procesador_principal,Intel Core i5-11600,hilos_procesador,12
Computadores,procesador_principal,Intel Core i5-11600K,nucleos_procesador,6
Computadores,procesador_principal,Intel Core i5-11600K,hilos_procesador,12
Computadores,procesador_principal,Intel Core i5-11600KF,nucleos_procesador,6
Computadores,procesador_principal,Intel Core i5-11600KF,hilos_procesador,12
Computadores,procesador_principal,Intel Core i5-11600T,nucleos_procesador,6
Computadores,procesador_principal,Intel Core i5-11600T,hilos_procesador,12
Computadores,procesador_principal,Intel Core i5-1230U,nucleos_procesador,10
Computadores,procesador_principal,Intel Core i5-1230U,hilos_procesador,12
Computadores,procesador_principal,Intel Core i5-1235U,nucleos_procesador,10
Computadores,procesador_principal,Intel Core i5-1235U,hilos_procesador,12
Computadores,procesador_principal,Intel Core i5-12400,nucleos_procesador,6
Computadores,procesador_principal,Intel Core i5-12400,hilos_procesador,12
Computadores,procesador_principal,Intel Core i5-12400F,nucleos_procesador,6
Computadores,procesador_principal,Intel Core i5-12400F,hilos_procesador,12
Computadores,procesador_principal,Intel Core i5-12400T,nucleos_procesador,6
Computadores,procesador_principal,Intel Core i5-12400T,hilos_procesador,12
Computadores,procesador_principal,Intel Core i5-1240P,nucleos_procesador,12
Computadores,procesador_principal,Intel Core i5-1240P,hilos_procesador,16
Computadores,procesador_principal,Intel Core i5-1240U,nucleos_procesador,10
Computadores,procesador_principal,Intel Core i5-1240U,hilos_procesador,12
Computadores,procesador_principal,Intel Core i5-12450H,nucleos_procesador,8
Computadores,procesador_principal,Intel Core i5-12450H,hilos_procesador,12
Computadores,procesador_principal,Intel Core i5-12450HX,nucleos_procesador,8
Computadores,procesador_principal,Intel Core i5-12450HX,hilos_procesador,12
Computadores,procesador_principal,Intel Core i5-1245U,nucleos_procesador,10
Computadores,procesador_principal,Intel Core i5-1245U,hilos_procesador,12
Computadores,procesador_principal,Intel Core i5-1245UE,nucleos_procesador,10
Computadores,procesador_principal,Intel Core i5-1245UE,hilos_procesador,12
Computadores,procesador_principal,Intel Core i5-12490F,nucleos_procesador,6
Computadores,procesador_principal,Intel Core i5-12490F,hilos_procesador,12
Computadores,procesador_principal,Intel Core i5-12500,nucleos_procesador,6
Computadores,procesador_principal,Intel Core i5-12500,hilos_procesador,12
Computadores,procesador_principal,Intel Core i5-12500E,nucleos_procesador,6
Computadores,procesador_principal,Intel Core i5-12500E,hilos_procesador,12
Computadores,procesador_principal,Intel Core i5-12500H,nucleos_procesador,12
Computadores,procesador_principal,Intel Core i5-12500H,hilos_procesador,16
Computadores,procesador_principal,Intel Core i5-12500T,nucleos_procesador,6
Computadores,procesador_principal,Intel Core i5-12500T,hilos_procesador,12
Computadores,procesador_principal,Intel Core i5-12500TE,nucleos_procesador,6
Computadores,procesador_principal,Intel Core i5-12500TE,hilos_procesador,12
Computadores,procesador_principal,Intel Core i5-1250P,nucleos_procesador,12
Computadores,procesador_principal,Intel Core i5-1250P,hilos_procesador,16
Computadores,procesador_principal,Intel Core i5-1250PE,nucleos_procesador,12
Computadores,procesador_principal,Intel Core i5-1250PE,hilos_procesador,16
Computadores,procesador_principal,Intel Core i5-12600,nucleos_procesador,6
Computadores,procesador_principal,Intel Core i5-12600,hilos_procesador,12
Computadores,procesador_principal,Intel Core i5-12600H,nucleos_procesador,12
Computadores,procesador_principal,Intel Core i5-12600H,hilos_procesador,16
Computadores,procesador_principal,Intel Core i5-12600HE,nucleos_procesador,12
Computadores,procesador_principal,Intel Core i5-12600HE,hilos_procesador,16
Computadores,procesador_principal,Intel Core i5-12600HL,nucleos_procesador,12
Computadores,procesador_principal,Intel Core i5-12600HL,hilos_procesador,16
Computadores,procesador_principal,Intel Core i5-12600HX,nucleos_procesador,12
Computadores,procesador_principal,Intel Core i5-12600HX,hilos_procesador,16
Computadores,procesador_principal,Intel Core i5-12600K,nucleos_procesador,10
Computadores,procesador_principal,Intel Core i5-12600K,hilos_procesador,16
Computadores,procesador_principal,Intel Core i5-12600KF,nucleos_procesador,10
Computadores,procesador_principal,Intel Core i5-12600KF,hilos_procesador,16
Computadores,procesador_principal,Intel Core i5-12600T,nucleos_procesador,6
Computadores,procesador_principal,Intel Core i5-12600T,hilos_procesador,12
Computadores,procesador_principal,Intel Core i5-1334U,nucleos_procesador,10
Computadores,procesador_principal,Intel Core i5-1334U,hilos_procesador,12
Computadores,procesador_principal,Intel Core i5-1335U,nucleos_procesador,10
Computadores,procesador_principal,Intel Core i5-1335U,hilos_procesador,12
Computadores,procesador_principal,Intel Core i5-1335UE,nucleos_procesador,10
Computadores,procesador_principal,Intel Core i5-1335UE,hilos_procesador,12
Computadores,procesador_principal,Intel Core i5-13400,nucleos_procesador,10
Computadores,procesador_principal,Intel Core i5-13400,hilos_procesador,16
Computadores,procesador_principal,Intel Core i5-13400E,nucleos_procesador,10
Computadores,procesador_principal,Intel Core i5-13400E,hilos_procesador,16
Computadores,procesador_principal,Intel Core i5-13400F,nucleos_procesador,10
Computadores,procesador_principal,Intel Core i5-13400F,hilos_procesador,16
Computadores,procesador_principal,Intel Core i5-13400T,nucleos_procesador,10
Computadores,procesador_principal,Intel Core i5-13400T,hilos_procesador,16
Computadores,procesador_principal,Intel Core i5-1340P,nucleos_procesador,12
Computadores,procesador_principal,Intel Core i5-1340P,hilos_procesador,16
Computadores,procesador_principal,Intel Core i5-1340PE,nucleos_procesador,12
Computadores,procesador_principal,Intel Core i5-1340PE,hilos_procesador,16
Computadores,procesador_principal,Intel Core i5-13420H,nucleos_procesador,8
Computadores,procesador_principal,Intel Core i5-13420H,hilos_procesador,12
Computadores,procesador_principal,Intel Core i5-13450HX,nucleos_procesador,10
Computadores,procesador_principal,Intel Core i5-13450HX,hilos_procesador,16
Computadores,procesador_principal,Intel Core i5-1345U,nucleos_procesador,10
Computadores,procesador_principal,Intel Core i5-1345U,hilos_procesador,12
Computadores,procesador_principal,Intel Core i5-1345UE,nucleos_procesador,10
Computadores,procesador_principal,Intel Core i5-1345UE,hilos_procesador,12
Computadores,procesador_principal,Intel Core i5-13490F,nucleos_procesador,10
Computadores,procesador_principal,Intel Core i5-13490F,hilos_procesador,16
Computadores,procesador_principal,Intel Core i5-13500,nucleos_procesador,14
Computadores,procesador_principal,Intel Core i5-13500,hilos_procesador,20
Computadores,procesador_principal,Intel Core i5-13500E,nucleos_procesador,14
Computadores,procesador_principal,Intel Core i5-13500E,hilos_procesador,20
Computadores,procesador_principal,Intel Core i5-13500H,nucleos_procesador,12
Computadores,procesador_principal,Intel Core i5-13500H,hilos_procesador,16
Computadores,procesador_principal,Intel Core i5-13500HX,nucleos_procesador,14
Computadores,procesador_principal,Intel Core i5-13500HX,hilos_procesador,20
Computadores,procesador_principal,Intel Core i5-13500T,nucleos_procesador,14
Computadores,procesador_principal,Intel Core i5-13500T,hilos_procesador,20
Computadores,procesador_principal,Intel Core i5-13500TE,nucleos_procesador,14
Computadores,procesador_principal,Intel Core i5-13500TE,hilos_procesador,20
Computadores,procesador_principal,Intel Core i5-1350P,nucleos_procesador,12
Computadores,procesador_principal,Intel Core i5-1350P,hilos_procesador,16
Computadores,procesador_principal,Intel Core i5-13600,nucleos_procesador,14
Computadores,procesador_principal,Intel Core i5-13600,hilos_procesador,20
Computadores,procesador_principal,Intel Core i5-13600H,nucleos_procesador,12
Computadores,procesador_principal,Intel Core i5-13600H,hilos_procesador,16
Computadores,procesador_principal,Intel Core i5-13600HE,nucleos_procesador,12
Computadores,procesador_principal,Intel Core i5-13600HE,hilos_procesador,16
Computadores,procesador_principal,Intel Core i5-13600HX,nucleos_procesador,14
Computadores,procesador_principal,Intel Core i5-13600HX,hilos_procesador,20
Computadores,procesador_principal,Intel Core i5-13600K,nucleos_procesador,14
Computadores,procesador_principal,Intel Core i5-13600K,hilos_procesador,20
Computadores,procesador_principal,Intel Core i5-13600KF,nucleos_procesador,14
Computadores,procesador_principal,Intel Core i5-13600KF,hilos_procesador,20
Computadores,procesador_principal,Intel Core i5-13600T,nucleos_procesador,14
Computadores,procesador_principal,Intel Core i5-13600T,hilos_procesador,20
Computadores,procesador_principal,Intel Core i5-14400,nucleos_procesador,10
Computadores,procesador_principal,Intel Core i5-14400,hilos_procesador,16
Computadores,procesador_principal,Intel Core i5-14400F,nucleos_procesador,10
Computadores,procesador_principal,Intel Core i5-14400F,hilos_procesador,16
Computadores,procesador_principal,Intel Core i5-14400T,nucleos_procesador,10
Computadores,procesador_principal,Intel Core i5-14400T,hilos_procesador,16
Computadores,procesador_principal,Intel Core i5-14450HX,nucleos_procesador,10
Computadores,procesador_principal,Intel Core i5-14450HX,hilos_procesador,16
Computadores,procesador_principal,Intel Core i5-14490F,nucleos_procesador,10
Computadores,procesador_principal,Intel Core i5-14490F,hilos_procesador,16
Computadores,procesador_principal,Intel Core i5-14500,nucleos_procesador,14
Computadores,procesador_principal,Intel Core i5-14500,hilos_procesador,20
Computadores,procesador_principal,Intel Core i5-14500HX,nucleos_procesador,14
Computadores,procesador_principal,Intel Core i5-14500HX,hilos_procesador,20
Computadores,procesador_principal,Intel Core i5-14500T,nucleos_procesador,14
Computadores,procesador_principal,Intel Core i5-14500T,hilos_procesador,20
Computadores,procesador_principal,Intel Core i5-14600,nucleos_procesador,14
Computadores,procesador_principal,Intel Core i5-14600,hilos_procesador,20
Computadores,procesador_principal,Intel Core i5-14600K,nucleos_procesador,14
Computadores,procesador_principal,Intel Core i5-14600K,hilos_procesador,20
Computadores,procesador_principal,Intel Core i5-14600KF,nucleos_procesador,14
Computadores,procesador_principal,Intel Core i5-14600KF,hilos_procesador,20
Computadores,procesador_principal,Intel Core i5-14600T,nucleos_procesador,14
Computadores,procesador_principal,Intel Core i5-14600T,hilos_procesador,20
Computadores,procesador_principal,Intel Core i5-2300,nucleos_procesador,4
Computadores,procesador_principal,Intel Core i5-2300,hilos_procesador,4
Computadores,procesador_principal,Intel Core i5-2310,nucleos_procesador,4
Computadores,procesador_principal,Intel Core i5-2310,hilos_procesador,4
Computadores,procesador_principal,Intel Core i5-2320,nucleos_procesador,4
Computadores,procesador_principal,Intel Core i5-2320,hilos_procesador,4
Computadores,procesador_principal,Intel Core i5-2380P,nucleos_procesador,4
Computadores,procesador_principal,Intel Core i5-2380P,hilos_procesador,4
Computadores,procesador_principal,Intel Core i5-2390T,nucleos_procesador,2
Computadores,procesador_principal,Intel Core i5-2390T,hilos_procesador,4
Computadores,procesador_principal,Intel Core i5-2400,nucleos_procesador,4
Computadores,procesador_principal,Intel Core i5-2400,hilos_procesador,4
Computadores,procesador_principal,Intel Core i5-2400S,nucleos_procesador,4
Computadores,procesador_principal,Intel Core i5-2400S,hilos_procesador,4
Computadores,procesador_principal,Intel Core i5-24050S,nucleos_procesador,4
Computadores,procesador_principal,Intel Core i5-24050S,hilos_procesador,4
Computadores,procesador_principal,Intel Core i5-2405S,nucleos_procesador,4
Computadores,procesador_principal,Intel Core i5-2405S,hilos_procesador,4
Computadores,procesador_principal,Intel Core i5-2410M,nucleos_procesador,2
Computadores,procesador_principal,Intel Core i5-2410M,hilos_procesador,4
Computadores,procesador_principal,Intel Core i5-2415M,nucleos_procesador,2
Computadores,procesador_principal,Intel Core i5-2415M,hilos_procesador,4
Computadores,procesador_principal,Intel Core i5-2430M,nucleos_procesador,2
Computadores,procesador_principal,Intel Core i5-2430M,hilos_procesador,4
Computadores,procesador_principal,Intel Core i5-2435M,nucleos_procesador,2
Computadores,procesador_principal,Intel Core i5-2435M,hilos_procesador,4
Computadores,procesador_principal,Intel Core i5-2450M,nucleos_procesador,2
Computadores,procesador_principal,Intel Core i5-2450M,hilos_procesador,4
Computadores,procesador_principal,Intel Core i5-2450P,nucleos_procesador,4
Computadores,procesador_principal,Intel Core i5-2450P,hilos_procesador,4
Computadores,procesador_principal,Intel Core i5-2467M,nucleos_procesador,2
Computadores,procesador_principal,Intel Core i5-2467M,hilos_procesador,4
Computadores,procesador_principal,Intel Core i5-2500,nucleos_procesador,4
Computadores,procesador_principal,Intel Core i5-2500,hilos_procesador,4
Computadores,procesador_principal,Intel Core i5-2500K,nucleos_procesador,4
Computadores,procesador_principal,Intel Core i5-2500K,hilos_procesador,4
Computadores,procesador_principal,Intel Core i5-2500S,nucleos_procesador,4
Computadores,procesador_principal,Intel Core i5-2500S,hilos_procesador,4
Computadores,procesador_principal,Intel Core i5-2500T,nucleos_procesador,4
Computadores,procesador_principal,Intel Core i5-2500T,hilos_procesador,4
Computadores,procesador_principal,Intel Core i5-2510E,nucleos_procesador,2
Computadores,procesador_principal,Intel Core i5-2510E,hilos_procesador,4
Computadores,procesador_principal,Intel Core i5-2515E,nucleos_procesador,2
Computadores,procesador_principal,Intel Core i5-2515E,hilos_procesador,4
Computadores,procesador_principal,Intel Core i5-2520M,nucleos_procesador,2
Computadores,procesador_principal,Intel Core i5-2520M,hilos_procesador,4
Computadores,procesador_principal,Intel Core i5-2537M,nucleos_procesador,2
Computadores,procesador_principal,Intel Core i5-2537M,hilos_procesador,4
Computadores,procesador_principal,Intel Core i5-2540M,nucleos_procesador,2
Computadores,procesador_principal,Intel Core i5-2540M,hilos_procesador,4
Computadores,procesador_principal,Intel Core i5-2550K,nucleos_procesador,4
Computadores,procesador_principal,Intel Core i5-2550K,hilos_procesador,4
Computadores,procesador_principal,Intel Core i5-2557M,nucleos_procesador,2
Computadores,procesador_principal,Intel Core i5-2557M,hilos_procesador,4
Computadores,procesador_principal,Intel Core i5-2560M,nucleos_procesador,2
Computadores,procesador_principal,Intel Core i5-2560M,hilos_procesador,4
Computadores,procesador_principal,Intel Core i5-3170K,nucleos_procesador,4
Computadores,procesador_principal,Intel Core i5-3170K,hilos_procesador,4
Computadores,procesador_principal,Intel Core i5-3210M,nucleos_procesador,2
Computadores,procesador_principal,Intel Core i5-3210M,hilos_procesador,4
Computadores,procesador_principal,Intel Core i5-3230M,nucleos_procesador,2
Computadores,procesador_principal,Intel Core i5-3230M,hilos_procesador,4
Computadores,procesador_principal,Intel Core i5-3317U,nucleos_procesador,2
Computadores,procesador_principal,Intel Core i5-3317U,hilos_procesador,4
Computadores,procesador_principal,Intel Core i5-3320M,nucleos_procesador,2
Computadores,procesador_principal,Intel Core i5-3320M,hilos_procesador,4
Computadores,procesador_principal,Intel Core i5-3330,nucleos_procesador,4
Computadores,procesador_principal,Intel Core i5-3330,hilos_procesador,4
Computadores,procesador_principal,Intel Core i5-3330S,nucleos_procesador,4
Computadores,procesador_principal,Intel Core i5-3330S,hilos_procesador,4
Computadores,procesador_principal,Intel Core i5-3335S,nucleos_procesador,4
Computadores,procesador_principal,Intel Core i5-3335S,hilos_procesador,4
Computadores,procesador_principal,Intel Core i5-3337U,nucleos_procesador,2
Computadores,procesador_principal,Intel Core i5-3337U,hilos_procesador,4
Computadores,procesador_principal,Intel Core i5-3339Y,nucleos_procesador,2
Computadores,procesador_principal,Intel Core i5-3339Y,hilos_procesador,4
Computadores,procesador_principal,Intel Core i5-3340,nucleos_procesador,4
Computadores,procesador_principal,Intel Core i5-3340,hilos_procesador,4
Computadores,procesador_principal,Intel Core i5-3340M,nucleos_procesador,2
Computadores,procesador_principal,Intel Core i5-3340M,hilos_procesador,4
Computadores,procesador_principal,Intel Core i5-3340S,nucleos_procesador,4
Computadores,procesador_principal,Intel Core i5-3340S,hilos_procesador,4
Computadores,procesador_principal,Intel Core i5-3350P,nucleos_procesador,4
Computadores,procesador_principal,Intel Core i5-3350P,hilos_procesador,4
Computadores,procesador_principal,Intel Core i5-3360M,nucleos_procesador,2
Computadores,procesador_principal,Intel Core i5-3360M,hilos_procesador,4
Computadores,procesador_principal,Intel Core i5-3380M,nucleos_procesador,2
Computadores,procesador_principal,Intel Core i5-3380M,hilos_procesador,4
Computadores,procesador_principal,Intel Core i5-3427U,nucleos_procesador,2
Computadores,procesador_principal,Intel Core i5-3427U,hilos_procesador,4
Computadores,procesador_principal,Intel Core i5-3437U,nucleos_procesador,2
Computadores,procesador_principal,Intel Core i5-3437U,hilos_procesador,4
Computadores,procesador_principal,Intel Core i5-3439Y,nucleos_procesador,2
Computadores,procesador_principal,Intel Core i5-3439Y,hilos_procesador,4
Computadores,procesador_principal,Intel Core i5-3450,nucleos_procesador,4
Computadores,procesador_principal,Intel Core i5-3450,hilos_procesador,4
Computadores,procesador_principal,Intel Core i5-3450S,nucleos_procesador,4
Computadores,procesador_principal,Intel Core i5-3450S,hilos_procesador,4
Computadores,procesador_principal,Intel Core i5-3470,nucleos_procesador,4
Computadores,procesador_principal,Intel Core i5-3470,hilos_procesador,4
Computadores,procesador_principal,Intel Core i5-3470S,nucleos_procesador,4
Computadores,procesador_principal,Intel Core i5-3470S,hilos_procesador,4
Computadores,procesador_principal,Intel Core i5-3470T,nucleos_procesador,2
Computadores,procesador_principal,Intel Core i5-3470T,hilos_procesador,4
Computadores,procesador_principal,Intel Core i5-3475S,nucleos_procesador,4
Computadores,procesador_principal,Intel Core i5-3475S,hilos_procesador,4
Computadores,procesador_principal,Intel Core i5-3550,nucleos_procesador,4
Computadores,procesador_principal,Intel Core i5-3550,hilos_procesador,4
Computadores,procesador_principal,Intel Core i5-3550S,nucleos_procesador,4
Computadores,procesador_principal,Intel Core i5-3550S,hilos_procesador,4
Computadores,procesador_principal,Intel Core i5-3570,nucleos_procesador,4
Computadores,procesador_principal,Intel Core i5-3570,hilos_procesador,4
Computadores,procesador_principal,Intel Core i5-3570K,nucleos_procesador,4
Computadores,procesador_principal,Intel Core i5-3570K,hilos_procesador,4
Computadores,procesador_principal,Intel Core i5-3570S,nucleos_procesador,4
Computadores,procesador_principal,Intel Core i5-3570S,hilos_procesador,4
Computadores,procesador_principal,Intel Core i5-3570T,nucleos_procesador,4
Computadores,procesador_principal,Intel Core i5-3570T,hilos_procesador,4
Computadores,procesador_principal,Intel Core i5-3610ME,nucleos_procesador,2
Computadores,procesador_principal,Intel Core i5-3610ME,hilos_procesador,4
Computadores,procesador_principal,Intel Core i5-4200H,nucleos_procesador,2
Computadores,procesador_principal,Intel Core i5-4200H,hilos_procesador,4
Computadores,procesador_principal,Intel Core i5-4200M,nucleos_procesador,2
Computadores,procesador_principal,Intel Core i5-4200M,hilos_procesador,4
Computadores,procesador_principal,Intel Core i5-4200U,nucleos_procesador,2
Computadores,procesador_principal,Intel Core i5-4200U,hilos_procesador,4
Computadores,procesador_principal,Intel Core i5-4200Y,nucleos_procesador,2
Computadores,procesador_principal,Intel Core i5-4200Y,hilos_procesador,4
Computadores,procesador_principal,Intel Core i5-4202Y,nucleos_procesador,2
Computadores,procesador_principal,Intel Core i5-4202Y,hilos_procesador,4
Computadores,procesador_principal,Intel Core i5-4210H,nucleos_procesador,2
Computadores,procesador_principal,Intel Core i5-4210H,hilos_procesador,4
Computadores,procesador_principal,Intel Core i5-4210M,nucleos_procesador,2
Computadores,procesador_principal,Intel Core i5-4210M,hilos_procesador,4
Computadores,procesador_principal,Intel Core i5-4210U,nucleos_procesador,2
Computadores,procesador_principal,Intel Core i5-4210U,hilos_procesador,4
Computadores,procesador_principal,Intel Core i5-4210Y,nucleos_procesador,2
Computadores,procesador_principal,Intel Core i5-4210Y,hilos_procesador,4
Computadores,procesador_principal,Intel Core i5-4220Y,nucleos_procesador,2
Computadores,procesador_principal,Intel Core i5-4220Y,hilos_procesador,4
Computadores,procesador_principal,Intel Core i5-4230U,nucleos_procesador,2
Computadores,procesador_principal,Intel Core i5-4230U,hilos_procesador,4
Computadores,procesador_principal,Intel Core i5-4250U,nucleos_procesador,2
Computadores,procesador_principal,Intel Core i5-4250U,hilos_procesador,4
Computadores,procesador_principal,Intel Core i5-4258U,nucleos_procesador,2
Computadores,procesador_principal,Intel Core i5-4258U,hilos_procesador,4
Computadores,procesador_principal,Intel Core i5-4260U,nucleos_procesador,2
Computadores,procesador_principal,Intel Core i5-4260U,hilos_procesador,4
Computadores,procesador_principal,Intel Core i5-4278U,nucleos_procesador,2
Computadores,procesador_principal,Intel Core i5-4278U,hilos_procesador,4
Computadores,procesador_principal,Intel Core i5-4288U,nucleos_procesador,2
Computadores,procesador_principal,Intel Core i5-4288U,hilos_procesador,4
Computadores,procesador_principal,Intel Core i5-4300M,nucleos_procesador,2
Computadores,procesador_principal,Intel Core i5-4300M,hilos_procesador,4
Computadores,procesador_principal,Intel Core i5-4300U,nucleos_procesador,2
Computadores,procesador_principal,Intel Core i5-4300U,hilos_procesador,4
Computadores,procesador_principal,Intel Core i5-4300Y,nucleos_procesador,2
Computadores,procesador_principal,Intel Core i5-4300Y,hilos_procesador,4
Computadores,procesador_principal,Intel Core i5-4302Y,nucleos_procesador,2
Computadores,procesador_principal,Intel Core i5-4302Y,hilos_procesador,4
Computadores,procesador_principal,Intel Core i5-4308U,nucleos_procesador,2
Computadores,procesador_principal,Intel Core i5-4308U,hilos_procesador,4
Computadores,procesador_principal,Intel Core i5-430M,nucleos_procesador,2
Computadores,procesador_principal,Intel Core i5-430M,hilos_procesador,4
Computadores,procesador_principal,Intel Core i5-430UM,nucleos_procesador,2
Computadores,procesador_principal,Intel Core i5-430UM,hilos_procesador,4
Computadores,procesador_principal,Intel Core i5-4310M,nucleos_procesador,2
Computadores,procesador_principal,Intel Core i5-4310M,hilos_procesador,4
Computadores,procesador_principal,Intel Core i5-4310U,nucleos_procesador,2
Computadores,procesador_principal,Intel Core i5-4310U,hilos_procesador,4
Computadores,procesador_principal,Intel Core i5-4330M,nucleos_procesador,2
Computadores,procesador_principal,Intel Core i5-4330M,hilos_procesador,4
Computadores,procesador_principal,Intel Core i5-4340M,nucleos_procesador,2
Computadores,procesador_principal,Intel Core i5-4340M,hilos_procesador,4
Computadores,procesador_principal,Intel Core i5-4350U,nucleos_procesador,2
Computadores,procesador_principal,Intel Core i5-4350U,hilos_procesador,4
Computadores,procesador_principal,Intel Core i5-4400E,nucleos_procesador,2
Computadores,procesador_principal,Intel Core i5-4400E,hilos_procesador,4
Computadores,procesador_principal,Intel Core i5-4402E,nucleos_procesador,2
Computadores,procesador_principal,Intel Core i5-4402E,hilos_procesador,4
Computadores,procesador_principal,Intel Core i5-4422E,nucleos_procesador,2
Computadores,procesador_principal,Intel Core i5-4422E,hilos_procesador,4
Computadores,procesador_principal,Intel Core i5-4430,nucleos_procesador,4
Computadores,procesador_principal,Intel Core i5-4430,hilos_procesador,4
Computadores,procesador_principal,Intel Core i5-4430S,nucleos_procesador,4
Computadores,procesador_principal,Intel Core i5-4430S,hilos_procesador,4
Computadores,procesador_principal,Intel Core i5-4440,nucleos_procesador,4
Computadores,procesador_principal,Intel Core i5-4440,hilos_procesador,4
Computadores,procesador_principal,Intel Core i5-4440S,nucleos_procesador,4
Computadores,procesador_principal,Intel Core i5-4440S,hilos_procesador,4
Computadores,procesador_principal,Intel Core i5-4460,nucleos_procesador,4
Computadores,procesador_principal,Intel Core i5-4460,hilos_procesador,4
Computadores,procesador_principal,Intel Core i5-4460S,nucleos_procesador,4
Computadores,procesador_principal,Intel Core i5-4460S,hilos_procesador,4
Computadores,procesador_principal,Intel Core i5-4460T,nucleos_procesador,4
Computadores,procesador_principal,Intel Core i5-4460T,hilos_procesador,4
Computadores,procesador_principal,Intel Core i5-4470,nucleos_procesador,4
Computadores,procesador_principal,Intel Core i5-4470,hilos_procesador,4
Computadores,procesador_principal,Intel Core i5-4470S,nucleos_procesador,4
Computadores,procesador_principal,Intel Core i5-4470S,hilos_procesador,4
Computadores,procesador_principal,Intel Core i5-450M,nucleos_procesador,2
Computadores,procesador_principal,Intel Core i5-450M,hilos_procesador,4
Computadores,procesador_principal,Intel Core i5-4570,nucleos_procesador,4
Computadores,procesador_principal,Intel Core i5-4570,hilos_procesador,4
Computadores,procesador_principal,Intel Core i5-4570R,nucleos_procesador,4
Computadores,procesador_principal,Intel Core i5-4570R,hilos_procesador,4
Computadores,procesador_principal,Intel Core i5-4570S,nucleos_procesador,4
Computadores,procesador_principal,Intel Core i5-4570S,hilos_procesador,4
Computadores,procesador_principal,Intel Core i5-4570T,nucleos_procesador,2
Computadores,procesador_principal,Intel Core i5-4570T,hilos_procesador,4
Computadores,procesador_principal,Intel Core i5-4570TE,nucleos_procesador,2
Computadores,procesador_principal,Intel Core i5-4570TE,hilos_procesador,4
Computadores,procesador_principal,Intel Core i5-4590,nucleos_procesador,4
Computadores,procesador_principal,Intel Core i5-4590,hilos_procesador,4
Computadores,procesador_principal,Intel Core i5-4590S,nucleos_procesador,4
Computadores,procesador_principal,Intel Core i5-4590S,hilos_procesador,4
Computadores,procesador_principal,Intel Core i5-4590T,nucleos_procesador,4
Computadores,procesador_principal,Intel Core i5-4590T,hilos_procesador,4
Computadores,procesador_principal,Intel Core i5-460M,nucleos_procesador,2
Computadores,procesador_principal,Intel Core i5-460M,hilos_procesador,4
Computadores,procesador_principal,Intel Core i5-4670,nucleos_procesador,4
Computadores,procesador_principal,Intel Core i5-4670,hilos_procesador,4
Computadores,procesador_principal,Intel Core i5-4670K,nucleos_procesador,4
Computadores,procesador_principal,Intel Core i5-4670K,hilos_procesador,4
Computadores,procesador_principal,Intel Core i5-4670K CPT,nucleos_procesador,4
Computadores,procesador_principal,Intel Core i5-4670K CPT,hilos_procesador,4
Computadores,procesador_principal,Intel Core i5-4670R,nucleos_procesador,4
Computadores,procesador_principal,Intel Core i5-4670R,hilos_procesador,4
Computadores,procesador_principal,Intel Core i5-4670S,nucleos_procesador,4
Computadores,procesador_principal,Intel Core i5-4670S,hilos_procesador,4
Computadores,procesador_principal,Intel Core i5-4670T,nucleos_procesador,4
Computadores,procesador_principal,Intel Core i5-4670T,hilos_procesador,4
Computadores,procesador_principal,Intel Core i5-4690,nucleos_procesador,4
Computadores,procesador_principal,Intel Core i5-4690,hilos_procesador,4
Computadores,procesador_principal,Intel Core i5-4690K,nucleos_procesador,4
Computadores,procesador_principal,Intel Core i5-4690K,hilos_procesador,4
Computadores,procesador_principal,Intel Core i5-4690S,nucleos_procesador,4
Computadores,procesador_principal,Intel Core i5-4690S,hilos_procesador,4
Computadores,procesador_principal,Intel Core i5-4690T,nucleos_procesador,4
Computadores,procesador_principal,Intel Core i5-4690T,hilos_procesador,4
Computadores,procesador_principal,Intel Core i5-470UM,nucleos_procesador,2
Computadores,procesador_principal,Intel Core i5-470UM,hilos_procesador,4
Computadores,procesador_principal,Intel Core i5-480M,nucleos_procesador,2
Computadores,procesador_principal,Intel Core i5-480M,hilos_procesador,4
Computadores,procesador_principal,Intel Core i5-5200U,nucleos_procesador,2
Computadores,procesador_principal,Intel Core i5-5200U,hilos_procesador,4
Computadores,procesador_principal,Intel Core i5-520M,nucleos_procesador,2
Computadores,procesador_principal,Intel Core i5-520M,hilos_procesador,4
Computadores,procesador_principal,Intel Core i5-520UM,nucleos_procesador,2
Computadores,procesador_principal,Intel Core i5-520UM,hilos_procesador,4
Computadores,procesador_principal,Intel Core i5-5250U,nucleos_procesador,2
Computadores,procesador_principal,Intel Core i5-5250U,hilos_procesador,4
Computadores,procesador_principal,Intel Core i5-5257U,nucleos_procesador,2
Computadores,procesador_principal,Intel Core i5-5257U,hilos_procesador,4
Computadores,procesador_principal,Intel Core i5-5287U,nucleos_procesador,2
Computadores,procesador_principal,Intel Core i5-5287U,hilos_procesador,4
Computadores,procesador_principal,Intel Core i5-5300U,nucleos_procesador,2
Computadores,procesador_principal,Intel Core i5-5300U,hilos_procesador,4
Computadores,procesador_principal,Intel Core i5-5350U,nucleos_procesador,2
Computadores,procesador_principal,Intel Core i5-5350U,hilos_procesador,4
Computadores,procesador_principal,Intel Core i5-540M,nucleos_procesador,2
Computadores,procesador_principal,Intel Core i5-540M,hilos_procesador,4
Computadores,procesador_principal,Intel Core i5-540UM,nucleos_procesador,2
Computadores,procesador_principal,Intel Core i5-540UM,hilos_procesador,4
Computadores,procesador_principal,Intel Core i5-5575R,nucleos_procesador,4
Computadores,procesador_principal,Intel Core i5-5575R,hilos_procesador,4
Computadores,procesador_principal,Intel Core i5-560M,nucleos_procesador,2
Computadores,procesador_principal,Intel Core i5-560M,hilos_procesador,4
Computadores,procesador_principal,Intel Core i5-560UM,nucleos_procesador,2
Computadores,procesador_principal,Intel Core i5-560UM,hilos_procesador,4
Computadores,procesador_principal,Intel Core i5-5675C,nucleos_procesador,4
Computadores,procesador_principal,Intel Core i5-5675C,hilos_procesador,4
Computadores,procesador_principal,Intel Core i5-5675R,nucleos_procesador,4
Computadores,procesador_principal,Intel Core i5-5675R,hilos_procesador,4
Computadores,procesador_principal,Intel Core i5-580M,nucleos_procesador,2
Computadores,procesador_principal,Intel Core i5-580M,hilos_procesador,4
Computadores,procesador_principal,Intel Core i5-6198DU,nucleos_procesador,2
Computadores,procesador_principal,Intel Core i5-6198DU,hilos_procesador,4
Computadores,procesador_principal,Intel Core i5-6200U,nucleos_procesador,2
Computadores,procesador_principal,Intel Core i5-6200U,hilos_procesador,4
Computadores,procesador_principal,Intel Core i5-6260U,nucleos_procesador,2
Computadores,procesador_principal,Intel Core i5-6260U,hilos_procesador,4
Computadores,procesador_principal,Intel Core i5-6267U,nucleos_procesador,2
Computadores,procesador_principal,Intel Core i5-6267U,hilos_procesador,4
Computadores,procesador_principal,Intel Core i5-6287U,nucleos_procesador,2
Computadores,procesador_principal,Intel Core i5-6287U,hilos_procesador,4
Computadores,procesador_principal,Intel Core i5-6300HQ,nucleos_procesador,4
Computadores,procesador_principal,Intel Core i5-6300HQ,hilos_procesador,4
Computadores,procesador_principal,Intel Core i5-6300U,nucleos_procesador,2
Computadores,procesador_principal,Intel Core i5-6300U,hilos_procesador,4
Computadores,procesador_principal,Intel Core i5-6350HQ,nucleos_procesador,4
Computadores,procesador_principal,Intel Core i5-6350HQ,hilos_procesador,4
Computadores,procesador_principal,Intel Core i5-6360U,nucleos_procesador,2
Computadores,procesador_principal,Intel Core i5-6360U,hilos_procesador,4
Computadores,procesador_principal,Intel Core i5-6400,nucleos_procesador,4
Computadores,procesador_principal,Intel Core i5-6400,hilos_procesador,4
Computadores,procesador_principal,Intel Core i5-6400T,nucleos_procesador,4
Computadores,procesador_principal,Intel Core i5-6400T,hilos_procesador,4
Computadores,procesador_principal,Intel Core i5-6402P,nucleos_procesador,4
Computadores,procesador_principal,Intel Core i5-6402P,hilos_procesador,4
Computadores,procesador_principal,Intel Core i5-6440EQ,nucleos_procesador,4
Computadores,procesador_principal,Intel Core i5-6440EQ,hilos_procesador,4
Computadores,procesador_principal,Intel Core i5-6440HQ,nucleos_procesador,4
Computadores,procesador_principal,Intel Core i5-6440HQ,hilos_procesador,4
Computadores,procesador_principal,Intel Core i5-6442EQ,nucleos_procesador,4
Computadores,procesador_principal,Intel Core i5-6442EQ,hilos_procesador,4
Computadores,procesador_principal,Intel Core i5-650,nucleos_procesador,2
Computadores,procesador_principal,Intel Core i5-650,hilos_procesador,4
Computadores,procesador_principal,Intel Core i5-6500,nucleos_procesador,4
Computadores,procesador_principal,Intel Core i5-6500,hilos_procesador,4
Computadores,procesador_principal,Intel Core i5-6500T,nucleos_procesador,4
Computadores,procesador_principal,Intel Core i5-6500T,hilos_procesador,4
Computadores,procesador_principal,Intel Core i5-6500TE,nucleos_procesador,4
Computadores,procesador_principal,Intel Core i5-6500TE,hilos_procesador,4
Computadores,procesador_principal,Intel Core i5-655K,nucleos_procesador,2
Computadores,procesador_principal,Intel Core i5-655K,hilos_procesador,4
Computadores,procesador_principal,Intel Core i5-660,nucleos_procesador,2
Computadores,procesador_principal,Intel Core i5-660,hilos_procesador,4
Computadores,procesador_principal,Intel Core i5-6600,nucleos_procesador,4
Computadores,procesador_principal,Intel Core i5-6600,hilos_procesador,4
Computadores,procesador_principal,Intel Core i5-6600K,nucleos_procesador,4
Computadores,procesador_principal,Intel Core i5-6600K,hilos_procesador,4
Computadores,procesador_principal,Intel Core i5-6600T,nucleos_procesador,4
Computadores,procesador_principal,Intel Core i5-6600T,hilos_procesador,4
Computadores,procesador_principal,Intel Core i5-661,nucleos_procesador,2
Computadores,procesador_principal,Intel Core i5-661,hilos_procesador,4
Computadores,procesador_principal,Intel Core i5-670,nucleos_procesador,2
Computadores,procesador_principal,Intel Core i5-670,hilos_procesador,4
Computadores,procesador_principal,Intel Core i5-680,nucleos_procesador,2
Computadores,procesador_principal,Intel Core i5-680,hilos_procesador,4
Computadores,procesador_principal,Intel Core i5-7200U,nucleos_procesador,2
Computadores,procesador_principal,Intel Core i5-7200U,hilos_procesador,4
Computadores,procesador_principal,Intel Core i5-7260U,nucleos_procesador,2
Computadores,procesador_principal,Intel Core i5-7260U,hilos_procesador,4
Computadores,procesador_principal,Intel Core i5-7267U,nucleos_procesador,2
Computadores,procesador_principal,Intel Core i5-7267U,hilos_procesador,4
Computadores,procesador_principal,Intel Core i5-7287U,nucleos_procesador,2
Computadores,procesador_principal,Intel Core i5-7287U,hilos_procesador,4
Computadores,procesador_principal,Intel Core i5-7300HQ,nucleos_procesador,4
Computadores,procesador_principal,Intel Core i5-7300HQ,hilos_procesador,4
Computadores,procesador_principal,Intel Core i5-7300U,nucleos_procesador,2
Computadores,procesador_principal,Intel Core i5-7300U,hilos_procesador,4
Computadores,procesador_principal,Intel Core i5-7360U,nucleos_procesador,2
Computadores,procesador_principal,Intel Core i5-7360U,hilos_procesador,4
Computadores,procesador_principal,Intel Core i5-7400,nucleos_procesador,4
Computadores,procesador_principal,Intel Core i5-7400,hilos_procesador,4
Computadores,procesador_principal,Intel Core i5-7400T,nucleos_procesador,4
Computadores,procesador_principal,Intel Core i5-7400T,hilos_procesador,4
Computadores,procesador_principal,Intel Core i5-7440EQ,nucleos_procesador,4
Computadores,procesador_principal,Intel Core i5-7440EQ,hilos_procesador,4
Computadores,procesador_principal,Intel Core i5-7440HQ,nucleos_procesador,4
Computadores,procesador_principal,Intel Core i5-7440HQ,hilos_procesador,4
Computadores,procesador_principal,Intel Core i5-7442EQ,nucleos_procesador,4
Computadores,procesador_principal,Intel Core i5-7442EQ,hilos_procesador,4
Computadores,procesador_principal,Intel Core i5-750,nucleos_procesador,4
Computadores,procesador_principal,Intel Core i5-750,hilos_procesador,4
Computadores,procesador_principal,Intel Core i5-7500,nucleos_procesador,4
Computadores,procesador_principal,Intel Core i5-7500,hilos_procesador,4
Computadores,procesador_principal,Intel Core i5-7500T,nucleos_procesador,4
Computadores,procesador_principal,Intel Core i5-7500T,hilos_procesador,4
Computadores,procesador_principal,Intel Core i5-760,nucleos_procesador,4
Computadores,procesador_principal,Intel Core i5-760,hilos_procesador,4
Computadores,procesador_principal,Intel Core i5-7600,nucleos_procesador,4
Computadores,procesador_principal,Intel Core i5-7600,hilos_procesador,4
Computadores,procesador_principal,Intel Core i5-7600K,nucleos_procesador,4
Computadores,procesador_principal,Intel Core i5-7600K,hilos_procesador,4
Computadores,procesador_principal,Intel Core i5-7600T,nucleos_procesador,4
Computadores,procesador_principal,Intel Core i5-7600T,hilos_procesador,4
Computadores,procesador_principal,Intel Core i5-760S,nucleos_procesador,4
Computadores,procesador_principal,Intel Core i5-760S,hilos_procesador,4
Computadores,procesador_principal,Intel Core i5-7640X,nucleos_procesador,4
Computadores,procesador_principal,Intel Core i5-7640X,hilos_procesador,4
Computadores,procesador_principal,Intel Core i5-7Y54,nucleos_procesador,2
Computadores,procesador_principal,Intel Core i5-7Y54,hilos_procesador,4
Computadores,procesador_principal,Intel Core i5-7Y57,nucleos_procesador,2
Computadores,procesador_principal,Intel Core i5-7Y57,hilos_procesador,4
Computadores,procesador_principal,Intel Core i5-8200Y,nucleos_procesador,2
Computadores,procesador_principal,Intel Core i5-8200Y,hilos_procesador,4
Computadores,procesador_principal,Intel Core i5-8210Y,nucleos_procesador,2
Computadores,procesador_principal,Intel Core i5-8210Y,hilos_procesador,4
Computadores,procesador_principal,Intel Core i5-8250U,nucleos_procesador,4
Computadores,procesador_principal,Intel Core i5-8250U,hilos_procesador,8
Computadores,procesador_principal,Intel Core i5-8257U,nucleos_procesador,4
Computadores,procesador_principal,Intel Core i5-8257U,hilos_procesador,8
Computadores,procesador_principal,Intel Core i5-8259U,nucleos_procesador,4
Computadores,procesador_principal,Intel Core i5-8259U,hilos_procesador,8
Computadores,procesador_principal,Intel Core i5-8260U,nucleos_procesador,4
Computadores,procesador_principal,Intel Core i5-8260U,hilos_procesador,8
Computadores,procesador_principal,Intel Core i5-8265U,nucleos_procesador,4
Computadores,procesador_principal,Intel Core i5-8265U,hilos_procesador,8
Computadores,procesador_principal,Intel Core i5-8265UC,nucleos_procesador,4
Computadores,procesador_principal,Intel Core i5-8265UC,hilos_procesador,8
Computadores,procesador_principal,Intel Core i5-8269U,nucleos_procesador,4
Computadores,procesador_principal,Intel Core i5-8269U,hilos_procesador,8
Computadores,procesador_principal,Intel Core i5-8279U,nucleos_procesador,4
Computadores,procesador_principal,Intel Core i5-8279U,hilos_procesador,8
Computadores,procesador_principal,Intel Core i5-8300H,nucleos_procesador,4
Computadores,procesador_principal,Intel Core i5-8300H,hilos_procesador,8
Computadores,procesador_principal,Intel Core i5-8305G,nucleos_procesador,4
Computadores,procesador_principal,Intel Core i5-8305G,hilos_procesador,8
Computadores,procesador_principal,Intel Core i5-8350U,nucleos_procesador,4
Computadores,procesador_principal,Intel Core i5-8350U,hilos_procesador,8
Computadores,procesador_principal,Intel Core i5-8365U,nucleos_procesador,4
Computadores,procesador_principal,Intel Core i5-8365U,hilos_procesador,8
Computadores,procesador_principal,Intel Core i5-8365UE,nucleos_procesador,4
Computadores,procesador_principal,Intel Core i5-8365UE,hilos_procesador,8
Computadores,procesador_principal,Intel Core i5-8400,nucleos_procesador,6
Computadores,procesador_principal,Intel Core i5-8400,hilos_procesador,6
Computadores,procesador_principal,Intel Core i5-8400H,nucleos_procesador,4
Computadores,procesador_principal,Intel Core i5-8400H,hilos_procesador,8
Computadores,procesador_principal,Intel Core i5-8400T,nucleos_procesador,6
Computadores,procesador_principal,Intel Core i5-8400T,hilos_procesador,6
Computadores,procesador_principal,Intel Core i5-8500,nucleos_procesador,6
Computadores,procesador_principal,Intel Core i5-8500,hilos_procesador,6
Computadores,procesador_principal,Intel Core i5-8500B,nucleos_procesador,6
Computadores,procesador_principal,Intel Core i5-8500B,hilos_procesador,6
Computadores,procesador_principal,Intel Core i5-8500T,nucleos_procesador,6
Computadores,procesador_principal,Intel Core i5-8500T,hilos_procesador,6
Computadores,procesador_principal,Intel Core i5-8600,nucleos_procesador,6
Computadores,procesador_principal,Intel Core i5-8600,hilos_procesador,6
Computadores,procesador_principal,Intel Core i5-8600K,nucleos_procesador,6
Computadores,procesador_principal,Intel Core i5-8600K,hilos_procesador,6
Computadores,procesador_principal,Intel Core i5-8600T,nucleos_procesador,6
Computadores,procesador_principal,Intel Core i5-8600T,hilos_procesador,6
Computadores,procesador_principal,Intel Core i5-9300H,nucleos_procesador,4
Computadores,procesador_principal,Intel Core i5-9300H,hilos_procesador,8
Computadores,procesador_principal,Intel Core i5-9300HF,nucleos_procesador,4
Computadores,procesador_principal,Intel Core i5-9300HF,hilos_procesador,8
Computadores,procesador_principal,Intel Core i5-9400,nucleos_procesador,6
Computadores,procesador_principal,Intel Core i5-9400,hilos_procesador,6
Computadores,procesador_principal,Intel Core i5-9400F,nucleos_procesador,6
Computadores,procesador_principal,Intel Core i5-9400F,hilos_procesador,6
Computadores,procesador_principal,Intel Core i5-9400H,nucleos_procesador,4
Computadores,procesador_principal,Intel Core i5-9400H,hilos_procesador,8
Computadores,procesador_principal,Intel Core i5-9400T,nucleos_procesador,6
Computadores,procesador_principal,Intel Core i5-9400T,hilos_procesador,6
Computadores,procesador_principal,Intel Core i5-9500,nucleos_procesador,6
Computadores,procesador_principal,Intel Core i5-9500,hilos_procesador,6
Computadores,procesador_principal,Intel Core i5-9500E,nucleos_procesador,6
Computadores,procesador_principal,Intel Core i5-9500E,hilos_procesador,6
Computadores,procesador_principal,Intel Core i5-9500F,nucleos_procesador,6
Computadores,procesador_principal,Intel Core i5-9500F,hilos_procesador,6
Computadores,procesador_principal,Intel Core i5-9500T,nucleos_procesador,6
Computadores,procesador_principal,Intel Core i5-9500T,hilos_procesador,6
Computadores,procesador_principal,Intel Core i5-9500TE,nucleos_procesador,6
Computadores,procesador_principal,Intel Core i5-9500TE,hilos_procesador,6
Computadores,procesador_principal,Intel Core i5-9600,nucleos_procesador,6
Computadores,procesador_principal,Intel Core i5-9600,hilos_procesador,6
Computadores,procesador_principal,Intel Core i5-9600K,nucleos_procesador,6
Computadores,procesador_principal,Intel Core i5-9600K,hilos_procesador,6
Computadores,procesador_principal,Intel Core i5-9600KF,nucleos_procesador,6
Computadores,procesador_principal,Intel Core i5-9600KF,hilos_procesador,6
Computadores,procesador_principal,Intel Core i5-9600T,nucleos_procesador,6
Computadores,procesador_principal,Intel Core i5-9600T,hilos_procesador,6
Computadores,procesador_principal,Intel Core i5-L16G7,nucleos_procesador,5
Computadores,procesador_principal,Intel Core i5-L16G7,hilos_procesador,5
Computadores,procesador_principal,Intel Core i7-10510U,nucleos_procesador,4
Computadores,procesador_principal,Intel Core i7-10510U,hilos_procesador,8
Computadores,procesador_principal,Intel Core i7-10510Y,nucleos_procesador,4
Computadores,procesador_principal,Intel Core i7-10510Y,hilos_procesador,8
Computadores,procesador_principal,Intel Core i7-1060NG7,nucleos_procesador,4
Computadores,procesador_principal,Intel Core i7-1060NG7,hilos_procesador,8
Computadores,procesador_principal,Intel Core i7-10610U,nucleos_procesador,4
Computadores,procesador_principal,Intel Core i7-10610U,hilos_procesador,8
Computadores,procesador_principal,Intel Core i7-1065G7,nucleos_procesador,4
Computadores,procesador_principal,Intel Core i7-1065G7,hilos_procesador,8
Computadores,procesador_principal,Intel Core i7-1068NG7,nucleos_procesador,4
Computadores,procesador_principal,Intel Core i7-1068NG7,hilos_procesador,8
Computadores,procesador_principal,Intel Core i7-10700,nucleos_procesador,8
Computadores,procesador_principal,Intel Core i7-10700,hilos_procesador,16
Computadores,procesador_principal,Intel Core i7-10700E,nucleos_procesador,8
Computadores,procesador_principal,Intel Core i7-10700E,hilos_procesador,16
Computadores,procesador_principal,Intel Core i7-10700F,nucleos_procesador,8
Computadores,procesador_principal,Intel Core i7-10700F,hilos_procesador,16
Computadores,procesador_principal,Intel Core i7-10700K,nucleos_procesador,8
Computadores,procesador_principal,Intel Core i7-10700K,hilos_procesador,16
Computadores,procesador_principal,Intel Core i7-10700KF,nucleos_procesador,8
Computadores,procesador_principal,Intel Core i7-10700KF,hilos_procesador,16
Computadores,procesador_principal,Intel Core i7-10700T,nucleos_procesador,8
Computadores,procesador_principal,Intel Core i7-10700T,hilos_procesador,16
Computadores,procesador_principal,Intel Core i7-10700TE,nucleos_procesador,8
Computadores,procesador_principal,Intel Core i7-10700TE,hilos_procesador,16
Computadores,procesador_principal,Intel Core i7-10710U,nucleos_procesador,6
Computadores,procesador_principal,Intel Core i7-10710U,hilos_procesador,12
Computadores,procesador_principal,Intel Core i7-10750H,nucleos_procesador,6
Computadores,procesador_principal,Intel Core i7-10750H,hilos_procesador,12
Computadores,procesador_principal,Intel Core i7-10810U,nucleos_procesador,6
Computadores,procesador_principal,Intel Core i7-10810U,hilos_procesador,12
Computadores,procesador_principal,Intel Core i7-10850H,nucleos_procesador,6
Computadores,procesador_principal,Intel Core i7-10850H,hilos_procesador,12
Computadores,procesador_principal,Intel Core i7-10870H,nucleos_procesador,8
Computadores,procesador_principal,Intel Core i7-10870H,hilos_procesador,16
Computadores,procesador_principal,Intel Core i7-10875H,nucleos_procesador,8
Computadores,procesador_principal,Intel Core i7-10875H,hilos_procesador,16
Computadores,procesador_principal,Intel Core i7-11370H,nucleos_procesador,4
Computadores,procesador_principal,Intel Core i7-11370H,hilos_procesador,8
Computadores,procesador_principal,Intel Core i7-11375H,nucleos_procesador,4
Computadores,procesador_principal,Intel Core i7-11375H,hilos_procesador,8
Computadores,procesador_principal,Intel Core i7-11390H,nucleos_procesador,4
Computadores,procesador_principal,Intel Core i7-11390H,hilos_procesador,8
Computadores,procesador_principal,Intel Core i7-11600H,nucleos_procesador,6
Computadores,procesador_principal,Intel Core i7-11600H,hilos_procesador,12
Computadores,procesador_principal,Intel Core i7-1160G7,nucleos_procesador,4
Computadores,procesador_principal,Intel Core i7-1160G7,hilos_procesador,8
Computadores,procesador_principal,Intel Core i7-1165G7,nucleos_procesador,4
Computadores,procesador_principal,Intel Core i7-1165G7,hilos_procesador,8
Computadores,procesador_principal,Intel Core i7-11700,nucleos_procesador,8
Computadores,procesador_principal,Intel Core i7-11700,hilos_procesador,16
Computadores,procesador_principal,Intel Core i7-11700B,nucleos_procesador,8
Computadores,procesador_principal,Intel Core i7-11700B,hilos_procesador,16
Computadores,procesador_principal,Intel Core i7-11700F,nucleos_procesador,8
Computadores,procesador_principal,Intel Core i7-11700F,hilos_procesador,16
Computadores,procesador_principal,Intel Core i7-11700K,nucleos_procesador,8
Computadores,procesador_principal,Intel Core i7-11700K,hilos_procesador,16
Computadores,procesador_principal,Intel Core i7-11700KF,nucleos_procesador,8
Computadores,procesador_principal,Intel Core i7-11700KF,hilos_procesador,16
Computadores,procesador_principal,Intel Core i7-11700T,nucleos_procesador,8
Computadores,procesador_principal,Intel Core i7-11700T,hilos_procesador,16
Computadores,procesador_principal,Intel Core i7-11800H,nucleos_procesador,8
Computadores,procesador_principal,Intel Core i7-11800H,hilos_procesador,16
Computadores,procesador_principal,Intel Core i7-1180G7,nucleos_procesador,4
Computadores,procesador_principal,Intel Core i7-1180G7,hilos_procesador,8
Computadores,procesador_principal,Intel Core i7-11850H,nucleos_procesador,8
Computadores,procesador_principal,Intel Core i7-11850H,hilos_procesador,16
Computadores,procesador_principal,Intel Core i7-11850HE,nucleos_procesador,8
Computadores,procesador_principal,Intel Core i7-11850HE,hilos_procesador,16
Computadores,procesador_principal,Intel Core i7-1185G7,nucleos_procesador,4
Computadores,procesador_principal,Intel Core i7-1185G7,hilos_procesador,8
Computadores,procesador_principal,Intel Core i7-1185G7E,nucleos_procesador,4
Computadores,procesador_principal,Intel Core i7-1185G7E,hilos_procesador,8
Computadores,procesador_principal,Intel Core i7-1185GRE,nucleos_procesador,4
Computadores,procesador_principal,Intel Core i7-1185GRE,hilos_procesador,8
Computadores,procesador_principal,Intel Core i7-1195G7,nucleos_procesador,4
Computadores,procesador_principal,Intel Core i7-1195G7,hilos_procesador,8
Computadores,procesador_principal,Intel Core i7-1250U,nucleos_procesador,10
Computadores,procesador_principal,Intel Core i7-1250U,hilos_procesador,12
Computadores,procesador_principal,Intel Core i7-1255U,nucleos_procesador,10
Computadores,procesador_principal,Intel Core i7-1255U,hilos_procesador,12
Computadores,procesador_principal,Intel Core i7-1260P,nucleos_procesador,12
Computadores,procesador_principal,Intel Core i7-1260P,hilos_procesador,16
Computadores,procesador_principal,Intel Core i7-1260U,nucleos_procesador,10
Computadores,procesador_principal,Intel Core i7-1260U,hilos_procesador,12
Computadores,procesador_principal,Intel Core i7-12650H,nucleos_procesador,10
Computadores,procesador_principal,Intel Core i7-12650H,hilos_procesador,16
Computadores,procesador_principal,Intel Core i7-12650HX,nucleos_procesador,14
Computadores,procesador_principal,Intel Core i7-12650HX,hilos_procesador,20
Computadores,procesador_principal,Intel Core i7-1265U,nucleos_procesador,10
Computadores,procesador_principal,Intel Core i7-1265U,hilos_procesador,12
Computadores,procesador_principal,Intel Core i7-1265UE,nucleos_procesador,10
Computadores,procesador_principal,Intel Core i7-1265UE,hilos_procesador,12
Computadores,procesador_principal,Intel Core i7-12700,nucleos_procesador,12
Computadores,procesador_principal,Intel Core i7-12700,hilos_procesador,20
Computadores,procesador_principal,Intel Core i7-12700E,nucleos_procesador,12
Computadores,procesador_principal,Intel Core i7-12700E,hilos_procesador,20
Computadores,procesador_principal,Intel Core i7-12700F,nucleos_procesador,12
Computadores,procesador_principal,Intel Core i7-12700F,hilos_procesador,20
Computadores,procesador_principal,Intel Core i7-12700H,nucleos_procesador,14
Computadores,procesador_principal,Intel Core i7-12700H,hilos_procesador,20
Computadores,procesador_principal,Intel Core i7-12700K,nucleos_procesador,12
Computadores,procesador_principal,Intel Core i7-12700K,hilos_procesador,20
Computadores,procesador_principal,Intel Core i7-12700KF,nucleos_procesador,12
Computadores,procesador_principal,Intel Core i7-12700KF,hilos_procesador,20
Computadores,procesador_principal,Intel Core i7-12700T,nucleos_procesador,12
Computadores,procesador_principal,Intel Core i7-12700T,hilos_procesador,20
Computadores,procesador_principal,Intel Core i7-12700TE,nucleos_procesador,12
Computadores,procesador_principal,Intel Core i7-12700TE,hilos_procesador,20
Computadores,procesador_principal,Intel Core i7-1270P,nucleos_procesador,12
Computadores,procesador_principal,Intel Core i7-1270P,hilos_procesador,16
Computadores,procesador_principal,Intel Core i7-1270PE,nucleos_procesador,12
Computadores,procesador_principal,Intel Core i7-1270PE,hilos_procesador,16
Computadores,procesador_principal,Intel Core i7-12800H,nucleos_procesador,14
Computadores,procesador_principal,Intel Core i7-12800H,hilos_procesador,20
Computadores,procesador_principal,Intel Core i7-12800HE,nucleos_procesador,14
Computadores,procesador_principal,Intel Core i7-12800HE,hilos_procesador,20
Computadores,procesador_principal,Intel Core i7-12800HX,nucleos_procesador,16
Computadores,procesador_principal,Intel Core i7-12800HX,hilos_procesador,24
Computadores,procesador_principal,Intel Core i7-1280P,nucleos_procesador,14
Computadores,procesador_principal,Intel Core i7-1280P,hilos_procesador,20
Computadores,procesador_principal,Intel Core i7-12850HX,nucleos_procesador,16
Computadores,procesador_principal,Intel Core i7-12850HX,hilos_procesador,24
Computadores,procesador_principal,Intel Core i7-1355U,nucleos_procesador,10
Computadores,procesador_principal,Intel Core i7-1355U,hilos_procesador,12
Computadores,procesador_principal,Intel Core i7-1360P,nucleos_procesador,12
Computadores,procesador_principal,Intel Core i7-1360P,hilos_procesador,16
Computadores,procesador_principal,Intel Core i7-13620H,nucleos_procesador,10
Computadores,procesador_principal,Intel Core i7-13620H,hilos_procesador,16
Computadores,procesador_principal,Intel Core i7-13650HX,nucleos_procesador,14
Computadores,procesador_principal,Intel Core i7-13650HX,hilos_procesador,20
Computadores,procesador_principal,Intel Core i7-1365U,nucleos_procesador,10
Computadores,procesador_principal,Intel Core i7-1365U,hilos_procesador,12
Computadores,procesador_principal,Intel Core i7-1365UE,nucleos_procesador,10
Computadores,procesador_principal,Intel Core i7-1365UE,hilos_procesador,12
Computadores,procesador_principal,Intel Core i7-13700,nucleos_procesador,16
Computadores,procesador_principal,Intel Core i7-13700,hilos_procesador,24
Computadores,procesador_principal,Intel Core i7-13700E,nucleos_procesador,16
Computadores,procesador_principal,Intel Core i7-13700E,hilos_procesador,24
Computadores,procesador_principal,Intel Core i7-13700F,nucleos_procesador,16
Computadores,procesador_principal,Intel Core i7-13700F,hilos_procesador,24
Computadores,procesador_principal,Intel Core i7-13700H,nucleos_procesador,14
Computadores,procesador_principal,Intel Core i7-13700H,hilos_procesador,20
Computadores,procesador_principal,Intel Core i7-13700HX,nucleos_procesador,16
Computadores,procesador_principal,Intel Core i7-13700HX,hilos_procesador,24
Computadores,procesador_principal,Intel Core i7-13700K,nucleos_procesador,16
Computadores,procesador_principal,Intel Core i7-13700K,hilos_procesador,24
Computadores,procesador_principal,Intel Core i7-13700KF,nucleos_procesador,16
Computadores,procesador_principal,Intel Core i7-13700KF,hilos_procesador,24
Computadores,procesador_principal,Intel Core i7-13700T,nucleos_procesador,16
Computadores,procesador_principal,Intel Core i7-13700T,hilos_procesador,24
Computadores,procesador_principal,Intel Core i7-13700TE,nucleos_procesador,16
Computadores,procesador_principal,Intel Core i7-13700TE,hilos_procesador,24
Computadores,procesador_principal,Intel Core i7-13705H,nucleos_procesador,14
Computadores,procesador_principal,Intel Core i7-13705H,hilos_procesador,20
Computadores,procesador_principal,Intel Core i7-1370P,nucleos_procesador,14
Computadores,procesador_principal,Intel Core i7-1370P,hilos_procesador,20
Computadores,procesador_principal,Intel Core i7-1370PE,nucleos_procesador,14
Computadores,procesador_principal,Intel Core i7-1370PE,hilos_procesador,20
Computadores,procesador_principal,Intel Core i7-13790F,nucleos_procesador,16
Computadores,procesador_principal,Intel Core i7-13790F,hilos_procesador,24
Computadores,procesador_principal,Intel Core i7-13800H,nucleos_procesador,14
Computadores,procesador_principal,Intel Core i7-13800H,hilos_procesador,20
Computadores,procesador_principal,Intel Core i7-13850HX,nucleos_procesador,20
Computadores,procesador_principal,Intel Core i7-13850HX,hilos_procesador,28
Computadores,procesador_principal,Intel Core i7-14650HX,nucleos_procesador,16
Computadores,procesador_principal,Intel Core i7-14650HX,hilos_procesador,24
Computadores,procesador_principal,Intel Core i7-14700,nucleos_procesador,20
Computadores,procesador_principal,Intel Core i7-14700,hilos_procesador,28
Computadores,procesador_principal,Intel Core i7-14700F,nucleos_procesador,20
Computadores,procesador_principal,Intel Core i7-14700F,hilos_procesador,28
Computadores,procesador_principal,Intel Core i7-14700HX,nucleos_procesador,20
Computadores,procesador_principal,Intel Core i7-14700HX,hilos_procesador,28
Computadores,procesador_principal,Intel Core i7-14700K,nucleos_procesador,20
Computadores,procesador_principal,Intel Core i7-14700K,hilos_procesador,28
Computadores,procesador_principal,Intel Core i7-14700KF,nucleos_procesador,20
Computadores,procesador_principal,Intel Core i7-14700KF,hilos_procesador,28
Computadores,procesador_principal,Intel Core i7-14700T,nucleos_procesador,20
Computadores,procesador_principal,Intel Core i7-14700T,hilos_procesador,28
Computadores,procesador_principal,Intel Core i7-14701E,nucleos_procesador,8
Computadores,procesador_principal,Intel Core i7-14701E,hilos_procesador,16
Computadores,procesador_principal,Intel Core i7-2600,nucleos_procesador,4
Computadores,procesador_principal,Intel Core i7-2600,hilos_procesador,8
Computadores,procesador_principal,Intel Core i7-2600K,nucleos_procesador,4
Computadores,procesador_principal,Intel Core i7-2600K,hilos_procesador,8
Computadores,procesador_principal,Intel Core i7-2600S,nucleos_procesador,4
Computadores,procesador_principal,Intel Core i7-2600S,hilos_procesador,8
Computadores,procesador_principal,Intel Core i7-2610UE,nucleos_procesador,2
Computadores,procesador_principal,Intel Core i7-2610UE,hilos_procesador,4
Computadores,procesador_principal,Intel Core i7-2617M,nucleos_procesador,2
Computadores,procesador_principal,Intel Core i7-2617M,hilos_procesador,4
Computadores,procesador_principal,Intel Core i7-2620M,nucleos_procesador,2
Computadores,procesador_principal,Intel Core i7-2620M,hilos_procesador,4
Computadores,procesador_principal,Intel Core i7-2630QM,nucleos_procesador,4
Computadores,procesador_principal,Intel Core i7-2630QM,hilos_procesador,8
Computadores,procesador_principal,Intel Core i7-2630UM,nucleos_procesador,2
Computadores,procesador_principal,Intel Core i7-2630UM,hilos_procesador,4
Computadores,procesador_principal,Intel Core i7-2635QM,nucleos_procesador,4
Computadores,procesador_principal,Intel Core i7-2635QM,hilos_procesador,8
Computadores,procesador_principal,Intel Core i7-2637M,nucleos_procesador,2
Computadores,procesador_principal,Intel Core i7-2637M,hilos_procesador,4
Computadores,procesador_principal,Intel Core i7-2640M,nucleos_procesador,2
Computadores,procesador_principal,Intel Core i7-2640M,hilos_procesador,4
Computadores,procesador_principal,Intel Core i7-2655LE,nucleos_procesador,2
Computadores,procesador_principal,Intel Core i7-2655LE,hilos_procesador,4
Computadores,procesador_principal,Intel Core i7-2670QM,nucleos_procesador,4
Computadores,procesador_principal,Intel Core i7-2670QM,hilos_procesador,8
Computadores,procesador_principal,Intel Core i7-2675QM,nucleos_procesador,4
Computadores,procesador_principal,Intel Core i7-2675QM,hilos_procesador,8
Computadores,procesador_principal,Intel Core i7-2677M,nucleos_procesador,2
Computadores,procesador_principal,Intel Core i7-2677M,hilos_procesador,4
Computadores,procesador_principal,Intel Core i7-2700K,nucleos_procesador,4
Computadores,procesador_principal,Intel Core i7-2700K,hilos_procesador,8
Computadores,procesador_principal,Intel Core i7-2710QE,nucleos_procesador,4
Computadores,procesador_principal,Intel Core i7-2710QE,hilos_procesador,8
Computadores,procesador_principal,Intel Core i7-2715QE,nucleos_procesador,4
Computadores,procesador_principal,Intel Core i7-2715QE,hilos_procesador,8
Computadores,procesador_principal,Intel Core i7-2720QM,nucleos_procesador,4
Computadores,procesador_principal,Intel Core i7-2720QM,hilos_procesador,8
Computadores,procesador_principal,Intel Core i7-2760QM,nucleos_procesador,4
Computadores,procesador_principal,Intel Core i7-2760QM,hilos_procesador,8
Computadores,procesador_principal,Intel Core i7-2820QM,nucleos_procesador,4
Computadores,procesador_principal,Intel Core i7-2820QM,hilos_procesador,8
Computadores,procesador_principal,Intel Core i7-2840QM,nucleos_procesador,4
Computadores,procesador_principal,Intel Core i7-2840QM,hilos_procesador,8
Computadores,procesador_principal,Intel Core i7-2860QM,nucleos_procesador,4
Computadores,procesador_principal,Intel Core i7-2860QM,hilos_procesador,8
Computadores,procesador_principal,Intel Core i7-2920XM,nucleos_procesador,4
Computadores,procesador_principal,Intel Core i7-2920XM,hilos_procesador,8
Computadores,procesador_principal,Intel Core i7-2960XM,nucleos_procesador,4
Computadores,procesador_principal,Intel Core i7-2960XM,hilos_procesador,8
Computadores,procesador_principal,Intel Core i7-3517U,nucleos_procesador,2
Computadores,procesador_principal,Intel Core i7-3517U,hilos_procesador,4
Computadores,procesador_principal,Intel Core i7-3517UE,nucleos_procesador,2
Computadores,procesador_principal,Intel Core i7-3517UE,hilos_procesador,4
Computadores,procesador_principal,Intel Core i7-3520M,nucleos_procesador,2
Computadores,procesador_principal,Intel Core i7-3520M,hilos_procesador,4
Computadores,procesador_principal,Intel Core i7-3537U,nucleos_procesador,2
Computadores,procesador_principal,Intel Core i7-3537U,hilos_procesador,4
Computadores,procesador_principal,Intel Core i7-3540M,nucleos_procesador,2
Computadores,procesador_principal,Intel Core i7-3540M,hilos_procesador,4
Computadores,procesador_principal,Intel Core i7-3555LE,nucleos_procesador,2
Computadores,procesador_principal,Intel Core i7-3555LE,hilos_procesador,4
Computadores,procesador_principal,Intel Core i7-3610QE,nucleos_procesador,4
Computadores,procesador_principal,Intel Core i7-3610QE,hilos_procesador,8
Computadores,procesador_principal,Intel Core i7-3610QM,nucleos_procesador,4
Computadores,procesador_principal,Intel Core i7-3610QM,hilos_procesador,8
Computadores,procesador_principal,Intel Core i7-3612QE,nucleos_procesador,4
Computadores,procesador_principal,Intel Core i7-3612QE,hilos_procesador,8
Computadores,procesador_principal,Intel Core i7-3612QM,nucleos_procesador,4
Computadores,procesador_principal,Intel Core i7-3612QM,hilos_procesador,8
Computadores,procesador_principal,Intel Core i7-3615QE,nucleos_procesador,4
Computadores,procesador_principal,Intel Core i7-3615QE,hilos_procesador,8
Computadores,procesador_principal,Intel Core i7-3615QM,nucleos_procesador,4
Computadores,procesador_principal,Intel Core i7-3615QM,hilos_procesador,8
Computadores,procesador_principal,Intel Core i7-3630QM,nucleos_procesador,4
Computadores,procesador_principal,Intel Core i7-3630QM,hilos_procesador,8
Computadores,procesador_principal,Intel Core i7-3632QM,nucleos_procesador,4
Computadores,procesador_principal,Intel Core i7-3632QM,hilos_procesador,8
Computadores,procesador_principal,Intel Core i7-3635QM,nucleos_procesador,4
Computadores,procesador_principal,Intel Core i7-3635QM,hilos_procesador,8
Computadores,procesador_principal,Intel Core i7-3667U,nucleos_procesador,2
Computadores,procesador_principal,Intel Core i7-3667U,hilos_procesador,4
Computadores,procesador_principal,Intel Core i7-3687U,nucleos_procesador,2
Computadores,procesador_principal,Intel Core i7-3687U,hilos_procesador,4
Computadores,procesador_principal,Intel Core i7-3689Y,nucleos_procesador,2
Computadores,procesador_principal,Intel Core i7-3689Y,hilos_procesador,4
Computadores,procesador_principal,Intel Core i7-3720QM,nucleos_procesador,4
Computadores,procesador_principal,Intel Core i7-3720QM,hilos_procesador,8
Computadores,procesador_principal,Intel Core i7-3740QM,nucleos_procesador,4
Computadores,procesador_principal,Intel Core i7-3740QM,hilos_procesador,8
Computadores,procesador_principal,Intel Core i7-3770,nucleos_procesador,4
Computadores,procesador_principal,Intel Core i7-3770,hilos_procesador,8
Computadores,procesador_principal,Intel Core i7-3770K,nucleos_procesador,4
Computadores,procesador_principal,Intel Core i7-3770K,hilos_procesador,8
Computadores,procesador_principal,Intel Core i7-3770S,nucleos_procesador,4
Computadores,procesador_principal,Intel Core i7-3770S,hilos_procesador,8
Computadores,procesador_principal,Intel Core i7-3770T,nucleos_procesador,4
Computadores,procesador_principal,Intel Core i7-3770T,hilos_procesador,8
Computadores,procesador_principal,Intel Core i7-3820,nucleos_procesador,4
Computadores,procesador_principal,Intel Core i7-3820,hilos_procesador,8
Computadores,procesador_principal,Intel Core i7-3820QM,nucleos_procesador,4
Computadores,procesador_principal,Intel Core i7-3820QM,hilos_procesador,8
Computadores,procesador_principal,Intel Core i7-3840QM,nucleos_procesador,4
Computadores,procesador_principal,Intel Core i7-3840QM,hilos_procesador,8
Computadores,procesador_principal,Intel Core i7-3920XM,nucleos_procesador,4
Computadores,procesador_principal,Intel Core i7-3920XM,hilos_procesador,8
Computadores,procesador_principal,Intel Core i7-3930K,nucleos_procesador,6
Computadores,procesador_principal,Intel Core i7-3930K,hilos_procesador,12
Computadores,procesador_principal,Intel Core i7-3940XM,nucleos_procesador,4
Computadores,procesador_principal,Intel Core i7-3940XM,hilos_procesador,8
Computadores,procesador_principal,Intel Core i7-3960X,nucleos_procesador,6
Computadores,procesador_principal,Intel Core i7-3960X,hilos_procesador,12
Computadores,procesador_principal,Intel Core i7-3970X,nucleos_procesador,6
Computadores,procesador_principal,Intel Core i7-3970X,hilos_procesador,12
Computadores,procesador_principal,Intel Core i7-4500U,nucleos_procesador,2
Computadores,procesador_principal,Intel Core i7-4500U,hilos_procesador,4
Computadores,procesador_principal,Intel Core i7-4510U,nucleos_procesador,2
Computadores,procesador_principal,Intel Core i7-4510U,hilos_procesador,4
Computadores,procesador_principal,Intel Core i7-4550U,nucleos_procesador,2
Computadores,procesador_principal,Intel Core i7-4550U,hilos_procesador,4
Computadores,procesador_principal,Intel Core i7-4558U,nucleos_procesador,2
Computadores,procesador_principal,Intel Core i7-4558U,hilos_procesador,4
Computadores,procesador_principal,Intel Core i7-4560U,nucleos_procesador,2
Computadores,procesador_principal,Intel Core i7-4560U,hilos_procesador,4
Computadores,procesador_principal,Intel Core i7-4578U,nucleos_procesador,2
Computadores,procesador_principal,Intel Core i7-4578U,hilos_procesador,4
Computadores,procesador_principal,Intel Core i7-4600M,nucleos_procesador,2
Computadores,procesador_principal,Intel Core i7-4600M,hilos_procesador,4
Computadores,procesador_principal,Intel Core i7-4600U,nucleos_procesador,2
Computadores,procesador_principal,Intel Core i7-4600U,hilos_procesador,4
Computadores,procesador_principal,Intel Core i7-4610M,nucleos_procesador,2
Computadores,procesador_principal,Intel Core i7-4610M,hilos_procesador,4
Computadores,procesador_principal,Intel Core i7-4610Y,nucleos_procesador,2
Computadores,procesador_principal,Intel Core i7-4610Y,hilos_procesador,4
Computadores,procesador_principal,Intel Core i7-4650U,nucleos_procesador,2
Computadores,procesador_principal,Intel Core i7-4650U,hilos_procesador,4
Computadores,procesador_principal,Intel Core i7-4700EQ,nucleos_procesador,4
Computadores,procesador_principal,Intel Core i7-4700EQ,hilos_procesador,8
Computadores,procesador_principal,Intel Core i7-4700HQ,nucleos_procesador,4
Computadores,procesador_principal,Intel Core i7-4700HQ,hilos_procesador,8
Computadores,procesador_principal,Intel Core i7-4700MQ,nucleos_procesador,4
Computadores,procesador_principal,Intel Core i7-4700MQ,hilos_procesador,8
Computadores,procesador_principal,Intel Core i7-4702HQ,nucleos_procesador,4
Computadores,procesador_principal,Intel Core i7-4702HQ,hilos_procesador,8
Computadores,procesador_principal,Intel Core i7-4702MQ,nucleos_procesador,4
Computadores,procesador_principal,Intel Core i7-4702MQ,hilos_procesador,8
Computadores,procesador_principal,Intel Core i7-4710HQ,nucleos_procesador,4
Computadores,procesador_principal,Intel Core i7-4710HQ,hilos_procesador,8
Computadores,procesador_principal,Intel Core i7-4710MQ,nucleos_procesador,4
Computadores,procesador_principal,Intel Core i7-4710MQ,hilos_procesador,8
Computadores,procesador_principal,Intel Core i7-4712HQ,nucleos_procesador,4
Computadores,procesador_principal,Intel Core i7-4712HQ,hilos_procesador,8
Computadores,procesador_principal,Intel Core i7-4712MQ,nucleos_procesador,4
Computadores,procesador_principal,Intel Core i7-4712MQ,hilos_procesador,8
Computadores,procesador_principal,Intel Core i7-4720HQ,nucleos_procesador,4
Computadores,procesador_principal,Intel Core i7-4720HQ,hilos_procesador,8
Computadores,procesador_principal,Intel Core i7-4722HQ,nucleos_procesador,4
Computadores,procesador_principal,Intel Core i7-4722HQ,hilos_procesador,8
Computadores,procesador_principal,Intel Core i7-4750HQ,nucleos_procesador,4
Computadores,procesador_principal,Intel Core i7-4750HQ,hilos_procesador,8
Computadores,procesador_principal,Intel Core i7-4760HQ,nucleos_procesador,4
Computadores,procesador_principal,Intel Core i7-4760HQ,hilos_procesador,8
Computadores,procesador_principal,Intel Core i7-4765T,nucleos_procesador,4
Computadores,procesador_principal,Intel Core i7-4765T,hilos_procesador,8
Computadores,procesador_principal,Intel Core i7-4770,nucleos_procesador,4
Computadores,procesador_principal,Intel Core i7-4770,hilos_procesador,8
Computadores,procesador_principal,Intel Core i7-4770HQ,nucleos_procesador,4
Computadores,procesador_principal,Intel Core i7-4770HQ,hilos_procesador,8
Computadores,procesador_principal,Intel Core i7-4770K,nucleos_procesador,4
Computadores,procesador_principal,Intel Core i7-4770K,hilos_procesador,8
Computadores,procesador_principal,Intel Core i7-4770R,nucleos_procesador,4
Computadores,procesador_principal,Intel Core i7-4770R,hilos_procesador,8
Computadores,procesador_principal,Intel Core i7-4770S,nucleos_procesador,4
Computadores,procesador_principal,Intel Core i7-4770S,hilos_procesador,8
Computadores,procesador_principal,Intel Core i7-4770T,nucleos_procesador,4
Computadores,procesador_principal,Intel Core i7-4770T,hilos_procesador,8
Computadores,procesador_principal,Intel Core i7-4770TE,nucleos_procesador,4
Computadores,procesador_principal,Intel Core i7-4770TE,hilos_procesador,8
Computadores,procesador_principal,Intel Core i7-4771,nucleos_procesador,4
Computadores,procesador_principal,Intel Core i7-4771,hilos_procesador,8
Computadores,procesador_principal,Intel Core i7-4785T,nucleos_procesador,4
Computadores,procesador_principal,Intel Core i7-4785T,hilos_procesador,8
Computadores,procesador_principal,Intel Core i7-4790,nucleos_procesador,4
Computadores,procesador_principal,Intel Core i7-4790,hilos_procesador,8
Computadores,procesador_principal,Intel Core i7-4790K,nucleos_procesador,4
Computadores,procesador_principal,Intel Core i7-4790K,hilos_procesador,8
Computadores,procesador_principal,Intel Core i7-4790S,nucleos_procesador,4
Computadores,procesador_principal,Intel Core i7-4790S,hilos_procesador,8
Computadores,procesador_principal,Intel Core i7-4790T,nucleos_procesador,4
Computadores,procesador_principal,Intel Core i7-4790T,hilos_procesador,8
Computadores,procesador_principal,Intel Core i7-4800MQ,nucleos_procesador,4
Computadores,procesador_principal,Intel Core i7-4800MQ,hilos_procesador,8
Computadores,procesador_principal,Intel Core i7-4810MQ,nucleos_procesador,4
Computadores,procesador_principal,Intel Core i7-4810MQ,hilos_procesador,8
Computadores,procesador_principal,Intel Core i7-4820K,nucleos_procesador,4
Computadores,procesador_principal,Intel Core i7-4820K,hilos_procesador,8
Computadores,procesador_principal,Intel Core i7-4850HQ,nucleos_procesador,4
Computadores,procesador_principal,Intel Core i7-4850HQ,hilos_procesador,8
Computadores,procesador_principal,Intel Core i7-4860EQ,nucleos_procesador,4
Computadores,procesador_principal,Intel Core i7-4860EQ,hilos_procesador,8
Computadores,procesador_principal,Intel Core i7-4860HQ,nucleos_procesador,4
Computadores,procesador_principal,Intel Core i7-4860HQ,hilos_procesador,8
Computadores,procesador_principal,Intel Core i7-4870HQ,nucleos_procesador,4
Computadores,procesador_principal,Intel Core i7-4870HQ,hilos_procesador,8
Computadores,procesador_principal,Intel Core i7-4900MQ,nucleos_procesador,4
Computadores,procesador_principal,Intel Core i7-4900MQ,hilos_procesador,8
Computadores,procesador_principal,Intel Core i7-4910MQ,nucleos_procesador,4
Computadores,procesador_principal,Intel Core i7-4910MQ,hilos_procesador,8
Computadores,procesador_principal,Intel Core i7-4930K,nucleos_procesador,6
Computadores,procesador_principal,Intel Core i7-4930K,hilos_procesador,12
Computadores,procesador_principal,Intel Core i7-4930MX,nucleos_procesador,4
Computadores,procesador_principal,Intel Core i7-4930MX,hilos_procesador,8
Computadores,procesador_principal,Intel Core i7-4940MX,nucleos_procesador,4
Computadores,procesador_principal,Intel Core i7-4940MX,hilos_procesador,8
Computadores,procesador_principal,Intel Core i7-4960HQ,nucleos_procesador,4
Computadores,procesador_principal,Intel Core i7-4960HQ,hilos_procesador,8
Computadores,procesador_principal,Intel Core i7-4960X,nucleos_procesador,6
Computadores,procesador_principal,Intel Core i7-4960X,hilos_procesador,12
Computadores,procesador_principal,Intel Core i7-4980HQ,nucleos_procesador,4
Computadores,procesador_principal,Intel Core i7-4980HQ,hilos_procesador,8
Computadores,procesador_principal,Intel Core i7-5500U,nucleos_procesador,2
Computadores,procesador_principal,Intel Core i7-5500U,hilos_procesador,4
Computadores,procesador_principal,Intel Core i7-5550U,nucleos_procesador,2
Computadores,procesador_principal,Intel Core i7-5550U,hilos_procesador,4
Computadores,procesador_principal,Intel Core i7-5557U,nucleos_procesador,2
Computadores,procesador_principal,Intel Core i7-5557U,hilos_procesador,4
Computadores,procesador_principal,Intel Core i7-5600U,nucleos_procesador,2
Computadores,procesador_principal,Intel Core i7-5600U,hilos_procesador,4
Computadores,procesador_principal,Intel Core i7-5650U,nucleos_procesador,2
Computadores,procesador_principal,Intel Core i7-5650U,hilos_procesador,4
Computadores,procesador_principal,Intel Core i7-5675C,nucleos_procesador,4
Computadores,procesador_principal,Intel Core i7-5675C,hilos_procesador,4
Computadores,procesador_principal,Intel Core i7-5700EQ,nucleos_procesador,4
Computadores,procesador_principal,Intel Core i7-5700EQ,hilos_procesador,8
Computadores,procesador_principal,Intel Core i7-5700HQ,nucleos_procesador,4
Computadores,procesador_principal,Intel Core i7-5700HQ,hilos_procesador,8
Computadores,procesador_principal,Intel Core i7-5775C,nucleos_procesador,4
Computadores,procesador_principal,Intel Core i7-5775C,hilos_procesador,8
Computadores,procesador_principal,Intel Core i7-5775R,nucleos_procesador,4
Computadores,procesador_principal,Intel Core i7-5775R,hilos_procesador,8
Computadores,procesador_principal,Intel Core i7-5820K,nucleos_procesador,6
Computadores,procesador_principal,Intel Core i7-5820K,hilos_procesador,12
Computadores,procesador_principal,Intel Core i7-5850EQ,nucleos_procesador,4
Computadores,procesador_principal,Intel Core i7-5850EQ,hilos_procesador,8
Computadores,procesador_principal,Intel Core i7-5850HQ,nucleos_procesador,4
Computadores,procesador_principal,Intel Core i7-5850HQ,hilos_procesador,8
Computadores,procesador_principal,Intel Core i7-5930K,nucleos_procesador,6
Computadores,procesador_principal,Intel Core i7-5930K,hilos_procesador,12
Computadores,procesador_principal,Intel Core i7-5950HQ,nucleos_procesador,4
Computadores,procesador_principal,Intel Core i7-5950HQ,hilos_procesador,8
Computadores,procesador_principal,Intel Core i7-5960X,nucleos_procesador,8
Computadores,procesador_principal,Intel Core i7-5960X,hilos_procesador,16
Computadores,procesador_principal,Intel Core i7-610E,nucleos_procesador,2
Computadores,procesador_principal,Intel Core i7-610E,hilos_procesador,4
Computadores,procesador_principal,Intel Core i7-620LM,nucleos_procesador,2
Computadores,procesador_principal,Intel Core i7-620LM,hilos_procesador,4
Computadores,procesador_principal,Intel Core i7-620M,nucleos_procesador,2
Computadores,procesador_principal,Intel Core i7-620M,hilos_procesador,4
Computadores,procesador_principal,Intel Core i7-620UM,nucleos_procesador,2
Computadores,procesador_principal,Intel Core i7-620UM,hilos_procesador,4
Computadores,procesador_principal,Intel Core i7-640LM,nucleos_procesador,2
Computadores,procesador_principal,Intel Core i7-640LM,hilos_procesador,4
Computadores,procesador_principal,Intel Core i7-640M,nucleos_procesador,2
Computadores,procesador_principal,Intel Core i7-640M,hilos_procesador,4
Computadores,procesador_principal,Intel Core i7-640UM,nucleos_procesador,2
Computadores,procesador_principal,Intel Core i7-640UM,hilos_procesador,4
Computadores,procesador_principal,Intel Core i7-6498DU,nucleos_procesador,2
Computadores,procesador_principal,Intel Core i7-6498DU,hilos_procesador,4
Computadores,procesador_principal,Intel Core i7-6500U,nucleos_procesador,2
Computadores,procesador_principal,Intel Core i7-6500U,hilos_procesador,4
Computadores,procesador_principal,Intel Core i7-6560U,nucleos_procesador,2
Computadores,procesador_principal,Intel Core i7-6560U,hilos_procesador,4
Computadores,procesador_principal,Intel Core i7-6567U,nucleos_procesador,2
Computadores,procesador_principal,Intel Core i7-6567U,hilos_procesador,4
Computadores,procesador_principal,Intel Core i7-6600U,nucleos_procesador,2
Computadores,procesador_principal,Intel Core i7-6600U,hilos_procesador,4
Computadores,procesador_principal,Intel Core i7-660UM,nucleos_procesador,2
Computadores,procesador_principal,Intel Core i7-660UM,hilos_procesador,4
Computadores,procesador_principal,Intel Core i7-6650U,nucleos_procesador,2
Computadores,procesador_principal,Intel Core i7-6650U,hilos_procesador,4
Computadores,procesador_principal,Intel Core i7-6660U,nucleos_procesador,2
Computadores,procesador_principal,Intel Core i7-6660U,hilos_procesador,4
Computadores,procesador_principal,Intel Core i7-6700,nucleos_procesador,4
Computadores,procesador_principal,Intel Core i7-6700,hilos_procesador,8
Computadores,procesador_principal,Intel Core i7-6700HQ,nucleos_procesador,4
Computadores,procesador_principal,Intel Core i7-6700HQ,hilos_procesador,8
Computadores,procesador_principal,Intel Core i7-6700K,nucleos_procesador,4
Computadores,procesador_principal,Intel Core i7-6700K,hilos_procesador,8
Computadores,procesador_principal,Intel Core i7-6700T,nucleos_procesador,4
Computadores,procesador_principal,Intel Core i7-6700T,hilos_procesador,8
Computadores,procesador_principal,Intel Core i7-6700TE,nucleos_procesador,4
Computadores,procesador_principal,Intel Core i7-6700TE,hilos_procesador,8
Computadores,procesador_principal,Intel Core i7-6770HQ,nucleos_procesador,4
Computadores,procesador_principal,Intel Core i7-6770HQ,hilos_procesador,8
Computadores,procesador_principal,Intel Core i7-6800K,nucleos_procesador,6
Computadores,procesador_principal,Intel Core i7-6800K,hilos_procesador,12
Computadores,procesador_principal,Intel Core i7-680UM,nucleos_procesador,2
Computadores,procesador_principal,Intel Core i7-680UM,hilos_procesador,4
Computadores,procesador_principal,Intel Core i7-6820EQ,nucleos_procesador,4
Computadores,procesador_principal,Intel Core i7-6820EQ,hilos_procesador,8
Computadores,procesador_principal,Intel Core i7-6820HK,nucleos_procesador,4
Computadores,procesador_principal,Intel Core i7-6820HK,hilos_procesador,8
Computadores,procesador_principal,Intel Core i7-6820HQ,nucleos_procesador,4
Computadores,procesador_principal,Intel Core i7-6820HQ,hilos_procesador,8
Computadores,procesador_principal,Intel Core i7-6822EQ,nucleos_procesador,4
Computadores,procesador_principal,Intel Core i7-6822EQ,hilos_procesador,8
Computadores,procesador_principal,Intel Core i7-6850K,nucleos_procesador,6
Computadores,procesador_principal,Intel Core i7-6850K,hilos_procesador,12
Computadores,procesador_principal,Intel Core i7-6900K,nucleos_procesador,8
Computadores,procesador_principal,Intel Core i7-6900K,hilos_procesador,16
Computadores,procesador_principal,Intel Core i7-6920HQ,nucleos_procesador,4
Computadores,procesador_principal,Intel Core i7-6920HQ,hilos_procesador,8
Computadores,procesador_principal,Intel Core i7-6950X,nucleos_procesador,10
Computadores,procesador_principal,Intel Core i7-6950X,hilos_procesador,20
Computadores,procesador_principal,Intel Core i7-6970HQ,nucleos_procesador,4
Computadores,procesador_principal,Intel Core i7-6970HQ,hilos_procesador,8
Computadores,procesador_principal,Intel Core i7-720QM,nucleos_procesador,4
Computadores,procesador_principal,Intel Core i7-720QM,hilos_procesador,8
Computadores,procesador_principal,Intel Core i7-740QM,nucleos_procesador,4
Computadores,procesador_principal,Intel Core i7-740QM,hilos_procesador,8
Computadores,procesador_principal,Intel Core i7-7500U,nucleos_procesador,2
Computadores,procesador_principal,Intel Core i7-7500U,hilos_procesador,4
Computadores,procesador_principal,Intel Core i7-7560U,nucleos_procesador,2
Computadores,procesador_principal,Intel Core i7-7560U,hilos_procesador,4
Computadores,procesador_principal,Intel Core i7-7567U,nucleos_procesador,2
Computadores,procesador_principal,Intel Core i7-7567U,hilos_procesador,4
Computadores,procesador_principal,Intel Core i7-7600U,nucleos_procesador,2
Computadores,procesador_principal,Intel Core i7-7600U,hilos_procesador,4
Computadores,procesador_principal,Intel Core i7-7660U,nucleos_procesador,2
Computadores,procesador_principal,Intel Core i7-7660U,hilos_procesador,4
Computadores,procesador_principal,Intel Core i7-7700,nucleos_procesador,4
Computadores,procesador_principal,Intel Core i7-7700,hilos_procesador,8
Computadores,procesador_principal,Intel Core i7-7700HQ,nucleos_procesador,4
Computadores,procesador_principal,Intel Core i7-7700HQ,hilos_procesador,8
Computadores,procesador_principal,Intel Core i7-7700K,nucleos_procesador,4
Computadores,procesador_principal,Intel Core i7-7700K,hilos_procesador,8
Computadores,procesador_principal,Intel Core i7-7700T,nucleos_procesador,4
Computadores,procesador_principal,Intel Core i7-7700T,hilos_procesador,8
Computadores,procesador_principal,Intel Core i7-7740X,nucleos_procesador,4
Computadores,procesador_principal,Intel Core i7-7740X,hilos_procesador,8
Computadores,procesador_principal,Intel Core i7-7800X,nucleos_procesador,6
Computadores,procesador_principal,Intel Core i7-7800X,hilos_procesador,12
Computadores,procesador_principal,Intel Core i7-7820EQ,nucleos_procesador,4
Computadores,procesador_principal,Intel Core i7-7820EQ,hilos_procesador,8
Computadores,procesador_principal,Intel Core i7-7820HK,nucleos_procesador,4
Computadores,procesador_principal,Intel Core i7-7820HK,hilos_procesador,8
Computadores,procesador_principal,Intel Core i7-7820HQ,nucleos_procesador,4
Computadores,procesador_principal,Intel Core i7-7820HQ,hilos_procesador,8
Computadores,procesador_principal,Intel Core i7-7820X,nucleos_procesador,8
Computadores,procesador_principal,Intel Core i7-7820X,hilos_procesador,16
Computadores,procesador_principal,Intel Core i7-7900X,nucleos_procesador,10
Computadores,procesador_principal,Intel Core i7-7900X,hilos_procesador,20
Computadores,procesador_principal,Intel Core i7-7920HQ,nucleos_procesador,4
Computadores,procesador_principal,Intel Core i7-7920HQ,hilos_procesador,8
Computadores,procesador_principal,Intel Core i7-7Y75,nucleos_procesador,2
Computadores,procesador_principal,Intel Core i7-7Y75,hilos_procesador,4
Computadores,procesador_principal,Intel Core i7-8086K,nucleos_procesador,6
Computadores,procesador_principal,Intel Core i7-8086K,hilos_procesador,12
Computadores,procesador_principal,Intel Core i7-820QM,nucleos_procesador,4
Computadores,procesador_principal,Intel Core i7-820QM,hilos_procesador,8
Computadores,procesador_principal,Intel Core i7-840QM,nucleos_procesador,4
Computadores,procesador_principal,Intel Core i7-840QM,hilos_procesador,8
Computadores,procesador_principal,Intel Core i7-8500Y,nucleos_procesador,2
Computadores,procesador_principal,Intel Core i7-8500Y,hilos_procesador,4
Computadores,procesador_principal,Intel Core i7-8550U,nucleos_procesador,4
Computadores,procesador_principal,Intel Core i7-8550U,hilos_procesador,8
Computadores,procesador_principal,Intel Core i7-8557U,nucleos_procesador,4
Computadores,procesador_principal,Intel Core i7-8557U,hilos_procesador,8
Computadores,procesador_principal,Intel Core i7-8559U,nucleos_procesador,4
Computadores,procesador_principal,Intel Core i7-8559U,hilos_procesador,8
Computadores,procesador_principal,Intel Core i7-8565U,nucleos_procesador,4
Computadores,procesador_principal,Intel Core i7-8565U,hilos_procesador,8
Computadores,procesador_principal,Intel Core i7-8565UC,nucleos_procesador,4
Computadores,procesador_principal,Intel Core i7-8565UC,hilos_procesador,8
Computadores,procesador_principal,Intel Core i7-8569U,nucleos_procesador,4
Computadores,procesador_principal,Intel Core i7-8569U,hilos_procesador,8
Computadores,procesador_principal,Intel Core i7-860,nucleos_procesador,4
Computadores,procesador_principal,Intel Core i7-860,hilos_procesador,8
Computadores,procesador_principal,Intel Core i7-860S,nucleos_procesador,4
Computadores,procesador_principal,Intel Core i7-860S,hilos_procesador,8
Computadores,procesador_principal,Intel Core i7-8650U,nucleos_procesador,4
Computadores,procesador_principal,Intel Core i7-8650U,hilos_procesador,8
Computadores,procesador_principal,Intel Core i7-8665U,nucleos_procesador,4
Computadores,procesador_principal,Intel Core i7-8665U,hilos_procesador,8
Computadores,procesador_principal,Intel Core i7-8665UE,nucleos_procesador,4
Computadores,procesador_principal,Intel Core i7-8665UE,hilos_procesador,8
Computadores,procesador_principal,Intel Core i7-870,nucleos_procesador,4
Computadores,procesador_principal,Intel Core i7-870,hilos_procesador,8
Computadores,procesador_principal,Intel Core i7-8700,nucleos_procesador,6
Computadores,procesador_principal,Intel Core i7-8700,hilos_procesador,12
Computadores,procesador_principal,Intel Core i7-8700B,nucleos_procesador,6
Computadores,procesador_principal,Intel Core i7-8700B,hilos_procesador,12
Computadores,procesador_principal,Intel Core i7-8700K,nucleos_procesador,6
Computadores,procesador_principal,Intel Core i7-8700K,hilos_procesador,12
Computadores,procesador_principal,Intel Core i7-8700T,nucleos_procesador,6
Computadores,procesador_principal,Intel Core i7-8700T,hilos_procesador,12
Computadores,procesador_principal,Intel Core i7-8705G,nucleos_procesador,4
Computadores,procesador_principal,Intel Core i7-8705G,hilos_procesador,8
Computadores,procesador_principal,Intel Core i7-8706G,nucleos_procesador,4
Computadores,procesador_principal,Intel Core i7-8706G,hilos_procesador,8
Computadores,procesador_principal,Intel Core i7-8709G,nucleos_procesador,4
Computadores,procesador_principal,Intel Core i7-8709G,hilos_procesador,8
Computadores,procesador_principal,Intel Core i7-870S,nucleos_procesador,4
Computadores,procesador_principal,Intel Core i7-870S,hilos_procesador,8
Computadores,procesador_principal,Intel Core i7-8750H,nucleos_procesador,6
Computadores,procesador_principal,Intel Core i7-8750H,hilos_procesador,12
Computadores,procesador_principal,Intel Core i7-875K,nucleos_procesador,4
Computadores,procesador_principal,Intel Core i7-875K,hilos_procesador,8
Computadores,procesador_principal,Intel Core i7-880,nucleos_procesador,4
Computadores,procesador_principal,Intel Core i7-880,hilos_procesador,8
Computadores,procesador_principal,Intel Core i7-8809G,nucleos_procesador,4
Computadores,procesador_principal,Intel Core i7-8809G,hilos_procesador,8
Computadores,procesador_principal,Intel Core i7-8850H,nucleos_procesador,6
Computadores,procesador_principal,Intel Core i7-8850H,hilos_procesador,12
Computadores,procesador_principal,Intel Core i7-920,nucleos_procesador,4
Computadores,procesador_principal,Intel Core i7-920,hilos_procesador,8
Computadores,procesador_principal,Intel Core i7-920XM,nucleos_procesador,4
Computadores,procesador_principal,Intel Core i7-920XM,hilos_procesador,8
Computadores,procesador_principal,Intel Core i7-930,nucleos_procesador,4
Computadores,procesador_principal,Intel Core i7-930,hilos_procesador,8
Computadores,procesador_principal,Intel Core i7-940,nucleos_procesador,4
Computadores,procesador_principal,Intel Core i7-940,hilos_procesador,8
Computadores,procesador_principal,Intel Core i7-940XM,nucleos_procesador,4
Computadores,procesador_principal,Intel Core i7-940XM,hilos_procesador,8
Computadores,procesador_principal,Intel Core i7-950,nucleos_procesador,4
Computadores,procesador_principal,Intel Core i7-950,hilos_procesador,8
Computadores,procesador_principal,Intel Core i7-960,nucleos_procesador,4
Computadores,procesador_principal,Intel Core i7-960,hilos_procesador,8
Computadores,procesador_principal,Intel Core i7-965,nucleos_procesador,4
Computadores,procesador_principal,Intel Core i7-965,hilos_procesador,8
Computadores,procesador_principal,Intel Core i7-970,nucleos_procesador,6
Computadores,procesador_principal,Intel Core i7-970,hilos_procesador,12
Computadores,procesador_principal,Intel Core i7-9700,nucleos_procesador,8
Computadores,procesador_principal,Intel Core i7-9700,hilos_procesador,8
Computadores,procesador_principal,Intel Core i7-9700E,nucleos_procesador,8
Computadores,procesador_principal,Intel Core i7-9700E,hilos_procesador,8
Computadores,procesador_principal,Intel Core i7-9700F,nucleos_procesador,8
Computadores,procesador_principal,Intel Core i7-9700F,hilos_procesador,8
Computadores,procesador_principal,Intel Core i7-9700K,nucleos_procesador,8
Computadores,procesador_principal,Intel Core i7-9700K,hilos_procesador,8
Computadores,procesador_principal,Intel Core i7-9700KF,nucleos_procesador,8
Computadores,procesador_principal,Intel Core i7-9700KF,hilos_procesador,8
Computadores,procesador_principal,Intel Core i7-9700T,nucleos_procesador,8
Computadores,procesador_principal,Intel Core i7-9700T,hilos_procesador,8
Computadores,procesador_principal,Intel Core i7-9700TE,nucleos_procesador,8
Computadores,procesador_principal,Intel Core i7-9700TE,hilos_procesador,8
Computadores,procesador_principal,Intel Core i7-975,nucleos_procesador,4
Computadores,procesador_principal,Intel Core i7-975,hilos_procesador,8
Computadores,procesador_principal,Intel Core i7-9750H,nucleos_procesador,6
Computadores,procesador_principal,Intel Core i7-9750H,hilos_procesador,12
Computadores,procesador_principal,Intel Core i7-9750HF,nucleos_procesador,6
Computadores,procesador_principal,Intel Core i7-9750HF,hilos_procesador,12
Computadores,procesador_principal,Intel Core i7-980,nucleos_procesador,6
Computadores,procesador_principal,Intel Core i7-980,hilos_procesador,12
Computadores,procesador_principal,Intel Core i7-9800X,nucleos_procesador,8
Computadores,procesador_principal,Intel Core i7-9800X,hilos_procesador,16
Computadores,procesador_principal,Intel Core i7-980X,nucleos_procesador,6
Computadores,procesador_principal,Intel Core i7-980X,hilos_procesador,12
Computadores,procesador_principal,Intel Core i7-985,nucleos_procesador,4
Computadores,procesador_principal,Intel Core i7-985,hilos_procesador,8
Computadores,procesador_principal,Intel Core i7-9850H,nucleos_procesador,6
Computadores,procesador_principal,Intel Core i7-9850H,hilos_procesador,12
Computadores,procesador_principal,Intel Core i7-9850HE,nucleos_procesador,6
Computadores,procesador_principal,Intel Core i7-9850HE,hilos_procesador,12
Computadores,procesador_principal,Intel Core i7-9850HL,nucleos_procesador,6
Computadores,procesador_principal,Intel Core i7-9850HL,hilos_procesador,12
Computadores,procesador_principal,Intel Core i7-990X,nucleos_procesador,6
Computadores,procesador_principal,Intel Core i7-990X,hilos_procesador,12
Computadores,procesador_principal,Intel Core i7-995X,nucleos_procesador,6
Computadores,procesador_principal,Intel Core i7-995X,hilos_procesador,12
Computadores,procesador_principal,Intel Core i9-10850K,nucleos_procesador,10
Computadores,procesador_principal,Intel Core i9-10850K,hilos_procesador,20
Computadores,procesador_principal,Intel Core i9-10880H,nucleos_procesador,8
Computadores,procesador_principal,Intel Core i9-10880H,hilos_procesador,16
Computadores,procesador_principal,Intel Core i9-10885H,nucleos_procesador,8
Computadores,procesador_principal,Intel Core i9-10885H,hilos_procesador,16
Computadores,procesador_principal,Intel Core i9-10900,nucleos_procesador,10
Computadores,procesador_principal,Intel Core i9-10900,hilos_procesador,20
Computadores,procesador_principal,Intel Core i9-10900E,nucleos_procesador,10
Computadores,procesador_principal,Intel Core i9-10900E,hilos_procesador,20
Computadores,procesador_principal,Intel Core i9-10900F,nucleos_procesador,10
Computadores,procesador_principal,Intel Core i9-10900F,hilos_procesador,20
Computadores,procesador_principal,Intel Core i9-10900K,nucleos_procesador,10
Computadores,procesador_principal,Intel Core i9-10900K,hilos_procesador,20
Computadores,procesador_principal,Intel Core i9-10900KF,nucleos_procesador,10
Computadores,procesador_principal,Intel Core i9-10900KF,hilos_procesador,20
Computadores,procesador_principal,Intel Core i9-10900T,nucleos_procesador,10
Computadores,procesador_principal,Intel Core i9-10900T,hilos_procesador,20
Computadores,procesador_principal,Intel Core i9-10900TE,nucleos_procesador,10
Computadores,procesador_principal,Intel Core i9-10900TE,hilos_procesador,20
Computadores,procesador_principal,Intel Core i9-10900X,nucleos_procesador,10
Computadores,procesador_principal,Intel Core i9-10900X,hilos_procesador,20
Computadores,procesador_principal,Intel Core i9-10910,nucleos_procesador,10
Computadores,procesador_principal,Intel Core i9-10910,hilos_procesador,20
Computadores,procesador_principal,Intel Core i9-10920X,nucleos_procesador,12
Computadores,procesador_principal,Intel Core i9-10920X,hilos_procesador,24
Computadores,procesador_principal,Intel Core i9-10940X,nucleos_procesador,14
Computadores,procesador_principal,Intel Core i9-10940X,hilos_procesador,28
Computadores,procesador_principal,Intel Core i9-10980HK,nucleos_procesador,8
Computadores,procesador_principal,Intel Core i9-10980HK,hilos_procesador,16
Computadores,procesador_principal,Intel Core i9-10980XE,nucleos_procesador,18
Computadores,procesador_principal,Intel Core i9-10980XE,hilos_procesador,36
Computadores,procesador_principal,Intel Core i9-11900,nucleos_procesador,8
Computadores,procesador_principal,Intel Core i9-11900,hilos_procesador,16
Computadores,procesador_principal,Intel Core i9-11900F,nucleos_procesador,8
Computadores,procesador_principal,Intel Core i9-11900F,hilos_procesador,16
Computadores,procesador_principal,Intel Core i9-11900H,nucleos_procesador,8
Computadores,procesador_principal,Intel Core i9-11900H,hilos_procesador,16
Computadores,procesador_principal,Intel Core i9-11900K,nucleos_procesador,8
Computadores,procesador_principal,Intel Core i9-11900K,hilos_procesador,16
Computadores,procesador_principal,Intel Core i9-11900KB,nucleos_procesador,8
Computadores,procesador_principal,Intel Core i9-11900KB,hilos_procesador,16
Computadores,procesador_principal,Intel Core i9-11900KF,nucleos_procesador,8
Computadores,procesador_principal,Intel Core i9-11900KF,hilos_procesador,16
Computadores,procesador_principal,Intel Core i9-11900T,nucleos_procesador,8
Computadores,procesador_principal,Intel Core i9-11900T,hilos_procesador,16
Computadores,procesador_principal,Intel Core i9-11950H,nucleos_procesador,8
Computadores,procesador_principal,Intel Core i9-11950H,hilos_procesador,16
Computadores,procesador_principal,Intel Core i9-11980HK,nucleos_procesador,8
Computadores,procesador_principal,Intel Core i9-11980HK,hilos_procesador,16
Computadores,procesador_principal,Intel Core i9-12900,nucleos_procesador,16
Computadores,procesador_principal,Intel Core i9-12900,hilos_procesador,24
Computadores,procesador_principal,Intel Core i9-12900E,nucleos_procesador,16
Computadores,procesador_principal,Intel Core i9-12900E,hilos_procesador,24
Computadores,procesador_principal,Intel Core i9-12900F,nucleos_procesador,16
Computadores,procesador_principal,Intel Core i9-12900F,hilos_procesador,24
Computadores,procesador_principal,Intel Core i9-12900H,nucleos_procesador,14
Computadores,procesador_principal,Intel Core i9-12900H,hilos_procesador,20
Computadores,procesador_principal,Intel Core i9-12900HK,nucleos_procesador,14
Computadores,procesador_principal,Intel Core i9-12900HK,hilos_procesador,20
Computadores,procesador_principal,Intel Core i9-12900HX,nucleos_procesador,16
Computadores,procesador_principal,Intel Core i9-12900HX,hilos_procesador,24
Computadores,procesador_principal,Intel Core i9-12900K,nucleos_procesador,16
Computadores,procesador_principal,Intel Core i9-12900K,hilos_procesador,24
Computadores,procesador_principal,Intel Core i9-12900KF,nucleos_procesador,16
Computadores,procesador_principal,Intel Core i9-12900KF,hilos_procesador,24
Computadores,procesador_principal,Intel Core i9-12900KS,nucleos_procesador,16
Computadores,procesador_principal,Intel Core i9-12900KS,hilos_procesador,24
Computadores,procesador_principal,Intel Core i9-12900T,nucleos_procesador,16
Computadores,procesador_principal,Intel Core i9-12900T,hilos_procesador,24
Computadores,procesador_principal,Intel Core i9-12900TE,nucleos_procesador,16
Computadores,procesador_principal,Intel Core i9-12900TE,hilos_procesador,24
Computadores,procesador_principal,Intel Core i9-12950HX,nucleos_procesador,16
Computadores,procesador_principal,Intel Core i9-12950HX,hilos_procesador,24
Computadores,procesador_principal,Intel Core i9-13900,nucleos_procesador,24
Computadores,procesador_principal,Intel Core i9-13900,hilos_procesador,32
Computadores,procesador_principal,Intel Core i9-13900E,nucleos_procesador,24
Computadores,procesador_principal,Intel Core i9-13900E,hilos_procesador,32
Computadores,procesador_principal,Intel Core i9-13900F,nucleos_procesador,24
Computadores,procesador_principal,Intel Core i9-13900F,hilos_procesador,32
Computadores,procesador_principal,Intel Core i9-13900H,nucleos_procesador,14
Computadores,procesador_principal,Intel Core i9-13900H,hilos_procesador,20
Computadores,procesador_principal,Intel Core i9-13900HK,nucleos_procesador,14
Computadores,procesador_principal,Intel Core i9-13900HK,hilos_procesador,20
Computadores,procesador_principal,Intel Core i9-13900HX,nucleos_procesador,24
Computadores,procesador_principal,Intel Core i9-13900HX,hilos_procesador,32
Computadores,procesador_principal,Intel Core i9-13900K,nucleos_procesador,24
Computadores,procesador_principal,Intel Core i9-13900K,hilos_procesador,32
Computadores,procesador_principal,Intel Core i9-13900KF,nucleos_procesador,24
Computadores,procesador_principal,Intel Core i9-13900KF,hilos_procesador,32
Computadores,procesador_principal,Intel Core i9-13900KS,nucleos_procesador,24
Computadores,procesador_principal,Intel Core i9-13900KS,hilos_procesador,32
Computadores,procesador_principal,Intel Core i9-13900T,nucleos_procesador,24
Computadores,procesador_principal,Intel Core i9-13900T,hilos_procesador,32
Computadores,procesador_principal,Intel Core i9-13900TE,nucleos_procesador,24
Computadores,procesador_principal,Intel Core i9-13900TE,hilos_procesador,32
Computadores,procesador_principal,Intel Core i9-13905H,nucleos_procesador,14
Computadores,procesador_principal,Intel Core i9-13905H,hilos_procesador,20
Computadores,procesador_principal,Intel Core i9-13950HX,nucleos_procesador,24
Computadores,procesador_principal,Intel Core i9-13950HX,hilos_procesador,32
Computadores,procesador_principal,Intel Core i9-13980HX,nucleos_procesador,24
Computadores,procesador_principal,Intel Core i9-13980HX,hilos_procesador,32
Computadores,procesador_principal,Intel Core i9-14900,nucleos_procesador,24
Computadores,procesador_principal,Intel Core i9-14900,hilos_procesador,32
Computadores,procesador_principal,Intel Core i9-14900F,nucleos_procesador,24
Computadores,procesador_principal,Intel Core i9-14900F,hilos_procesador,32
Computadores,procesador_principal,Intel Core i9-14900HX,nucleos_procesador,24
Computadores,procesador_principal,Intel Core i9-14900HX,hilos_procesador,32
Computadores,procesador_principal,Intel Core i9-14900K,nucleos_procesador,24
Computadores,procesador_principal,Intel Core i9-14900K,hilos_procesador,32
Computadores,procesador_principal,Intel Core i9-14900KF,nucleos_procesador,24
Computadores,procesador_principal,Intel Core i9-14900KF,hilos_procesador,32
Computadores,procesador_principal,Intel Core i9-14900KS,nucleos_procesador,24
Computadores,procesador_principal,Intel Core i9-14900KS,hilos_procesador,32
Computadores,procesador_principal,Intel Core i9-14900T,nucleos_procesador,24
Computadores,procesador_principal,Intel Core i9-14900T,hilos_procesador,32
Computadores,procesador_principal,Intel Core i9-7900X,nucleos_procesador,10
Computadores,procesador_principal,Intel Core i9-7900X,hilos_procesador,20
Computadores,procesador_principal,Intel Core i9-7920X,nucleos_procesador,12
Computadores,procesador_principal,Intel Core i9-7920X,hilos_procesador,24
Computadores,procesador_principal,Intel Core i9-7940X,nucleos_procesador,14
Computadores,procesador_principal,Intel Core i9-7940X,hilos_procesador,28
Computadores,procesador_principal,Intel Core i9-7960X,nucleos_procesador,16
Computadores,procesador_principal,Intel Core i9-7960X,hilos_procesador,32
Computadores,procesador_principal,Intel Core i9-7980XE,nucleos_procesador,18
Computadores,procesador_principal,Intel Core i9-7980XE,hilos_procesador,36
Computadores,procesador_principal,Intel Core i9-8950HK,nucleos_procesador,6
Computadores,procesador_principal,Intel Core i9-8950HK,hilos_procesador,12
Computadores,procesador_principal,Intel Core i9-9820X,nucleos_procesador,10
Computadores,procesador_principal,Intel Core i9-9820X,hilos_procesador,20
Computadores,procesador_principal,Intel Core i9-9880H,nucleos_procesador,8
Computadores,procesador_principal,Intel Core i9-9880H,hilos_procesador,16
Computadores,procesador_principal,Intel Core i9-9900,nucleos_procesador,8
Computadores,procesador_principal,Intel Core i9-9900,hilos_procesador,16
Computadores,procesador_principal,Intel Core i9-9900K,nucleos_procesador,8
Computadores,procesador_principal,Intel Core i9-9900K,hilos_procesador,16
Computadores,procesador_principal,Intel Core i9-9900KF,nucleos_procesador,8
Computadores,procesador_principal,Intel Core i9-9900KF,hilos_procesador,16
Computadores,procesador_principal,Intel Core i9-9900KS,nucleos_procesador,8
Computadores,procesador_principal,Intel Core i9-9900KS,hilos_procesador,16
Computadores,procesador_principal,Intel Core i9-9900T,nucleos_procesador,8
Computadores,procesador_principal,Intel Core i9-9900T,hilos_procesador,16
Computadores,procesador_principal,Intel Core i9-9900X,nucleos_procesador,10
Computadores,procesador_principal,Intel Core i9-9900X,hilos_procesador,20
Computadores,procesador_principal,Intel Core i9-9920X,nucleos_procesador,12
Computadores,procesador_principal,Intel Core i9-9920X,hilos_procesador,24
Computadores,procesador_principal,Intel Core i9-9940X,nucleos_procesador,14
Computadores,procesador_principal,Intel Core i9-9940X,hilos_procesador,28
Computadores,procesador_principal,Intel Core i9-9960X,nucleos_procesador,16
Computadores,procesador_principal,Intel Core i9-9960X,hilos_procesador,32
Computadores,procesador_principal,Intel Core i9-9980HK,nucleos_procesador,8
Computadores,procesador_principal,Intel Core i9-9980HK,hilos_procesador,16
Computadores,procesador_principal,Intel Core i9-9980XE,nucleos_procesador,18
Computadores,procesador_principal,Intel Core i9-9980XE,hilos_procesador,36
Computadores,procesador_principal,Intel Core i9-9990XE,nucleos_procesador,14
Computadores,procesador_principal,Intel Core i9-9990XE,hilos_procesador,28
Computadores,procesador_principal,Intel Core M-5Y10,nucleos_procesador,2
Computadores,procesador_principal,Intel Core M-5Y10,hilos_procesador,4
Computadores,procesador_principal,Intel Core M-5Y10a,nucleos_procesador,2
Computadores,procesador_principal,Intel Core M-5Y10a,hilos_procesador,4
Computadores,procesador_principal,Intel Core M-5Y10c,nucleos_procesador,2
Computadores,procesador_principal,Intel Core M-5Y10c,hilos_procesador,4
Computadores,procesador_principal,Intel Core M-5Y31,nucleos_procesador,2
Computadores,procesador_principal,Intel Core M-5Y31,hilos_procesador,4
Computadores,procesador_principal,Intel Core M-5Y51,nucleos_procesador,2
Computadores,procesador_principal,Intel Core M-5Y51,hilos_procesador,4
Computadores,procesador_principal,Intel Core M-5Y70,nucleos_procesador,2
Computadores,procesador_principal,Intel Core M-5Y70,hilos_procesador,4
Computadores,procesador_principal,Intel Core M-5Y71,nucleos_procesador,2
Computadores,procesador_principal,Intel Core M-5Y71,hilos_procesador,4
Computadores,procesador_principal,Intel Core m3-6Y30,nucleos_procesador,2
Computadores,procesador_principal,Intel Core m3-6Y30,hilos_procesador,4
Computadores,procesador_principal,Intel Core m3-7Y30,nucleos_procesador,2
Computadores,procesador_principal,Intel Core m3-7Y30,hilos_procesador,4
Computadores,procesador_principal,Intel Core m3-7Y32,nucleos_procesador,2
Computadores,procesador_principal,Intel Core m3-7Y32,hilos_procesador,4
Computadores,procesador_principal,Intel Core m3-8100Y,nucleos_procesador,2
Computadores,procesador_principal,Intel Core m3-8100Y,hilos_procesador,4
Computadores,procesador_principal,Intel Core m5-6Y54,nucleos_procesador,2
Computadores,procesador_principal,Intel Core m5-6Y54,hilos_procesador,4
Computadores,procesador_principal,Intel Core m5-6Y57,nucleos_procesador,2
Computadores,procesador_principal,Intel Core m5-6Y57,hilos_procesador,4
Computadores,procesador_principal,Intel Core m5-7Y54,nucleos_procesador,2
Computadores,procesador_principal,Intel Core m5-7Y54,hilos_procesador,4
Computadores,procesador_principal,Intel Core m7-6Y75,nucleos_procesador,2
Computadores,procesador_principal,Intel Core m7-6Y75,hilos_procesador,4
Computadores,procesador_principal,Intel Core Solo T1300,nucleos_procesador,1
Computadores,procesador_principal,Intel Core Solo T1300,hilos_procesador,1
Computadores,procesador_principal,Intel Core Solo T1350,nucleos_procesador,1
Computadores,procesador_principal,Intel Core Solo T1350,hilos_procesador,1
Computadores,procesador_principal,Intel Core Solo T1400,nucleos_procesador,1
Computadores,procesador_principal,Intel Core Solo T1400,hilos_procesador,1
Computadores,procesador_principal,Intel Core Solo U1300,nucleos_procesador,1
Computadores,procesador_principal,Intel Core Solo U1300,hilos_procesador,1
Computadores,procesador_principal,Intel Core Solo U1400,nucleos_procesador,1
Computadores,procesador_principal,Intel Core Solo U1400,hilos_procesador,1
Computadores,procesador_principal,Intel Core Solo U1500,nucleos_procesador,1
Computadores,procesador_principal,Intel Core Solo U1500,hilos_procesador,1
Computadores,procesador_principal,Intel Core Ultra 5 125H,nucleos_procesador,14
Computadores,procesador_principal,Intel Core Ultra 5 125H,hilos_procesador,18
Computadores,procesador_principal,Intel Core Ultra 5 125U,nucleos_procesador,12
Computadores,procesador_principal,Intel Core Ultra 5 125U,hilos_procesador,14
Computadores,procesador_principal,Intel Core Ultra 5 134U,nucleos_procesador,12
Computadores,procesador_principal,Intel Core Ultra 5 134U,hilos_procesador,14
Computadores,procesador_principal,Intel Core Ultra 5 135H,nucleos_procesador,14
Computadores,procesador_principal,Intel Core Ultra 5 135H,hilos_procesador,18
Computadores,procesador_principal,Intel Core Ultra 5 135U,nucleos_procesador,12
Computadores,procesador_principal,Intel Core Ultra 5 135U,hilos_procesador,14
Computadores,procesador_principal,Intel Core Ultra 7 155H,nucleos_procesador,16
Computadores,procesador_principal,Intel Core Ultra 7 155H,hilos_procesador,22
Computadores,procesador_principal,Intel Core Ultra 7 155U,nucleos_procesador,12
Computadores,procesador_principal,Intel Core Ultra 7 155U,hilos_procesador,14
Computadores,procesador_principal,Intel Core Ultra 7 164U,nucleos_procesador,12
Computadores,procesador_principal,Intel Core Ultra 7 164U,hilos_procesador,14
Computadores,procesador_principal,Intel Core Ultra 7 165H,nucleos_procesador,16
Computadores,procesador_principal,Intel Core Ultra 7 165H,hilos_procesador,22
Computadores,procesador_principal,Intel Core Ultra 7 165U,nucleos_procesador,12
Computadores,procesador_principal,Intel Core Ultra 7 165U,hilos_procesador,14
Computadores,procesador_principal,Intel Core Ultra 9 185H,nucleos_procesador,16
Computadores,procesador_principal,Intel Core Ultra 9 185H,hilos_procesador,22
Computadores,procesador_principal,Intel Core2 Duo E4300,nucleos_procesador,2
Computadores,procesador_principal,Intel Core2 Duo E4300,hilos_procesador,2
Computadores,procesador_principal,Intel Core2 Duo E4400,nucleos_procesador,2
Computadores,procesador_principal,Intel Core2 Duo E4400,hilos_procesador,2
Computadores,procesador_principal,Intel Core2 Duo E4500,nucleos_procesador,2
Computadores,procesador_principal,Intel Core2 Duo E4500,hilos_procesador,2
Computadores,procesador_principal,Intel Core2 Duo E4600,nucleos_procesador,2
Computadores,procesador_principal,Intel Core2 Duo E4600,hilos_procesador,2
Computadores,procesador_principal,Intel Core2 Duo E4700,nucleos_procesador,2
Computadores,procesador_principal,Intel Core2 Duo E4700,hilos_procesador,2
Computadores,procesador_principal,Intel Core2 Duo E6300,nucleos_procesador,2
Computadores,procesador_principal,Intel Core2 Duo E6300,hilos_procesador,2
Computadores,procesador_principal,Intel Core2 Duo E6320,nucleos_procesador,2
Computadores,procesador_principal,Intel Core2 Duo E6320,hilos_procesador,2
Computadores,procesador_principal,Intel Core2 Duo E6400,nucleos_procesador,2
Computadores,procesador_principal,Intel Core2 Duo E6400,hilos_procesador,2
Computadores,procesador_principal,Intel Core2 Duo E6420,nucleos_procesador,2
Computadores,procesador_principal,Intel Core2 Duo E6420,hilos_procesador,2
Computadores,procesador_principal,Intel Core2 Duo E6540,nucleos_procesador,2
Computadores,procesador_principal,Intel Core2 Duo E6540,hilos_procesador,2
Computadores,procesador_principal,Intel Core2 Duo E6550,nucleos_procesador,2
Computadores,procesador_principal,Intel Core2 Duo E6550,hilos_procesador,2
Computadores,procesador_principal,Intel Core2 Duo E6600,nucleos_procesador,2
Computadores,procesador_principal,Intel Core2 Duo E6600,hilos_procesador,2
Computadores,procesador_principal,Intel Core2 Duo E6700,nucleos_procesador,2
Computadores,procesador_principal,Intel Core2 Duo E6700,hilos_procesador,2
Computadores,procesador_principal,Intel Core2 Duo E6750,nucleos_procesador,2
Computadores,procesador_principal,Intel Core2 Duo E6750,hilos_procesador,2
Computadores,procesador_principal,Intel Core2 Duo E6850,nucleos_procesador,2
Computadores,procesador_principal,Intel Core2 Duo E6850,hilos_procesador,2
Computadores,procesador_principal,Intel Core2 Duo E7200,nucleos_procesador,2
Computadores,procesador_principal,Intel Core2 Duo E7200,hilos_procesador,2
Computadores,procesador_principal,Intel Core2 Duo E7300,nucleos_procesador,2
Computadores,procesador_principal,Intel Core2 Duo E7300,hilos_procesador,2
Computadores,procesador_principal,Intel Core2 Duo E7400,nucleos_procesador,2
Computadores,procesador_principal,Intel Core2 Duo E7400,hilos_procesador,2
Computadores,procesador_principal,Intel Core2 Duo E7500,nucleos_procesador,2
Computadores,procesador_principal,Intel Core2 Duo E7500,hilos_procesador,2
Computadores,procesador_principal,Intel Core2 Duo E7600,nucleos_procesador,2
Computadores,procesador_principal,Intel Core2 Duo E7600,hilos_procesador,2
Computadores,procesador_principal,Intel Core2 Duo E8135,nucleos_procesador,2
Computadores,procesador_principal,Intel Core2 Duo E8135,hilos_procesador,2
Computadores,procesador_principal,Intel Core2 Duo E8200,nucleos_procesador,2
Computadores,procesador_principal,Intel Core2 Duo E8200,hilos_procesador,2
Computadores,procesador_principal,Intel Core2 Duo E8235,nucleos_procesador,2
Computadores,procesador_principal,Intel Core2 Duo E8235,hilos_procesador,2
Computadores,procesador_principal,Intel Core2 Duo E8290,nucleos_procesador,2
Computadores,procesador_principal,Intel Core2 Duo E8290,hilos_procesador,2
Computadores,procesador_principal,Intel Core2 Duo E8300,nucleos_procesador,2
Computadores,procesador_principal,Intel Core2 Duo E8300,hilos_procesador,2
Computadores,procesador_principal,Intel Core2 Duo E8335,nucleos_procesador,2
Computadores,procesador_principal,Intel Core2 Duo E8335,hilos_procesador,2
Computadores,procesador_principal,Intel Core2 Duo E8400,nucleos_procesador,2
Computadores,procesador_principal,Intel Core2 Duo E8400,hilos_procesador,2
Computadores,procesador_principal,Intel Core2 Duo E8435,nucleos_procesador,2
Computadores,procesador_principal,Intel Core2 Duo E8435,hilos_procesador,2
Computadores,procesador_principal,Intel Core2 Duo E8500,nucleos_procesador,2
Computadores,procesador_principal,Intel Core2 Duo E8500,hilos_procesador,2
Computadores,procesador_principal,Intel Core2 Duo E8600,nucleos_procesador,2
Computadores,procesador_principal,Intel Core2 Duo E8600,hilos_procesador,2
Computadores,procesador_principal,Intel Core2 Duo L7100,nucleos_procesador,2
Computadores,procesador_principal,Intel Core2 Duo L7100,hilos_procesador,2
Computadores,procesador_principal,Intel Core2 Duo L7300,nucleos_procesador,2
Computadores,procesador_principal,Intel Core2 Duo L7300,hilos_procesador,2
Computadores,procesador_principal,Intel Core2 Duo L7400,nucleos_procesador,2
Computadores,procesador_principal,Intel Core2 Duo L7400,hilos_procesador,2
Computadores,procesador_principal,Intel Core2 Duo L7500,nucleos_procesador,2
Computadores,procesador_principal,Intel Core2 Duo L7500,hilos_procesador,2
Computadores,procesador_principal,Intel Core2 Duo L7700,nucleos_procesador,2
Computadores,procesador_principal,Intel Core2 Duo L7700,hilos_procesador,2
Computadores,procesador_principal,Intel Core2 Duo L7800,nucleos_procesador,2
Computadores,procesador_principal,Intel Core2 Duo L7800,hilos_procesador,2
Computadores,procesador_principal,Intel Core2 Duo L9300,nucleos_procesador,2
Computadores,procesador_principal,Intel Core2 Duo L9300,hilos_procesador,2
Computadores,procesador_principal,Intel Core2 Duo L9600,nucleos_procesador,2
Computadores,procesador_principal,Intel Core2 Duo L9600,hilos_procesador,2
Computadores,procesador_principal,Intel Core2 Duo P7350,nucleos_procesador,2
Computadores,procesador_principal,Intel Core2 Duo P7350,hilos_procesador,2
Computadores,procesador_principal,Intel Core2 Duo P7370,nucleos_procesador,2
Computadores,procesador_principal,Intel Core2 Duo P7370,hilos_procesador,2
Computadores,procesador_principal,Intel Core2 Duo P7450,nucleos_procesador,2
Computadores,procesador_principal,Intel Core2 Duo P7450,hilos_procesador,2
Computadores,procesador_principal,Intel Core2 Duo P7550,nucleos_procesador,2
Computadores,procesador_principal,Intel Core2 Duo P7550,hilos_procesador,2
Computadores,procesador_principal,Intel Core2 Duo P7570,nucleos_procesador,2
Computadores,procesador_principal,Intel Core2 Duo P7570,hilos_procesador,2
Computadores,procesador_principal,Intel Core2 Duo P8400,nucleos_procesador,2
Computadores,procesador_principal,Intel Core2 Duo P8400,hilos_procesador,2
Computadores,procesador_principal,Intel Core2 Duo P8600,nucleos_procesador,2
Computadores,procesador_principal,Intel Core2 Duo P8600,hilos_procesador,2
Computadores,procesador_principal,Intel Core2 Duo P8700,nucleos_procesador,2
Computadores,procesador_principal,Intel Core2 Duo P8700,hilos_procesador,2
Computadores,procesador_principal,Intel Core2 Duo P8800,nucleos_procesador,2
Computadores,procesador_principal,Intel Core2 Duo P8800,hilos_procesador,2
Computadores,procesador_principal,Intel Core2 Duo P9300,nucleos_procesador,2
Computadores,procesador_principal,Intel Core2 Duo P9300,hilos_procesador,2
Computadores,procesador_principal,Intel Core2 Duo P9500,nucleos_procesador,2
Computadores,procesador_principal,Intel Core2 Duo P9500,hilos_procesador,2
Computadores,procesador_principal,Intel Core2 Duo P9600,nucleos_procesador,2
Computadores,procesador_principal,Intel Core2 Duo P9600,hilos_procesador,2
Computadores,procesador_principal,Intel Core2 Duo P9700,nucleos_procesador,2
Computadores,procesador_principal,Intel Core2 Duo P9700,hilos_procesador,2
Computadores,procesador_principal,Intel Core2 Duo SL9400,nucleos_procesador,2
Computadores,procesador_principal,Intel Core2 Duo SL9400,hilos_procesador,2
Computadores,procesador_principal,Intel Core2 Duo SP9400,nucleos_procesador,2
Computadores,procesador_principal,Intel Core2 Duo SP9400,hilos_procesador,2
Computadores,procesador_principal,Intel Core2 Duo SU9400,nucleos_procesador,2
Computadores,procesador_principal,Intel Core2 Duo SU9400,hilos_procesador,2
Computadores,procesador_principal,Intel Core2 Duo T5200,nucleos_procesador,2
Computadores,procesador_principal,Intel Core2 Duo T5200,hilos_procesador,2
Computadores,procesador_principal,Intel Core2 Duo T5250,nucleos_procesador,2
Computadores,procesador_principal,Intel Core2 Duo T5250,hilos_procesador,2
Computadores,procesador_principal,Intel Core2 Duo T5270,nucleos_procesador,2
Computadores,procesador_principal,Intel Core2 Duo T5270,hilos_procesador,2
Computadores,procesador_principal,Intel Core2 Duo T5300,nucleos_procesador,2
Computadores,procesador_principal,Intel Core2 Duo T5300,hilos_procesador,2
Computadores,procesador_principal,Intel Core2 Duo T5450,nucleos_procesador,2
Computadores,procesador_principal,Intel Core2 Duo T5450,hilos_procesador,2
Computadores,procesador_principal,Intel Core2 Duo T5470,nucleos_procesador,2
Computadores,procesador_principal,Intel Core2 Duo T5470,hilos_procesador,2
Computadores,procesador_principal,Intel Core2 Duo T5500,nucleos_procesador,2
Computadores,procesador_principal,Intel Core2 Duo T5500,hilos_procesador,2
Computadores,procesador_principal,Intel Core2 Duo T5550,nucleos_procesador,2
Computadores,procesador_principal,Intel Core2 Duo T5550,hilos_procesador,2
Computadores,procesador_principal,Intel Core2 Duo T5600,nucleos_procesador,2
Computadores,procesador_principal,Intel Core2 Duo T5600,hilos_procesador,2
Computadores,procesador_principal,Intel Core2 Duo T5670,nucleos_procesador,2
Computadores,procesador_principal,Intel Core2 Duo T5670,hilos_procesador,2
Computadores,procesador_principal,Intel Core2 Duo T5750,nucleos_procesador,2
Computadores,procesador_principal,Intel Core2 Duo T5750,hilos_procesador,2
Computadores,procesador_principal,Intel Core2 Duo T5800,nucleos_procesador,2
Computadores,procesador_principal,Intel Core2 Duo T5800,hilos_procesador,2
Computadores,procesador_principal,Intel Core2 Duo T5850,nucleos_procesador,2
Computadores,procesador_principal,Intel Core2 Duo T5850,hilos_procesador,2
Computadores,procesador_principal,Intel Core2 Duo T5870,nucleos_procesador,2
Computadores,procesador_principal,Intel Core2 Duo T5870,hilos_procesador,2
Computadores,procesador_principal,Intel Core2 Duo T5900,nucleos_procesador,2
Computadores,procesador_principal,Intel Core2 Duo T5900,hilos_procesador,2
Computadores,procesador_principal,Intel Core2 Duo T6400,nucleos_procesador,2
Computadores,procesador_principal,Intel Core2 Duo T6400,hilos_procesador,2
Computadores,procesador_principal,Intel Core2 Duo T6500,nucleos_procesador,2
Computadores,procesador_principal,Intel Core2 Duo T6500,hilos_procesador,2
Computadores,procesador_principal,Intel Core2 Duo T6570,nucleos_procesador,2
Computadores,procesador_principal,Intel Core2 Duo T6570,hilos_procesador,2
Computadores,procesador_principal,Intel Core2 Duo T6600,nucleos_procesador,2
Computadores,procesador_principal,Intel Core2 Duo T6600,hilos_procesador,2
Computadores,procesador_principal,Intel Core2 Duo T6670,nucleos_procesador,2
Computadores,procesador_principal,Intel Core2 Duo T6670,hilos_procesador,2
Computadores,procesador_principal,Intel Core2 Duo T7100,nucleos_procesador,2
Computadores,procesador_principal,Intel Core2 Duo T7100,hilos_procesador,2
Computadores,procesador_principal,Intel Core2 Duo T7200,nucleos_procesador,2
Computadores,procesador_principal,Intel Core2 Duo T7200,hilos_procesador,2
Computadores,procesador_principal,Intel Core2 Duo T7250,nucleos_procesador,2
Computadores,procesador_principal,Intel Core2 Duo T7250,hilos_procesador,2
Computadores,procesador_principal,Intel Core2 Duo T7300,nucleos_procesador,2
Computadores,procesador_principal,Intel Core2 Duo T7300,hilos_procesador,2
Computadores,procesador_principal,Intel Core2 Duo T7400,nucleos_procesador,2
Computadores,procesador_principal,Intel Core2 Duo T7400,hilos_procesador,2
Computadores,procesador_principal,Intel Core2 Duo T7500,nucleos_procesador,2
Computadores,procesador_principal,Intel Core2 Duo T7500,hilos_procesador,2
Computadores,procesador_principal,Intel Core2 Duo T7600,nucleos_procesador,2
Computadores,procesador_principal,Intel Core2 Duo T7600,hilos_procesador,2
Computadores,procesador_principal,Intel Core2 Duo T7700,nucleos_procesador,2
Computadores,procesador_principal,Intel Core2 Duo T7700,hilos_procesador,2
Computadores,procesador_principal,Intel Core2 Duo T7800,nucleos_procesador,2
Computadores,procesador_principal,Intel Core2 Duo T7800,hilos_procesador,2
Computadores,procesador_principal,Intel Core2 Duo T8100,nucleos_procesador,2
Computadores,procesador_principal,Intel Core2 Duo T8100,hilos_procesador,2
Computadores,procesador_principal,Intel Core2 Duo T8300,nucleos_procesador,2
Computadores,procesador_principal,Intel Core2 Duo T8300,hilos_procesador,2
Computadores,procesador_principal,Intel Core2 Duo T9300,nucleos_procesador,2
Computadores,procesador_principal,Intel Core2 Duo T9300,hilos_procesador,2
Computadores,procesador_principal,Intel Core2 Duo T9400,nucleos_procesador,2
Computadores,procesador_principal,Intel Core2 Duo T9400,hilos_procesador,2
Computadores,procesador_principal,Intel Core2 Duo T9500,nucleos_procesador,2
Computadores,procesador_principal,Intel Core2 Duo T9500,hilos_procesador,2
Computadores,procesador_principal,Intel Core2 Duo T9550,nucleos_procesador,2
Computadores,procesador_principal,Intel Core2 Duo T9550,hilos_procesador,2
Computadores,procesador_principal,Intel Core2 Duo T9600,nucleos_procesador,2
Computadores,procesador_principal,Intel Core2 Duo T9600,hilos_procesador,2
Computadores,procesador_principal,Intel Core2 Duo T9800,nucleos_procesador,2
Computadores,procesador_principal,Intel Core2 Duo T9800,hilos_procesador,2
Computadores,procesador_principal,Intel Core2 Duo T9900,nucleos_procesador,2
Computadores,procesador_principal,Intel Core2 Duo T9900,hilos_procesador,2
Computadores,procesador_principal,Intel Core2 Duo U7300,nucleos_procesador,2
Computadores,procesador_principal,Intel Core2 Duo U7300,hilos_procesador,2
Computadores,procesador_principal,Intel Core2 Duo U7500,nucleos_procesador,2
Computadores,procesador_principal,Intel Core2 Duo U7500,hilos_procesador,2
Computadores,procesador_principal,Intel Core2 Duo U7600,nucleos_procesador,2
Computadores,procesador_principal,Intel Core2 Duo U7600,hilos_procesador,2
Computadores,procesador_principal,Intel Core2 Duo U7700,nucleos_procesador,2
Computadores,procesador_principal,Intel Core2 Duo U7700,hilos_procesador,2
Computadores,procesador_principal,Intel Core2 Duo U9300,nucleos_procesador,2
Computadores,procesador_principal,Intel Core2 Duo U9300,hilos_procesador,2
Computadores,procesador_principal,Intel Core2 Duo U9600,nucleos_procesador,2
Computadores,procesador_principal,Intel Core2 Duo U9600,hilos_procesador,2
Computadores,procesador_principal,Intel Core2 Extreme Q6800,nucleos_procesador,4
Computadores,procesador_principal,Intel Core2 Extreme Q6800,hilos_procesador,4
Computadores,procesador_principal,Intel Core2 Extreme Q6850,nucleos_procesador,4
Computadores,procesador_principal,Intel Core2 Extreme Q6850,hilos_procesador,4
Computadores,procesador_principal,Intel Core2 Extreme Q9200,nucleos_procesador,4
Computadores,procesador_principal,Intel Core2 Extreme Q9200,hilos_procesador,4
Computadores,procesador_principal,Intel Core2 Extreme Q9300,nucleos_procesador,4
Computadores,procesador_principal,Intel Core2 Extreme Q9300,hilos_procesador,4
Computadores,procesador_principal,Intel Core2 Extreme X6800,nucleos_procesador,2
Computadores,procesador_principal,Intel Core2 Extreme X6800,hilos_procesador,2
Computadores,procesador_principal,Intel Core2 Extreme X7800,nucleos_procesador,2
Computadores,procesador_principal,Intel Core2 Extreme X7800,hilos_procesador,2
Computadores,procesador_principal,Intel Core2 Extreme X7900,nucleos_procesador,2
Computadores,procesador_principal,Intel Core2 Extreme X7900,hilos_procesador,2
Computadores,procesador_principal,Intel Core2 Extreme X9000,nucleos_procesador,2
Computadores,procesador_principal,Intel Core2 Extreme X9000,hilos_procesador,2
Computadores,procesador_principal,Intel Core2 Extreme X9100,nucleos_procesador,2
Computadores,procesador_principal,Intel Core2 Extreme X9100,hilos_procesador,2
Computadores,procesador_principal,Intel Core2 Extreme X9650,nucleos_procesador,4
Computadores,procesador_principal,Intel Core2 Extreme X9650,hilos_procesador,4
Computadores,procesador_principal,Intel Core2 Extreme X9750,nucleos_procesador,4
Computadores,procesador_principal,Intel Core2 Extreme X9750,hilos_procesador,4
Computadores,procesador_principal,Intel Core2 Extreme X9770,nucleos_procesador,4
Computadores,procesador_principal,Intel Core2 Extreme X9770,hilos_procesador,4
Computadores,procesador_principal,Intel Core2 Extreme X9775,nucleos_procesador,4
Computadores,procesador_principal,Intel Core2 Extreme X9775,hilos_procesador,4
Computadores,procesador_principal,Intel Core2 Quad Q6600,nucleos_procesador,4
Computadores,procesador_principal,Intel Core2 Quad Q6600,hilos_procesador,4
Computadores,procesador_principal,Intel Core2 Quad Q6700,nucleos_procesador,4
Computadores,procesador_principal,Intel Core2 Quad Q6700,hilos_procesador,4
Computadores,procesador_principal,Intel Core2 Quad Q8200,nucleos_procesador,4
Computadores,procesador_principal,Intel Core2 Quad Q8200,hilos_procesador,4
Computadores,procesador_principal,Intel Core2 Quad Q8300,nucleos_procesador,4
Computadores,procesador_principal,Intel Core2 Quad Q8300,hilos_procesador,4
Computadores,procesador_principal,Intel Core2 Quad Q8400,nucleos_procesador,4
Computadores,procesador_principal,Intel Core2 Quad Q8400,hilos_procesador,4
Computadores,procesador_principal,Intel Core2 Quad Q9000,nucleos_procesador,4
Computadores,procesador_principal,Intel Core2 Quad Q9000,hilos_procesador,4
Computadores,procesador_principal,Intel Core2 Quad Q9100,nucleos_procesador,4
Computadores,procesador_principal,Intel Core2 Quad Q9100,hilos_procesador,4
Computadores,procesador_principal,Intel Core2 Quad Q9300,nucleos_procesador,4
Computadores,procesador_principal,Intel Core2 Quad Q9300,hilos_procesador,4
Computadores,procesador_principal,Intel Core2 Quad Q9400,nucleos_procesador,4
Computadores,procesador_principal,Intel Core2 Quad Q9400,hilos_procesador,4
Computadores,procesador_principal,Intel Core2 Quad Q9450,nucleos_procesador,4
Computadores,procesador_principal,Intel Core2 Quad Q9450,hilos_procesador,4
Computadores,procesador_principal,Intel Core2 Quad Q9500,nucleos_procesador,4
Computadores,procesador_principal,Intel Core2 Quad Q9500,hilos_procesador,4
Computadores,procesador_principal,Intel Core2 Quad Q9505,nucleos_procesador,4
Computadores,procesador_principal,Intel Core2 Quad Q9505,hilos_procesador,4
Computadores,procesador_principal,Intel Core2 Quad Q9550,nucleos_procesador,4
Computadores,procesador_principal,Intel Core2 Quad Q9550,hilos_procesador,4
Computadores,procesador_principal,Intel Core2 Quad Q9650,nucleos_procesador,4
Computadores,procesador_principal,Intel Core2 Quad Q9650,hilos_procesador,4
Computadores,procesador_principal,Intel Core2 Solo U2100,nucleos_procesador,1
Computadores,procesador_principal,Intel Core2 Solo U2100,hilos_procesador,1
Computadores,procesador_principal,Intel Core2 Solo U3500,nucleos_procesador,1
Computadores,procesador_principal,Intel Core2 Solo U3500,hilos_procesador,1
Computadores,procesador_principal,Intel N100,nucleos_procesador,4
Computadores,procesador_principal,Intel N100,hilos_procesador,4
Computadores,procesador_principal,Intel N200,nucleos_procesador,4
Computadores,procesador_principal,Intel N200,hilos_procesador,4
Computadores,procesador_principal,Intel N95,nucleos_procesador,4
Computadores,procesador_principal,Intel N95,hilos_procesador,4
Computadores,procesador_principal,Intel N97,nucleos_procesador,4
Computadores,procesador_principal,Intel N97,hilos_procesador,4
Computadores,procesador_principal,Intel Pentium 1403,nucleos_procesador,2
Computadores,procesador_principal,Intel Pentium 1403,hilos_procesador,2
Computadores,procesador_principal,Intel Pentium 1403 v2,nucleos_procesador,2
Computadores,procesador_principal,Intel Pentium 1403 v2,hilos_procesador,2
Computadores,procesador_principal,Intel Pentium 2020M,nucleos_procesador,2
Computadores,procesador_principal,Intel Pentium 2020M,hilos_procesador,2
Computadores,procesador_principal,Intel Pentium 2030M,nucleos_procesador,2
Computadores,procesador_principal,Intel Pentium 2030M,hilos_procesador,2
Computadores,procesador_principal,Intel Pentium 2117U,nucleos_procesador,2
Computadores,procesador_principal,Intel Pentium 2117U,hilos_procesador,2
Computadores,procesador_principal,Intel Pentium 2127U,nucleos_procesador,2
Computadores,procesador_principal,Intel Pentium 2127U,hilos_procesador,2
Computadores,procesador_principal,Intel Pentium 2129Y,nucleos_procesador,2
Computadores,procesador_principal,Intel Pentium 2129Y,hilos_procesador,2
Computadores,procesador_principal,Intel Pentium 3550M,nucleos_procesador,2
Computadores,procesador_principal,Intel Pentium 3550M,hilos_procesador,2
Computadores,procesador_principal,Intel Pentium 3556U,nucleos_procesador,2
Computadores,procesador_principal,Intel Pentium 3556U,hilos_procesador,2
Computadores,procesador_principal,Intel Pentium 3558U,nucleos_procesador,2
Computadores,procesador_principal,Intel Pentium 3558U,hilos_procesador,2
Computadores,procesador_principal,Intel Pentium 3560M,nucleos_procesador,2
Computadores,procesador_principal,Intel Pentium 3560M,hilos_procesador,2
Computadores,procesador_principal,Intel Pentium 3560Y,nucleos_procesador,2
Computadores,procesador_principal,Intel Pentium 3560Y,hilos_procesador,2
Computadores,procesador_principal,Intel Pentium 3805U,nucleos_procesador,2
Computadores,procesador_principal,Intel Pentium 3805U,hilos_procesador,2
Computadores,procesador_principal,Intel Pentium 3825U,nucleos_procesador,2
Computadores,procesador_principal,Intel Pentium 3825U,hilos_procesador,4
Computadores,procesador_principal,Intel Pentium 4 1.50GHz,nucleos_procesador,1
Computadores,procesador_principal,Intel Pentium 4 1.50GHz,hilos_procesador,1
Computadores,procesador_principal,Intel Pentium 4 1.60GHz,nucleos_procesador,1
Computadores,procesador_principal,Intel Pentium 4 1.60GHz,hilos_procesador,1
Computadores,procesador_principal,Intel Pentium 4 1.70GHz,nucleos_procesador,1
Computadores,procesador_principal,Intel Pentium 4 1.70GHz,hilos_procesador,1
Computadores,procesador_principal,Intel Pentium 4 1.80GHz,nucleos_procesador,1
Computadores,procesador_principal,Intel Pentium 4 1.80GHz,hilos_procesador,1
Computadores,procesador_principal,Intel Pentium 4 1.90GHz,nucleos_procesador,1
Computadores,procesador_principal,Intel Pentium 4 1.90GHz,hilos_procesador,1
Computadores,procesador_principal,Intel Pentium 4 1300MHz,nucleos_procesador,1
Computadores,procesador_principal,Intel Pentium 4 1300MHz,hilos_procesador,1
Computadores,procesador_principal,Intel Pentium 4 1400MHz,nucleos_procesador,1
Computadores,procesador_principal,Intel Pentium 4 1400MHz,hilos_procesador,1
Computadores,procesador_principal,Intel Pentium 4 1500MHz,nucleos_procesador,1
Computadores,procesador_principal,Intel Pentium 4 1500MHz,hilos_procesador,1
Computadores,procesador_principal,Intel Pentium 4 1700MHz,nucleos_procesador,1
Computadores,procesador_principal,Intel Pentium 4 1700MHz,hilos_procesador,1
Computadores,procesador_principal,Intel Pentium 4 1800MHz,nucleos_procesador,1
Computadores,procesador_principal,Intel Pentium 4 1800MHz,hilos_procesador,1
Computadores,procesador_principal,Intel Pentium 4 2.00GHz,nucleos_procesador,1
Computadores,procesador_principal,Intel Pentium 4 2.00GHz,hilos_procesador,1
Computadores,procesador_principal,Intel Pentium 4 2.20GHz,nucleos_procesador,1
Computadores,procesador_principal,Intel Pentium 4 2.20GHz,hilos_procesador,1
Computadores,procesador_principal,Intel Pentium 4 2.26GHz,nucleos_procesador,1
Computadores,procesador_principal,Intel Pentium 4 2.26GHz,hilos_procesador,1
Computadores,procesador_principal,Intel Pentium 4 2.40GHz,nucleos_procesador,1
Computadores,procesador_principal,Intel Pentium 4 2.40GHz,hilos_procesador,1
Computadores,procesador_principal,Intel Pentium 4 2.50GHz,nucleos_procesador,1
Computadores,procesador_principal,Intel Pentium 4 2.50GHz,hilos_procesador,1
Computadores,procesador_principal,Intel Pentium 4 2.53GHz,nucleos_procesador,1
Computadores,procesador_principal,Intel Pentium 4 2.53GHz,hilos_procesador,1
Computadores,procesador_principal,Intel Pentium 4 2.60GHz,nucleos_procesador,1
Computadores,procesador_principal,Intel Pentium 4 2.60GHz,hilos_procesador,2
Computadores,procesador_principal,Intel Pentium 4 2.66GHz,nucleos_procesador,1
Computadores,procesador_principal,Intel Pentium 4 2.66GHz,hilos_procesador,1
Computadores,procesador_principal,Intel Pentium 4 2.80GHz,nucleos_procesador,1
Computadores,procesador_principal,Intel Pentium 4 2.80GHz,hilos_procesador,2
Computadores,procesador_principal,Intel Pentium 4 2.93GHz,nucleos_procesador,1
Computadores,procesador_principal,Intel Pentium 4 2.93GHz,hilos_procesador,1
Computadores,procesador_principal,Intel Pentium 4 3.00GHz,nucleos_procesador,1
Computadores,procesador_principal,Intel Pentium 4 3.00GHz,hilos_procesador,2
Computadores,procesador_principal,Intel Pentium 4 3.06GHz,nucleos_procesador,1
Computadores,procesador_principal,Intel Pentium 4 3.06GHz,hilos_procesador,2
Computadores,procesador_principal,Intel Pentium 4 3.20GHz,nucleos_procesador,1
Computadores,procesador_principal,Intel Pentium 4 3.20GHz,hilos_procesador,2
Computadores,procesador_principal,Intel Pentium 4 3.40GHz,nucleos_procesador,1
Computadores,procesador_principal,Intel Pentium 4 3.40GHz,hilos_procesador,2
Computadores,procesador_principal,Intel Pentium 4 3.46GHz,nucleos_procesador,1
Computadores,procesador_principal,Intel Pentium 4 3.46GHz,hilos_procesador,2
Computadores,procesador_principal,Intel Pentium 4 3.60GHz,nucleos_procesador,1
Computadores,procesador_principal,Intel Pentium 4 3.60GHz,hilos_procesador,2
Computadores,procesador_principal,Intel Pentium 4 3.73GHz,nucleos_procesador,1
Computadores,procesador_principal,Intel Pentium 4 3.73GHz,hilos_procesador,2
Computadores,procesador_principal,Intel Pentium 4 3.80GHz,nucleos_procesador,1
Computadores,procesador_principal,Intel Pentium 4 3.80GHz,hilos_procesador,2
Computadores,procesador_principal,Intel Pentium 4 3.83GHz,nucleos_procesador,1
Computadores,procesador_principal,Intel Pentium 4 3.83GHz,hilos_procesador,2
Computadores,procesador_principal,Intel Pentium 4 Mobile 1.60GHz,nucleos_procesador,1
Computadores,procesador_principal,Intel Pentium 4 Mobile 1.60GHz,hilos_procesador,1
Computadores,procesador_principal,Intel Pentium 4 Mobile 1.80GHz,nucleos_procesador,1
Computadores,procesador_principal,Intel Pentium 4 Mobile 1.80GHz,hilos_procesador,1
Computadores,procesador_principal,Intel Pentium 4 Mobile 1.90GHz,nucleos_procesador,1
Computadores,procesador_principal,Intel Pentium 4 Mobile 1.90GHz,hilos_procesador,1
Computadores,procesador_principal,Intel Pentium 4 Mobile 2.00GHz,nucleos_procesador,1
Computadores,procesador_principal,Intel Pentium 4 Mobile 2.00GHz,hilos_procesador,1
Computadores,procesador_principal,Intel Pentium 4405U,nucleos_procesador,2
Computadores,procesador_principal,Intel Pentium 4405U,hilos_procesador,4
Computadores,procesador_principal,Intel Pentium 4405Y,nucleos_procesador,2
Computadores,procesador_principal,Intel Pentium 4405Y,hilos_procesador,4
Computadores,procesador_principal,Intel Pentium 4410Y,nucleos_procesador,2
Computadores,procesador_principal,Intel Pentium 4410Y,hilos_procesador,4
Computadores,procesador_principal,Intel Pentium 4415U,nucleos_procesador,2
Computadores,procesador_principal,Intel Pentium 4415U,hilos_procesador,4
Computadores,procesador_principal,Intel Pentium 4415Y,nucleos_procesador,2
Computadores,procesador_principal,Intel Pentium 4415Y,hilos_procesador,4
Computadores,procesador_principal,Intel Pentium 4417U,nucleos_procesador,2
Computadores,procesador_principal,Intel Pentium 4417U,hilos_procesador,4
Computadores,procesador_principal,Intel Pentium 4425Y,nucleos_procesador,2
Computadores,procesador_principal,Intel Pentium 4425Y,hilos_procesador,4
Computadores,procesador_principal,Intel Pentium 5405U,nucleos_procesador,2
Computadores,procesador_principal,Intel Pentium 5405U,hilos_procesador,4
Computadores,procesador_principal,Intel Pentium 6405U,nucleos_procesador,2
Computadores,procesador_principal,Intel Pentium 6405U,hilos_procesador,4
Computadores,procesador_principal,Intel Pentium 6805,nucleos_procesador,2
Computadores,procesador_principal,Intel Pentium 6805,hilos_procesador,4
Computadores,procesador_principal,Intel Pentium 957,nucleos_procesador,2
Computadores,procesador_principal,Intel Pentium 957,hilos_procesador,2
Computadores,procesador_principal,Intel Pentium 967,nucleos_procesador,2
Computadores,procesador_principal,Intel Pentium 967,hilos_procesador,2
Computadores,procesador_principal,Intel Pentium 987,nucleos_procesador,2
Computadores,procesador_principal,Intel Pentium 987,hilos_procesador,2
Computadores,procesador_principal,Intel Pentium 997,nucleos_procesador,2
Computadores,procesador_principal,Intel Pentium 997,hilos_procesador,2
Computadores,procesador_principal,Intel Pentium A1018,nucleos_procesador,2
Computadores,procesador_principal,Intel Pentium A1018,hilos_procesador,2
Computadores,procesador_principal,Intel Pentium A1020,nucleos_procesador,4
Computadores,procesador_principal,Intel Pentium A1020,hilos_procesador,4
Computadores,procesador_principal,Intel Pentium B940,nucleos_procesador,2
Computadores,procesador_principal,Intel Pentium B940,hilos_procesador,2
Computadores,procesador_principal,Intel Pentium B950,nucleos_procesador,2
Computadores,procesador_principal,Intel Pentium B950,hilos_procesador,2
Computadores,procesador_principal,Intel Pentium B960,nucleos_procesador,2
Computadores,procesador_principal,Intel Pentium B960,hilos_procesador,2
Computadores,procesador_principal,Intel Pentium B970,nucleos_procesador,2
Computadores,procesador_principal,Intel Pentium B970,hilos_procesador,2
Computadores,procesador_principal,Intel Pentium B980,nucleos_procesador,2
Computadores,procesador_principal,Intel Pentium B980,hilos_procesador,2
Computadores,procesador_principal,Intel Pentium D 3.40GHz,nucleos_procesador,2
Computadores,procesador_principal,Intel Pentium D 3.40GHz,hilos_procesador,2
Computadores,procesador_principal,Intel Pentium D 805,nucleos_procesador,2
Computadores,procesador_principal,Intel Pentium D 805,hilos_procesador,2
Computadores,procesador_principal,Intel Pentium D 830,nucleos_procesador,2
Computadores,procesador_principal,Intel Pentium D 830,hilos_procesador,2
Computadores,procesador_principal,Intel Pentium D 915,nucleos_procesador,2
Computadores,procesador_principal,Intel Pentium D 915,hilos_procesador,2
Computadores,procesador_principal,Intel Pentium D 940,nucleos_procesador,2
Computadores,procesador_principal,Intel Pentium D 940,hilos_procesador,2
Computadores,procesador_principal,Intel Pentium D 950,nucleos_procesador,2
Computadores,procesador_principal,Intel Pentium D 950,hilos_procesador,2
Computadores,procesador_principal,Intel Pentium D 960,nucleos_procesador,2
Computadores,procesador_principal,Intel Pentium D 960,hilos_procesador,2
Computadores,procesador_principal,Intel Pentium D1508,nucleos_procesador,2
Computadores,procesador_principal,Intel Pentium D1508,hilos_procesador,4
Computadores,procesador_principal,Intel Pentium Dual T2390,nucleos_procesador,2
Computadores,procesador_principal,Intel Pentium Dual T2390,hilos_procesador,2
Computadores,procesador_principal,Intel Pentium E2140,nucleos_procesador,2
Computadores,procesador_principal,Intel Pentium E2140,hilos_procesador,2
Computadores,procesador_principal,Intel Pentium E2160,nucleos_procesador,2
Computadores,procesador_principal,Intel Pentium E2160,hilos_procesador,2
Computadores,procesador_principal,Intel Pentium E2180,nucleos_procesador,2
Computadores,procesador_principal,Intel Pentium E2180,hilos_procesador,2
Computadores,procesador_principal,Intel Pentium E2200,nucleos_procesador,2
Computadores,procesador_principal,Intel Pentium E2200,hilos_procesador,2
Computadores,procesador_principal,Intel Pentium E2210,nucleos_procesador,2
Computadores,procesador_principal,Intel Pentium E2210,hilos_procesador,2
Computadores,procesador_principal,Intel Pentium E2220,nucleos_procesador,2
Computadores,procesador_principal,Intel Pentium E2220,hilos_procesador,2
Computadores,procesador_principal,Intel Pentium E5200,nucleos_procesador,2
Computadores,procesador_principal,Intel Pentium E5200,hilos_procesador,2
Computadores,procesador_principal,Intel Pentium E5300,nucleos_procesador,2
Computadores,procesador_principal,Intel Pentium E5300,hilos_procesador,2
Computadores,procesador_principal,Intel Pentium E5400,nucleos_procesador,2
Computadores,procesador_principal,Intel Pentium E5400,hilos_procesador,2
Computadores,procesador_principal,Intel Pentium E5500,nucleos_procesador,2
Computadores,procesador_principal,Intel Pentium E5500,hilos_procesador,2
Computadores,procesador_principal,Intel Pentium E5700,nucleos_procesador,2
Computadores,procesador_principal,Intel Pentium E5700,hilos_procesador,2
Computadores,procesador_principal,Intel Pentium E5800,nucleos_procesador,2
Computadores,procesador_principal,Intel Pentium E5800,hilos_procesador,2
Computadores,procesador_principal,Intel Pentium E6300,nucleos_procesador,2
Computadores,procesador_principal,Intel Pentium E6300,hilos_procesador,2
Computadores,procesador_principal,Intel Pentium E6500,nucleos_procesador,2
Computadores,procesador_principal,Intel Pentium E6500,hilos_procesador,2
Computadores,procesador_principal,Intel Pentium E6600,nucleos_procesador,2
Computadores,procesador_principal,Intel Pentium E6600,hilos_procesador,2
Computadores,procesador_principal,Intel Pentium E6700,nucleos_procesador,2
Computadores,procesador_principal,Intel Pentium E6700,hilos_procesador,2
Computadores,procesador_principal,Intel Pentium E6800,nucleos_procesador,2
Computadores,procesador_principal,Intel Pentium E6800,hilos_procesador,2
Computadores,procesador_principal,Intel Pentium Extreme Edition 955,nucleos_procesador,2
Computadores,procesador_principal,Intel Pentium Extreme Edition 955,hilos_procesador,4
Computadores,procesador_principal,Intel Pentium Extreme Edition 965,nucleos_procesador,2
Computadores,procesador_principal,Intel Pentium Extreme Edition 965,hilos_procesador,4
Computadores,procesador_principal,Intel Pentium G2010,nucleos_procesador,2
Computadores,procesador_principal,Intel Pentium G2010,hilos_procesador,2
Computadores,procesador_principal,Intel Pentium G2020,nucleos_procesador,2
Computadores,procesador_principal,Intel Pentium G2020,hilos_procesador,2
Computadores,procesador_principal,Intel Pentium G2020T,nucleos_procesador,2
Computadores,procesador_principal,Intel Pentium G2020T,hilos_procesador,2
Computadores,procesador_principal,Intel Pentium G2030,nucleos_procesador,2
Computadores,procesador_principal,Intel Pentium G2030,hilos_procesador,2
Computadores,procesador_principal,Intel Pentium G2030T,nucleos_procesador,2
Computadores,procesador_principal,Intel Pentium G2030T,hilos_procesador,2
Computadores,procesador_principal,Intel Pentium G2100T,nucleos_procesador,2
Computadores,procesador_principal,Intel Pentium G2100T,hilos_procesador,2
Computadores,procesador_principal,Intel Pentium G2120,nucleos_procesador,2
Computadores,procesador_principal,Intel Pentium G2120,hilos_procesador,2
Computadores,procesador_principal,Intel Pentium G2120T,nucleos_procesador,2
Computadores,procesador_principal,Intel Pentium G2120T,hilos_procesador,2
Computadores,procesador_principal,Intel Pentium G2130,nucleos_procesador,2
Computadores,procesador_principal,Intel Pentium G2130,hilos_procesador,2
Computadores,procesador_principal,Intel Pentium G2140,nucleos_procesador,2
Computadores,procesador_principal,Intel Pentium G2140,hilos_procesador,2
Computadores,procesador_principal,Intel Pentium G3220,nucleos_procesador,2
Computadores,procesador_principal,Intel Pentium G3220,hilos_procesador,2
Computadores,procesador_principal,Intel Pentium G3220T,nucleos_procesador,2
Computadores,procesador_principal,Intel Pentium G3220T,hilos_procesador,2
Computadores,procesador_principal,Intel Pentium G3240,nucleos_procesador,2
Computadores,procesador_principal,Intel Pentium G3240,hilos_procesador,2
Computadores,procesador_principal,Intel Pentium G3240T,nucleos_procesador,2
Computadores,procesador_principal,Intel Pentium G3240T,hilos_procesador,2
Computadores,procesador_principal,Intel Pentium G3250,nucleos_procesador,2
Computadores,procesador_principal,Intel Pentium G3250,hilos_procesador,2
Computadores,procesador_principal,Intel Pentium G3250T,nucleos_procesador,2
Computadores,procesador_principal,Intel Pentium G3250T,hilos_procesador,2
Computadores,procesador_principal,Intel Pentium G3258,nucleos_procesador,2
Computadores,procesador_principal,Intel Pentium G3258,hilos_procesador,2
Computadores,procesador_principal,Intel Pentium G3260,nucleos_procesador,2
Computadores,procesador_principal,Intel Pentium G3260,hilos_procesador,2
Computadores,procesador_principal,Intel Pentium G3260T,nucleos_procesador,2
Computadores,procesador_principal,Intel Pentium G3260T,hilos_procesador,2
Computadores,procesador_principal,Intel Pentium G3320TE,nucleos_procesador,2
Computadores,procesador_principal,Intel Pentium G3320TE,hilos_procesador,2
Computadores,procesador_principal,Intel Pentium G3420,nucleos_procesador,2
Computadores,procesador_principal,Intel Pentium G3420,hilos_procesador,2
Computadores,procesador_principal,Intel Pentium G3420T,nucleos_procesador,2
Computadores,procesador_principal,Intel Pentium G3420T,hilos_procesador,2
Computadores,procesador_principal,Intel Pentium G3430,nucleos_procesador,2
Computadores,procesador_principal,Intel Pentium G3430,hilos_procesador,2
Computadores,procesador_principal,Intel Pentium G3440,nucleos_procesador,2
Computadores,procesador_principal,Intel Pentium G3440,hilos_procesador,2
Computadores,procesador_principal,Intel Pentium G3440T,nucleos_procesador,2
Computadores,procesador_principal,Intel Pentium G3440T,hilos_procesador,2
Computadores,procesador_principal,Intel Pentium G3450,nucleos_procesador,2
Computadores,procesador_principal,Intel Pentium G3450,hilos_procesador,2
Computadores,procesador_principal,Intel Pentium G3450T,nucleos_procesador,2
Computadores,procesador_principal,Intel Pentium G3450T,hilos_procesador,2
Computadores,procesador_principal,Intel Pentium G3460,nucleos_procesador,2
Computadores,procesador_principal,Intel Pentium G3460,hilos_procesador,2
Computadores,procesador_principal,Intel Pentium G3460T,nucleos_procesador,2
Computadores,procesador_principal,Intel Pentium G3460T,hilos_procesador,2
Computadores,procesador_principal,Intel Pentium G3470,nucleos_procesador,2
Computadores,procesador_principal,Intel Pentium G3470,hilos_procesador,2
Computadores,procesador_principal,Intel Pentium G4400,nucleos_procesador,2
Computadores,procesador_principal,Intel Pentium G4400,hilos_procesador,2
Computadores,procesador_principal,Intel Pentium G4400T,nucleos_procesador,2
Computadores,procesador_principal,Intel Pentium G4400T,hilos_procesador,2
Computadores,procesador_principal,Intel Pentium G4400TE,nucleos_procesador,2
Computadores,procesador_principal,Intel Pentium G4400TE,hilos_procesador,2
Computadores,procesador_principal,Intel Pentium G4500,nucleos_procesador,2
Computadores,procesador_principal,Intel Pentium G4500,hilos_procesador,2
Computadores,procesador_principal,Intel Pentium G4500T,nucleos_procesador,2
Computadores,procesador_principal,Intel Pentium G4500T,hilos_procesador,2
Computadores,procesador_principal,Intel Pentium G4520,nucleos_procesador,2
Computadores,procesador_principal,Intel Pentium G4520,hilos_procesador,2
Computadores,procesador_principal,Intel Pentium G4560,nucleos_procesador,2
Computadores,procesador_principal,Intel Pentium G4560,hilos_procesador,4
Computadores,procesador_principal,Intel Pentium G4560T,nucleos_procesador,2
Computadores,procesador_principal,Intel Pentium G4560T,hilos_procesador,4
Computadores,procesador_principal,Intel Pentium G4600,nucleos_procesador,2
Computadores,procesador_principal,Intel Pentium G4600,hilos_procesador,4
Computadores,procesador_principal,Intel Pentium G4600T,nucleos_procesador,2
Computadores,procesador_principal,Intel Pentium G4600T,hilos_procesador,4
Computadores,procesador_principal,Intel Pentium G4620,nucleos_procesador,2
Computadores,procesador_principal,Intel Pentium G4620,hilos_procesador,4
Computadores,procesador_principal,Intel Pentium G620,nucleos_procesador,2
Computadores,procesador_principal,Intel Pentium G620,hilos_procesador,2
Computadores,procesador_principal,Intel Pentium G620T,nucleos_procesador,2
Computadores,procesador_principal,Intel Pentium G620T,hilos_procesador,2
Computadores,procesador_principal,Intel Pentium G630,nucleos_procesador,2
Computadores,procesador_principal,Intel Pentium G630,hilos_procesador,2
Computadores,procesador_principal,Intel Pentium G630T,nucleos_procesador,2
Computadores,procesador_principal,Intel Pentium G630T,hilos_procesador,2
Computadores,procesador_principal,Intel Pentium G640,nucleos_procesador,2
Computadores,procesador_principal,Intel Pentium G640,hilos_procesador,2
Computadores,procesador_principal,Intel Pentium G640T,nucleos_procesador,2
Computadores,procesador_principal,Intel Pentium G640T,hilos_procesador,2
Computadores,procesador_principal,Intel Pentium G645,nucleos_procesador,2
Computadores,procesador_principal,Intel Pentium G645,hilos_procesador,2
Computadores,procesador_principal,Intel Pentium G645T,nucleos_procesador,2
Computadores,procesador_principal,Intel Pentium G645T,hilos_procesador,2
Computadores,procesador_principal,Intel Pentium G6950,nucleos_procesador,2
Computadores,procesador_principal,Intel Pentium G6950,hilos_procesador,2
Computadores,procesador_principal,Intel Pentium G6951,nucleos_procesador,2
Computadores,procesador_principal,Intel Pentium G6951,hilos_procesador,2
Computadores,procesador_principal,Intel Pentium G6960,nucleos_procesador,2
Computadores,procesador_principal,Intel Pentium G6960,hilos_procesador,2
Computadores,procesador_principal,Intel Pentium G840,nucleos_procesador,2
Computadores,procesador_principal,Intel Pentium G840,hilos_procesador,2
Computadores,procesador_principal,Intel Pentium G850,nucleos_procesador,2
Computadores,procesador_principal,Intel Pentium G850,hilos_procesador,2
Computadores,procesador_principal,Intel Pentium G860,nucleos_procesador,2
Computadores,procesador_principal,Intel Pentium G860,hilos_procesador,2
Computadores,procesador_principal,Intel Pentium G870,nucleos_procesador,2
Computadores,procesador_principal,Intel Pentium G870,hilos_procesador,2
Computadores,procesador_principal,Intel Pentium GOLD 6500Y,nucleos_procesador,2
Computadores,procesador_principal,Intel Pentium GOLD 6500Y,hilos_procesador,4
Computadores,procesador_principal,Intel Pentium Gold 7505,nucleos_procesador,2
Computadores,procesador_principal,Intel Pentium Gold 7505,hilos_procesador,4
Computadores,procesador_principal,Intel Pentium Gold 8500,nucleos_procesador,5
Computadores,procesador_principal,Intel Pentium Gold 8500,hilos_procesador,6
Computadores,procesador_principal,Intel Pentium Gold 8505,nucleos_procesador,5
Computadores,procesador_principal,Intel Pentium Gold 8505,hilos_procesador,6
Computadores,procesador_principal,Intel Pentium Gold G5400,nucleos_procesador,2
Computadores,procesador_principal,Intel Pentium Gold G5400,hilos_procesador,4
Computadores,procesador_principal,Intel Pentium Gold G5400T,nucleos_procesador,2
Computadores,procesador_principal,Intel Pentium Gold G5400T,hilos_procesador,4
Computadores,procesador_principal,Intel Pentium Gold G5420,nucleos_procesador,2
Computadores,procesador_principal,Intel Pentium Gold G5420,hilos_procesador,4
Computadores,procesador_principal,Intel Pentium Gold G5420T,nucleos_procesador,2
Computadores,procesador_principal,Intel Pentium Gold G5420T,hilos_procesador,4
Computadores,procesador_principal,Intel Pentium Gold G5500,nucleos_procesador,2
Computadores,procesador_principal,Intel Pentium Gold G5500,hilos_procesador,4
Computadores,procesador_principal,Intel Pentium Gold G5500T,nucleos_procesador,2
Computadores,procesador_principal,Intel Pentium Gold G5500T,hilos_procesador,4
Computadores,procesador_principal,Intel Pentium Gold G5600,nucleos_procesador,2
Computadores,procesador_principal,Intel Pentium Gold G5600,hilos_procesador,4
Computadores,procesador_principal,Intel Pentium Gold G5600F,nucleos_procesador,2
Computadores,procesador_principal,Intel Pentium Gold G5600F,hilos_procesador,4
Computadores,procesador_principal,Intel Pentium Gold G5600T,nucleos_procesador,2
Computadores,procesador_principal,Intel Pentium Gold G5600T,hilos_procesador,4
Computadores,procesador_principal,Intel Pentium Gold G5620,nucleos_procesador,2
Computadores,procesador_principal,Intel Pentium Gold G5620,hilos_procesador,4
Computadores,procesador_principal,Intel Pentium Gold G6400,nucleos_procesador,2
Computadores,procesador_principal,Intel Pentium Gold G6400,hilos_procesador,4
Computadores,procesador_principal,Intel Pentium Gold G6400E,nucleos_procesador,2
Computadores,procesador_principal,Intel Pentium Gold G6400E,hilos_procesador,4
Computadores,procesador_principal,Intel Pentium Gold G6400T,nucleos_procesador,2
Computadores,procesador_principal,Intel Pentium Gold G6400T,hilos_procesador,4
Computadores,procesador_principal,Intel Pentium Gold G6405,nucleos_procesador,2
Computadores,procesador_principal,Intel Pentium Gold G6405,hilos_procesador,4
Computadores,procesador_principal,Intel Pentium Gold G6405T,nucleos_procesador,2
Computadores,procesador_principal,Intel Pentium Gold G6405T,hilos_procesador,4
Computadores,procesador_principal,Intel Pentium Gold G6500,nucleos_procesador,2
Computadores,procesador_principal,Intel Pentium Gold G6500,hilos_procesador,4
Computadores,procesador_principal,Intel Pentium Gold G6500T,nucleos_procesador,2
Computadores,procesador_principal,Intel Pentium Gold G6500T,hilos_procesador,4
Computadores,procesador_principal,Intel Pentium Gold G6505,nucleos_procesador,2
Computadores,procesador_principal,Intel Pentium Gold G6505,hilos_procesador,4
Computadores,procesador_principal,Intel Pentium Gold G6505T,nucleos_procesador,2
Computadores,procesador_principal,Intel Pentium Gold G6505T,hilos_procesador,4
Computadores,procesador_principal,Intel Pentium Gold G6600,nucleos_procesador,2
Computadores,procesador_principal,Intel Pentium Gold G6600,hilos_procesador,4
Computadores,procesador_principal,Intel Pentium Gold G6605,nucleos_procesador,2
Computadores,procesador_principal,Intel Pentium Gold G6605,hilos_procesador,4
Computadores,procesador_principal,Intel Pentium Gold G7400,nucleos_procesador,2
Computadores,procesador_principal,Intel Pentium Gold G7400,hilos_procesador,4
Computadores,procesador_principal,Intel Pentium Gold G7400E,nucleos_procesador,2
Computadores,procesador_principal,Intel Pentium Gold G7400E,hilos_procesador,4
Computadores,procesador_principal,Intel Pentium Gold G7400T,nucleos_procesador,2
Computadores,procesador_principal,Intel Pentium Gold G7400T,hilos_procesador,4
Computadores,procesador_principal,Intel Pentium III 1400,nucleos_procesador,1
Computadores,procesador_principal,Intel Pentium III 1400,hilos_procesador,1
Computadores,procesador_principal,Intel Pentium III 1400S,nucleos_procesador,1
Computadores,procesador_principal,Intel Pentium III 1400S,hilos_procesador,1
Computadores,procesador_principal,Intel Pentium III Mobile 1066MHz,nucleos_procesador,1
Computadores,procesador_principal,Intel Pentium III Mobile 1066MHz,hilos_procesador,1
Computadores,procesador_principal,Intel Pentium III Mobile 1133MHz,nucleos_procesador,1
Computadores,procesador_principal,Intel Pentium III Mobile 1133MHz,hilos_procesador,1
Computadores,procesador_principal,Intel Pentium III Mobile 1200MHz,nucleos_procesador,1
Computadores,procesador_principal,Intel Pentium III Mobile 1200MHz,hilos_procesador,1
Computadores,procesador_principal,Intel Pentium III Mobile 800MHz,nucleos_procesador,1
Computadores,procesador_principal,Intel Pentium III Mobile 800MHz,hilos_procesador,1
Computadores,procesador_principal,Intel Pentium III Mobile 866MHz,nucleos_procesador,1
Computadores,procesador_principal,Intel Pentium III Mobile 866MHz,hilos_procesador,1
Computadores,procesador_principal,Intel Pentium J2850,nucleos_procesador,4
Computadores,procesador_principal,Intel Pentium J2850,hilos_procesador,4
Computadores,procesador_principal,Intel Pentium J2900,nucleos_procesador,4
Computadores,procesador_principal,Intel Pentium J2900,hilos_procesador,4
Computadores,procesador_principal,Intel Pentium J3710,nucleos_procesador,4
Computadores,procesador_principal,Intel Pentium J3710,hilos_procesador,4
Computadores,procesador_principal,Intel Pentium J4205,nucleos_procesador,4
Computadores,procesador_principal,Intel Pentium J4205,hilos_procesador,4
Computadores,procesador_principal,Intel Pentium J6426,nucleos_procesador,4
Computadores,procesador_principal,Intel Pentium J6426,hilos_procesador,4
Computadores,procesador_principal,Intel Pentium M 1.10GHz,nucleos_procesador,1
Computadores,procesador_principal,Intel Pentium M 1.10GHz,hilos_procesador,1
Computadores,procesador_principal,Intel Pentium M 1.20GHz,nucleos_procesador,1
Computadores,procesador_principal,Intel Pentium M 1.20GHz,hilos_procesador,1
Computadores,procesador_principal,Intel Pentium M 1.30GHz,nucleos_procesador,1
Computadores,procesador_principal,Intel Pentium M 1.30GHz,hilos_procesador,1
Computadores,procesador_principal,Intel Pentium M 1.40GHz,nucleos_procesador,1
Computadores,procesador_principal,Intel Pentium M 1.40GHz,hilos_procesador,1
Computadores,procesador_principal,Intel Pentium M 1.50GHz,nucleos_procesador,1
Computadores,procesador_principal,Intel Pentium M 1.50GHz,hilos_procesador,1
Computadores,procesador_principal,Intel Pentium M 1.60GHz,nucleos_procesador,1
Computadores,procesador_principal,Intel Pentium M 1.60GHz,hilos_procesador,1
Computadores,procesador_principal,Intel Pentium M 1.70GHz,nucleos_procesador,1
Computadores,procesador_principal,Intel Pentium M 1.70GHz,hilos_procesador,1
Computadores,procesador_principal,Intel Pentium M 1.73GHz,nucleos_procesador,1
Computadores,procesador_principal,Intel Pentium M 1.73GHz,hilos_procesador,1
Computadores,procesador_principal,Intel Pentium M 1.80GHz,nucleos_procesador,1
Computadores,procesador_principal,Intel Pentium M 1.80GHz,hilos_procesador,1
Computadores,procesador_principal,Intel Pentium M 1.86GHz,nucleos_procesador,1
Computadores,procesador_principal,Intel Pentium M 1.86GHz,hilos_procesador,1
Computadores,procesador_principal,Intel Pentium M 1000MHz,nucleos_procesador,1
Computadores,procesador_principal,Intel Pentium M 1000MHz,hilos_procesador,1
Computadores,procesador_principal,Intel Pentium M 1200MHz,nucleos_procesador,1
Computadores,procesador_principal,Intel Pentium M 1200MHz,hilos_procesador,1
Computadores,procesador_principal,Intel Pentium M 1300MHz,nucleos_procesador,1
Computadores,procesador_principal,Intel Pentium M 1300MHz,hilos_procesador,1
Computadores,procesador_principal,Intel Pentium M 1400MHz,nucleos_procesador,1
Computadores,procesador_principal,Intel Pentium M 1400MHz,hilos_procesador,1
Computadores,procesador_principal,Intel Pentium M 1500MHz,nucleos_procesador,1
Computadores,procesador_principal,Intel Pentium M 1500MHz,hilos_procesador,1
Computadores,procesador_principal,Intel Pentium M 1600MHz,nucleos_procesador,1
Computadores,procesador_principal,Intel Pentium M 1600MHz,hilos_procesador,1
Computadores,procesador_principal,Intel Pentium M 1700MHz,nucleos_procesador,1
Computadores,procesador_principal,Intel Pentium M 1700MHz,hilos_procesador,1
Computadores,procesador_principal,Intel Pentium M 2.00GHz,nucleos_procesador,1
Computadores,procesador_principal,Intel Pentium M 2.00GHz,hilos_procesador,1
Computadores,procesador_principal,Intel Pentium M 2.10GHz,nucleos_procesador,1
Computadores,procesador_principal,Intel Pentium M 2.10GHz,hilos_procesador,1
Computadores,procesador_principal,Intel Pentium M 2.13GHz,nucleos_procesador,1
Computadores,procesador_principal,Intel Pentium M 2.13GHz,hilos_procesador,1
Computadores,procesador_principal,Intel Pentium M 2.26GHz,nucleos_procesador,1
Computadores,procesador_principal,Intel Pentium M 2.26GHz,hilos_procesador,1
Computadores,procesador_principal,Intel Pentium M 900MHz,nucleos_procesador,1
Computadores,procesador_principal,Intel Pentium M 900MHz,hilos_procesador,1
Computadores,procesador_principal,Intel Pentium N3510,nucleos_procesador,4
Computadores,procesador_principal,Intel Pentium N3510,hilos_procesador,4
Computadores,procesador_principal,Intel Pentium N3520,nucleos_procesador,4
Computadores,procesador_principal,Intel Pentium N3520,hilos_procesador,4
Computadores,procesador_principal,Intel Pentium N3530,nucleos_procesador,4
Computadores,procesador_principal,Intel Pentium N3530,hilos_procesador,4
Computadores,procesador_principal,Intel Pentium N3540,nucleos_procesador,4
Computadores,procesador_principal,Intel Pentium N3540,hilos_procesador,4
Computadores,procesador_principal,Intel Pentium N3700,nucleos_procesador,4
Computadores,procesador_principal,Intel Pentium N3700,hilos_procesador,4
Computadores,procesador_principal,Intel Pentium N3710,nucleos_procesador,4
Computadores,procesador_principal,Intel Pentium N3710,hilos_procesador,4
Computadores,procesador_principal,Intel Pentium N4200,nucleos_procesador,4
Computadores,procesador_principal,Intel Pentium N4200,hilos_procesador,4
Computadores,procesador_principal,Intel Pentium N6415,nucleos_procesador,4
Computadores,procesador_principal,Intel Pentium N6415,hilos_procesador,4
Computadores,procesador_principal,Intel Pentium P6000,nucleos_procesador,2
Computadores,procesador_principal,Intel Pentium P6000,hilos_procesador,2
Computadores,procesador_principal,Intel Pentium P6100,nucleos_procesador,2
Computadores,procesador_principal,Intel Pentium P6100,hilos_procesador,2
Computadores,procesador_principal,Intel Pentium P6200,nucleos_procesador,2
Computadores,procesador_principal,Intel Pentium P6200,hilos_procesador,2
Computadores,procesador_principal,Intel Pentium P6300,nucleos_procesador,2
Computadores,procesador_principal,Intel Pentium P6300,hilos_procesador,2
Computadores,procesador_principal,Intel Pentium Silver J5005,nucleos_procesador,4
Computadores,procesador_principal,Intel Pentium Silver J5005,hilos_procesador,4
Computadores,procesador_principal,Intel Pentium Silver J5040,nucleos_procesador,4
Computadores,procesador_principal,Intel Pentium Silver J5040,hilos_procesador,4
Computadores,procesador_principal,Intel Pentium Silver N5000,nucleos_procesador,4
Computadores,procesador_principal,Intel Pentium Silver N5000,hilos_procesador,4
Computadores,procesador_principal,Intel Pentium Silver N5020,nucleos_procesador,4
Computadores,procesador_principal,Intel Pentium Silver N5020,hilos_procesador,4
Computadores,procesador_principal,Intel Pentium Silver N5030,nucleos_procesador,4
Computadores,procesador_principal,Intel Pentium Silver N5030,hilos_procesador,4
Computadores,procesador_principal,Intel Pentium Silver N6000,nucleos_procesador,4
Computadores,procesador_principal,Intel Pentium Silver N6000,hilos_procesador,4
Computadores,procesador_principal,Intel Pentium Silver N6005,nucleos_procesador,4
Computadores,procesador_principal,Intel Pentium Silver N6005,hilos_procesador,4
Computadores,procesador_principal,Intel Pentium SU2700,nucleos_procesador,1
Computadores,procesador_principal,Intel Pentium SU2700,hilos_procesador,1
Computadores,procesador_principal,Intel Pentium SU4100,nucleos_procesador,2
Computadores,procesador_principal,Intel Pentium SU4100,hilos_procesador,2
Computadores,procesador_principal,Intel Pentium T2060,nucleos_procesador,2
Computadores,procesador_principal,Intel Pentium T2060,hilos_procesador,2
Computadores,procesador_principal,Intel Pentium T2080,nucleos_procesador,2
Computadores,procesador_principal,Intel Pentium T2080,hilos_procesador,2
Computadores,procesador_principal,Intel Pentium T2130,nucleos_procesador,2
Computadores,procesador_principal,Intel Pentium T2130,hilos_procesador,2
Computadores,procesador_principal,Intel Pentium T2310,nucleos_procesador,2
Computadores,procesador_principal,Intel Pentium T2310,hilos_procesador,2
Computadores,procesador_principal,Intel Pentium T2330,nucleos_procesador,2
Computadores,procesador_principal,Intel Pentium T2330,hilos_procesador,2
Computadores,procesador_principal,Intel Pentium T2370,nucleos_procesador,2
Computadores,procesador_principal,Intel Pentium T2370,hilos_procesador,2
Computadores,procesador_principal,Intel Pentium T2390,nucleos_procesador,2
Computadores,procesador_principal,Intel Pentium T2390,hilos_procesador,2
Computadores,procesador_principal,Intel Pentium T2410,nucleos_procesador,2
Computadores,procesador_principal,Intel Pentium T2410,hilos_procesador,2
Computadores,procesador_principal,Intel Pentium T3200,nucleos_procesador,2
Computadores,procesador_principal,Intel Pentium T3200,hilos_procesador,2
Computadores,procesador_principal,Intel Pentium T3400,nucleos_procesador,2
Computadores,procesador_principal,Intel Pentium T3400,hilos_procesador,2
Computadores,procesador_principal,Intel Pentium T4200,nucleos_procesador,2
Computadores,procesador_principal,Intel Pentium T4200,hilos_procesador,2
Computadores,procesador_principal,Intel Pentium T4300,nucleos_procesador,2
Computadores,procesador_principal,Intel Pentium T4300,hilos_procesador,2
Computadores,procesador_principal,Intel Pentium T4400,nucleos_procesador,2
Computadores,procesador_principal,Intel Pentium T4400,hilos_procesador,2
Computadores,procesador_principal,Intel Pentium T4500,nucleos_procesador,2
Computadores,procesador_principal,Intel Pentium T4500,hilos_procesador,2
Computadores,procesador_principal,Intel Pentium U5400,nucleos_procesador,2
Computadores,procesador_principal,Intel Pentium U5400,hilos_procesador,2
Computadores,procesador_principal,Intel Pentium U5600,nucleos_procesador,2
Computadores,procesador_principal,Intel Pentium U5600,hilos_procesador,2
Computadores,procesador_principal,Intel T1400,nucleos_procesador,2
Computadores,procesador_principal,Intel T1400,hilos_procesador,2
Computadores,procesador_principal,Intel T1500,nucleos_procesador,2
Computadores,procesador_principal,Intel T1500,hilos_procesador,2
Computadores,procesador_principal,Intel T2050,nucleos_procesador,2
Computadores,procesador_principal,Intel T2050,hilos_procesador,2
Computadores,procesador_principal,Intel U300,nucleos_procesador,5
Computadores,procesador_principal,Intel U300,hilos_procesador,6
Computadores,procesador_principal,Intel U300E,nucleos_procesador,5
Computadores,procesador_principal,Intel U300E,hilos_procesador,6
Computadores,procesador_principal,Intel Xeon 2.00GHz,nucleos_procesador,1
Computadores,procesador_principal,Intel Xeon 2.00GHz,hilos_procesador,2
Computadores,procesador_principal,Intel XEON 2.20GHz,nucleos_procesador,1
Computadores,procesador_principal,Intel XEON 2.20GHz,hilos_procesador,1
Computadores,procesador_principal,Intel Xeon 2.40GHz,nucleos_procesador,1
Computadores,procesador_principal,Intel Xeon 2.40GHz,hilos_procesador,2
Computadores,procesador_principal,Intel Xeon 2.80GHz,nucleos_procesador,1
Computadores,procesador_principal,Intel Xeon 2.80GHz,hilos_procesador,2
Computadores,procesador_principal,Intel Xeon 3.00GHz,nucleos_procesador,1
Computadores,procesador_principal,Intel Xeon 3.00GHz,hilos_procesador,2
Computadores,procesador_principal,Intel Xeon 3.06GHz,nucleos_procesador,1
Computadores,procesador_principal,Intel Xeon 3.06GHz,hilos_procesador,2
Computadores,procesador_principal,Intel Xeon 3.20GHz,nucleos_procesador,1
Computadores,procesador_principal,Intel Xeon 3.20GHz,hilos_procesador,2
Computadores,procesador_principal,Intel Xeon 3.40GHz,nucleos_procesador,1
Computadores,procesador_principal,Intel Xeon 3.40GHz,hilos_procesador,2
Computadores,procesador_principal,Intel Xeon 3.60GHz,nucleos_procesador,1
Computadores,procesador_principal,Intel Xeon 3.60GHz,hilos_procesador,2
Computadores,procesador_principal,Intel Xeon 3.73GHz,nucleos_procesador,2
Computadores,procesador_principal,Intel Xeon 3.73GHz,hilos_procesador,4
Computadores,procesador_principal,Intel Xeon 3.80GHz,nucleos_procesador,1
Computadores,procesador_principal,Intel Xeon 3.80GHz,hilos_procesador,2
Computadores,procesador_principal,Intel Xeon 3040,nucleos_procesador,2
Computadores,procesador_principal,Intel Xeon 3040,hilos_procesador,2
Computadores,procesador_principal,Intel Xeon 3050,nucleos_procesador,2
Computadores,procesador_principal,Intel Xeon 3050,hilos_procesador,2
Computadores,procesador_principal,Intel Xeon 3060,nucleos_procesador,2
Computadores,procesador_principal,Intel Xeon 3060,hilos_procesador,2
Computadores,procesador_principal,Intel Xeon 3065,nucleos_procesador,2
Computadores,procesador_principal,Intel Xeon 3065,hilos_procesador,2
Computadores,procesador_principal,Intel Xeon 3070,nucleos_procesador,2
Computadores,procesador_principal,Intel Xeon 3070,hilos_procesador,2
Computadores,procesador_principal,Intel Xeon 3075,nucleos_procesador,2
Computadores,procesador_principal,Intel Xeon 3075,hilos_procesador,2
Computadores,procesador_principal,Intel Xeon 3085,nucleos_procesador,2
Computadores,procesador_principal,Intel Xeon 3085,hilos_procesador,2
Computadores,procesador_principal,Intel Xeon 5110,nucleos_procesador,2
Computadores,procesador_principal,Intel Xeon 5110,hilos_procesador,2
Computadores,procesador_principal,Intel Xeon 5120,nucleos_procesador,2
Computadores,procesador_principal,Intel Xeon 5120,hilos_procesador,2
Computadores,procesador_principal,Intel Xeon 5130,nucleos_procesador,2
Computadores,procesador_principal,Intel Xeon 5130,hilos_procesador,2
Computadores,procesador_principal,Intel Xeon 5133,nucleos_procesador,2
Computadores,procesador_principal,Intel Xeon 5133,hilos_procesador,2
Computadores,procesador_principal,Intel Xeon 5140,nucleos_procesador,2
Computadores,procesador_principal,Intel Xeon 5140,hilos_procesador,2
Computadores,procesador_principal,Intel Xeon 5148,nucleos_procesador,2
Computadores,procesador_principal,Intel Xeon 5148,hilos_procesador,2
Computadores,procesador_principal,Intel Xeon 5150,nucleos_procesador,2
Computadores,procesador_principal,Intel Xeon 5150,hilos_procesador,2
Computadores,procesador_principal,Intel Xeon 5160,nucleos_procesador,2
Computadores,procesador_principal,Intel Xeon 5160,hilos_procesador,2
Computadores,procesador_principal,Intel Xeon 6325P,nucleos_procesador,4
Computadores,procesador_principal,Intel Xeon 6325P,hilos_procesador,8
Computadores,procesador_principal,Intel Xeon 6353P,nucleos_procesador,8
Computadores,procesador_principal,Intel Xeon 6353P,hilos_procesador,16
Computadores,procesador_principal,Intel Xeon 6369P,nucleos_procesador,8
Computadores,procesador_principal,Intel Xeon 6369P,hilos_procesador,16
Computadores,procesador_principal,Intel Xeon 6517P,nucleos_procesador,16
Computadores,procesador_principal,Intel Xeon 6517P,hilos_procesador,32
Computadores,procesador_principal,Intel Xeon 6520P,nucleos_procesador,12
Computadores,procesador_principal,Intel Xeon 6520P,hilos_procesador,48
Computadores,procesador_principal,Intel Xeon 6521P,nucleos_procesador,24
Computadores,procesador_principal,Intel Xeon 6521P,hilos_procesador,48
Computadores,procesador_principal,Intel Xeon 6530P,nucleos_procesador,32
Computadores,procesador_principal,Intel Xeon 6530P,hilos_procesador,64
Computadores,procesador_principal,Intel Xeon 6736P,nucleos_procesador,36
Computadores,procesador_principal,Intel Xeon 6736P,hilos_procesador,72
Computadores,procesador_principal,Intel Xeon 6737P,nucleos_procesador,32
Computadores,procesador_principal,Intel Xeon 6737P,hilos_procesador,64
Computadores,procesador_principal,Intel Xeon 6740P,nucleos_procesador,48
Computadores,procesador_principal,Intel Xeon 6740P,hilos_procesador,96
Computadores,procesador_principal,Intel Xeon 6741P,nucleos_procesador,48
Computadores,procesador_principal,Intel Xeon 6741P,hilos_procesador,96
Computadores,procesador_principal,Intel Xeon 6747P,nucleos_procesador,48
Computadores,procesador_principal,Intel Xeon 6747P,hilos_procesador,96
Computadores,procesador_principal,Intel Xeon 6760P,nucleos_procesador,64
Computadores,procesador_principal,Intel Xeon 6760P,hilos_procesador,128
Computadores,procesador_principal,Intel Xeon 6787P,nucleos_procesador,86
Computadores,procesador_principal,Intel Xeon 6787P,hilos_procesador,172
Computadores,procesador_principal,Intel Xeon,nucleos_procesador,1
Computadores,procesador_principal,Intel Xeon,hilos_procesador,1
Computadores,procesador_principal,Intel Xeon Bronze 3104,nucleos_procesador,6
Computadores,procesador_principal,Intel Xeon Bronze 3104,hilos_procesador,6
Computadores,procesador_principal,Intel Xeon Bronze 3106,nucleos_procesador,8
Computadores,procesador_principal,Intel Xeon Bronze 3106,hilos_procesador,8
Computadores,procesador_principal,Intel Xeon Bronze 3204,nucleos_procesador,6
Computadores,procesador_principal,Intel Xeon Bronze 3204,hilos_procesador,6
Computadores,procesador_principal,Intel Xeon Bronze 3206R,nucleos_procesador,8
Computadores,procesador_principal,Intel Xeon Bronze 3206R,hilos_procesador,8
Computadores,procesador_principal,Intel Xeon Bronze 3408U,nucleos_procesador,8
Computadores,procesador_principal,Intel Xeon Bronze 3408U,hilos_procesador,8
Computadores,procesador_principal,Intel Xeon D-1518,nucleos_procesador,4
Computadores,procesador_principal,Intel Xeon D-1518,hilos_procesador,8
Computadores,procesador_principal,Intel Xeon D-1520,nucleos_procesador,4
Computadores,procesador_principal,Intel Xeon D-1520,hilos_procesador,8
Computadores,procesador_principal,Intel Xeon D-1521,nucleos_procesador,4
Computadores,procesador_principal,Intel Xeon D-1521,hilos_procesador,8
Computadores,procesador_principal,Intel Xeon D-1527,nucleos_procesador,4
Computadores,procesador_principal,Intel Xeon D-1527,hilos_procesador,8
Computadores,procesador_principal,Intel Xeon D-1528,nucleos_procesador,6
Computadores,procesador_principal,Intel Xeon D-1528,hilos_procesador,12
Computadores,procesador_principal,Intel Xeon D-1531,nucleos_procesador,6
Computadores,procesador_principal,Intel Xeon D-1531,hilos_procesador,12
Computadores,procesador_principal,Intel Xeon D-1537,nucleos_procesador,8
Computadores,procesador_principal,Intel Xeon D-1537,hilos_procesador,16
Computadores,procesador_principal,Intel Xeon D-1539,nucleos_procesador,8
Computadores,procesador_principal,Intel Xeon D-1539,hilos_procesador,16
Computadores,procesador_principal,Intel Xeon D-1540,nucleos_procesador,8
Computadores,procesador_principal,Intel Xeon D-1540,hilos_procesador,16
Computadores,procesador_principal,Intel Xeon D-1541,nucleos_procesador,8
Computadores,procesador_principal,Intel Xeon D-1541,hilos_procesador,16
Computadores,procesador_principal,Intel Xeon D-1548,nucleos_procesador,8
Computadores,procesador_principal,Intel Xeon D-1548,hilos_procesador,16
Computadores,procesador_principal,Intel Xeon D-1557,nucleos_procesador,12
Computadores,procesador_principal,Intel Xeon D-1557,hilos_procesador,24
Computadores,procesador_principal,Intel Xeon D-1559,nucleos_procesador,12
Computadores,procesador_principal,Intel Xeon D-1559,hilos_procesador,24
Computadores,procesador_principal,Intel Xeon D-1567,nucleos_procesador,12
Computadores,procesador_principal,Intel Xeon D-1567,hilos_procesador,24
Computadores,procesador_principal,Intel Xeon D-1577,nucleos_procesador,16
Computadores,procesador_principal,Intel Xeon D-1577,hilos_procesador,32
Computadores,procesador_principal,Intel Xeon D-1581,nucleos_procesador,16
Computadores,procesador_principal,Intel Xeon D-1581,hilos_procesador,32
Computadores,procesador_principal,Intel Xeon D-1587,nucleos_procesador,16
Computadores,procesador_principal,Intel Xeon D-1587,hilos_procesador,32
Computadores,procesador_principal,Intel Xeon D-1602,nucleos_procesador,2
Computadores,procesador_principal,Intel Xeon D-1602,hilos_procesador,4
Computadores,procesador_principal,Intel Xeon D-1622,nucleos_procesador,4
Computadores,procesador_principal,Intel Xeon D-1622,hilos_procesador,8
Computadores,procesador_principal,Intel Xeon D-1715TER,nucleos_procesador,4
Computadores,procesador_principal,Intel Xeon D-1715TER,hilos_procesador,8
Computadores,procesador_principal,Intel Xeon D-1718T,nucleos_procesador,4
Computadores,procesador_principal,Intel Xeon D-1718T,hilos_procesador,8
Computadores,procesador_principal,Intel Xeon D-1726,nucleos_procesador,6
Computadores,procesador_principal,Intel Xeon D-1726,hilos_procesador,12
Computadores,procesador_principal,Intel Xeon D-1732TE,nucleos_procesador,8
Computadores,procesador_principal,Intel Xeon D-1732TE,hilos_procesador,16
Computadores,procesador_principal,Intel Xeon D-1733NT,nucleos_procesador,8
Computadores,procesador_principal,Intel Xeon D-1733NT,hilos_procesador,16
Computadores,procesador_principal,Intel Xeon D-1736NT,nucleos_procesador,8
Computadores,procesador_principal,Intel Xeon D-1736NT,hilos_procesador,16
Computadores,procesador_principal,Intel Xeon D-1746TER,nucleos_procesador,10
Computadores,procesador_principal,Intel Xeon D-1746TER,hilos_procesador,20
Computadores,procesador_principal,Intel Xeon D-1747NTE,nucleos_procesador,10
Computadores,procesador_principal,Intel Xeon D-1747NTE,hilos_procesador,20
Computadores,procesador_principal,Intel Xeon D-2123IT,nucleos_procesador,4
Computadores,procesador_principal,Intel Xeon D-2123IT,hilos_procesador,8
Computadores,procesador_principal,Intel Xeon D-2141I,nucleos_procesador,8
Computadores,procesador_principal,Intel Xeon D-2141I,hilos_procesador,16
Computadores,procesador_principal,Intel Xeon D-2143IT,nucleos_procesador,8
Computadores,procesador_principal,Intel Xeon D-2143IT,hilos_procesador,16
Computadores,procesador_principal,Intel Xeon D-2146NT,nucleos_procesador,8
Computadores,procesador_principal,Intel Xeon D-2146NT,hilos_procesador,16
Computadores,procesador_principal,Intel Xeon D-2166NT,nucleos_procesador,12
Computadores,procesador_principal,Intel Xeon D-2166NT,hilos_procesador,24
Computadores,procesador_principal,Intel Xeon D-2183IT,nucleos_procesador,16
Computadores,procesador_principal,Intel Xeon D-2183IT,hilos_procesador,32
Computadores,procesador_principal,Intel Xeon D-2187NT,nucleos_procesador,16
Computadores,procesador_principal,Intel Xeon D-2187NT,hilos_procesador,32
Computadores,procesador_principal,Intel Xeon D-2712T,nucleos_procesador,4
Computadores,procesador_principal,Intel Xeon D-2712T,hilos_procesador,8
Computadores,procesador_principal,Intel Xeon D-2733NT,nucleos_procesador,8
Computadores,procesador_principal,Intel Xeon D-2733NT,hilos_procesador,16
Computadores,procesador_principal,Intel Xeon D-2752TER,nucleos_procesador,12
Computadores,procesador_principal,Intel Xeon D-2752TER,hilos_procesador,24
Computadores,procesador_principal,Intel Xeon D-2753NT,nucleos_procesador,12
Computadores,procesador_principal,Intel Xeon D-2753NT,hilos_procesador,24
Computadores,procesador_principal,Intel Xeon D-2766NT,nucleos_procesador,14
Computadores,procesador_principal,Intel Xeon D-2766NT,hilos_procesador,28
Computadores,procesador_principal,Intel Xeon D-2775TE,nucleos_procesador,16
Computadores,procesador_principal,Intel Xeon D-2775TE,hilos_procesador,32
Computadores,procesador_principal,Intel Xeon D-2795NT,nucleos_procesador,20
Computadores,procesador_principal,Intel Xeon D-2795NT,hilos_procesador,40
Computadores,procesador_principal,Intel Xeon D-2796TE,nucleos_procesador,20
Computadores,procesador_principal,Intel Xeon D-2796TE,hilos_procesador,40
Computadores,procesador_principal,Intel Xeon D-2799,nucleos_procesador,20
Computadores,procesador_principal,Intel Xeon D-2799,hilos_procesador,40
Computadores,procesador_principal,Intel Xeon E-2104G,nucleos_procesador,4
Computadores,procesador_principal,Intel Xeon E-2104G,hilos_procesador,4
Computadores,procesador_principal,Intel Xeon E-2124,nucleos_procesador,4
Computadores,procesador_principal,Intel Xeon E-2124,hilos_procesador,4
Computadores,procesador_principal,Intel Xeon E-2124G,nucleos_procesador,4
Computadores,procesador_principal,Intel Xeon E-2124G,hilos_procesador,4
Computadores,procesador_principal,Intel Xeon E-2126G,nucleos_procesador,6
Computadores,procesador_principal,Intel Xeon E-2126G,hilos_procesador,6
Computadores,procesador_principal,Intel Xeon E-2134,nucleos_procesador,4
Computadores,procesador_principal,Intel Xeon E-2134,hilos_procesador,8
Computadores,procesador_principal,Intel Xeon E-2136,nucleos_procesador,6
Computadores,procesador_principal,Intel Xeon E-2136,hilos_procesador,12
Computadores,procesador_principal,Intel Xeon E-2144G,nucleos_procesador,4
Computadores,procesador_principal,Intel Xeon E-2144G,hilos_procesador,8
Computadores,procesador_principal,Intel Xeon E-2146G,nucleos_procesador,6
Computadores,procesador_principal,Intel Xeon E-2146G,hilos_procesador,12
Computadores,procesador_principal,Intel Xeon E-2174G,nucleos_procesador,4
Computadores,procesador_principal,Intel Xeon E-2174G,hilos_procesador,8
Computadores,procesador_principal,Intel Xeon E-2176G,nucleos_procesador,6
Computadores,procesador_principal,Intel Xeon E-2176G,hilos_procesador,12
Computadores,procesador_principal,Intel Xeon E-2176M,nucleos_procesador,6
Computadores,procesador_principal,Intel Xeon E-2176M,hilos_procesador,12
Computadores,procesador_principal,Intel Xeon E-2186G,nucleos_procesador,6
Computadores,procesador_principal,Intel Xeon E-2186G,hilos_procesador,12
Computadores,procesador_principal,Intel Xeon E-2186M,nucleos_procesador,6
Computadores,procesador_principal,Intel Xeon E-2186M,hilos_procesador,12
Computadores,procesador_principal,Intel Xeon E-2224,nucleos_procesador,4
Computadores,procesador_principal,Intel Xeon E-2224,hilos_procesador,4
Computadores,procesador_principal,Intel Xeon E-2224G,nucleos_procesador,4
Computadores,procesador_principal,Intel Xeon E-2224G,hilos_procesador,4
Computadores,procesador_principal,Intel Xeon E-2226G,nucleos_procesador,6
Computadores,procesador_principal,Intel Xeon E-2226G,hilos_procesador,6
Computadores,procesador_principal,Intel Xeon E-2234,nucleos_procesador,4
Computadores,procesador_principal,Intel Xeon E-2234,hilos_procesador,8
Computadores,procesador_principal,Intel Xeon E-2236,nucleos_procesador,6
Computadores,procesador_principal,Intel Xeon E-2236,hilos_procesador,12
Computadores,procesador_principal,Intel Xeon E-2244G,nucleos_procesador,4
Computadores,procesador_principal,Intel Xeon E-2244G,hilos_procesador,8
Computadores,procesador_principal,Intel Xeon E-2246G,nucleos_procesador,6
Computadores,procesador_principal,Intel Xeon E-2246G,hilos_procesador,12
Computadores,procesador_principal,Intel Xeon E-2254ML,nucleos_procesador,4
Computadores,procesador_principal,Intel Xeon E-2254ML,hilos_procesador,8
Computadores,procesador_principal,Intel Xeon E-2274G,nucleos_procesador,4
Computadores,procesador_principal,Intel Xeon E-2274G,hilos_procesador,8
Computadores,procesador_principal,Intel Xeon E-2276G,nucleos_procesador,6
Computadores,procesador_principal,Intel Xeon E-2276G,hilos_procesador,12
Computadores,procesador_principal,Intel Xeon E-2276M,nucleos_procesador,6
Computadores,procesador_principal,Intel Xeon E-2276M,hilos_procesador,12
Computadores,procesador_principal,Intel Xeon E-2276ME,nucleos_procesador,6
Computadores,procesador_principal,Intel Xeon E-2276ME,hilos_procesador,12
Computadores,procesador_principal,Intel Xeon E-2276ML,nucleos_procesador,6
Computadores,procesador_principal,Intel Xeon E-2276ML,hilos_procesador,12
Computadores,procesador_principal,Intel Xeon E-2278G,nucleos_procesador,8
Computadores,procesador_principal,Intel Xeon E-2278G,hilos_procesador,16
Computadores,procesador_principal,Intel Xeon E-2278GE,nucleos_procesador,8
Computadores,procesador_principal,Intel Xeon E-2278GE,hilos_procesador,16
Computadores,procesador_principal,Intel Xeon E-2278GEL,nucleos_procesador,8
Computadores,procesador_principal,Intel Xeon E-2278GEL,hilos_procesador,16
Computadores,procesador_principal,Intel Xeon E-2286G,nucleos_procesador,6
Computadores,procesador_principal,Intel Xeon E-2286G,hilos_procesador,12
Computadores,procesador_principal,Intel Xeon E-2286M,nucleos_procesador,8
Computadores,procesador_principal,Intel Xeon E-2286M,hilos_procesador,16
Computadores,procesador_principal,Intel Xeon E-2288G,nucleos_procesador,8
Computadores,procesador_principal,Intel Xeon E-2288G,hilos_procesador,16
Computadores,procesador_principal,Intel Xeon E-2314,nucleos_procesador,4
Computadores,procesador_principal,Intel Xeon E-2314,hilos_procesador,4
Computadores,procesador_principal,Intel Xeon E-2324G,nucleos_procesador,4
Computadores,procesador_principal,Intel Xeon E-2324G,hilos_procesador,4
Computadores,procesador_principal,Intel Xeon E-2334,nucleos_procesador,4
Computadores,procesador_principal,Intel Xeon E-2334,hilos_procesador,8
Computadores,procesador_principal,Intel Xeon E-2336,nucleos_procesador,6
Computadores,procesador_principal,Intel Xeon E-2336,hilos_procesador,12
Computadores,procesador_principal,Intel Xeon E-2356G,nucleos_procesador,6
Computadores,procesador_principal,Intel Xeon E-2356G,hilos_procesador,12
Computadores,procesador_principal,Intel Xeon E-2374G,nucleos_procesador,4
Computadores,procesador_principal,Intel Xeon E-2374G,hilos_procesador,8
Computadores,procesador_principal,Intel Xeon E-2378,nucleos_procesador,8
Computadores,procesador_principal,Intel Xeon E-2378,hilos_procesador,16
Computadores,procesador_principal,Intel Xeon E-2378G,nucleos_procesador,8
Computadores,procesador_principal,Intel Xeon E-2378G,hilos_procesador,16
Computadores,procesador_principal,Intel Xeon E-2386G,nucleos_procesador,6
Computadores,procesador_principal,Intel Xeon E-2386G,hilos_procesador,12
Computadores,procesador_principal,Intel Xeon E-2388G,nucleos_procesador,8
Computadores,procesador_principal,Intel Xeon E-2388G,hilos_procesador,16
Computadores,procesador_principal,Intel Xeon E-2436,nucleos_procesador,6
Computadores,procesador_principal,Intel Xeon E-2436,hilos_procesador,12
Computadores,procesador_principal,Intel Xeon E-2456,nucleos_procesador,6
Computadores,procesador_principal,Intel Xeon E-2456,hilos_procesador,12
Computadores,procesador_principal,Intel Xeon E-2468,nucleos_procesador,8
Computadores,procesador_principal,Intel Xeon E-2468,hilos_procesador,16
Computadores,procesador_principal,Intel Xeon E-2478,nucleos_procesador,8
Computadores,procesador_principal,Intel Xeon E-2478,hilos_procesador,16
Computadores,procesador_principal,Intel Xeon E-2488,nucleos_procesador,8
Computadores,procesador_principal,Intel Xeon E-2488,hilos_procesador,16
Computadores,procesador_principal,Intel Xeon E3-1205 v6,nucleos_procesador,4
Computadores,procesador_principal,Intel Xeon E3-1205 v6,hilos_procesador,4
Computadores,procesador_principal,Intel Xeon E3-1220,nucleos_procesador,4
Computadores,procesador_principal,Intel Xeon E3-1220,hilos_procesador,4
Computadores,procesador_principal,Intel Xeon E3-1220 V2,nucleos_procesador,4
Computadores,procesador_principal,Intel Xeon E3-1220 V2,hilos_procesador,4
Computadores,procesador_principal,Intel Xeon E3-1220 v3,nucleos_procesador,4
Computadores,procesador_principal,Intel Xeon E3-1220 v3,hilos_procesador,4
Computadores,procesador_principal,Intel Xeon E3-1220 v5,nucleos_procesador,4
Computadores,procesador_principal,Intel Xeon E3-1220 v5,hilos_procesador,4
Computadores,procesador_principal,Intel Xeon E3-1220 v6,nucleos_procesador,4
Computadores,procesador_principal,Intel Xeon E3-1220 v6,hilos_procesador,4
Computadores,procesador_principal,Intel Xeon E3-1220L,nucleos_procesador,2
Computadores,procesador_principal,Intel Xeon E3-1220L,hilos_procesador,4
Computadores,procesador_principal,Intel Xeon E3-1220L V2,nucleos_procesador,2
Computadores,procesador_principal,Intel Xeon E3-1220L V2,hilos_procesador,4
Computadores,procesador_principal,Intel Xeon E3-1220L v3,nucleos_procesador,2
Computadores,procesador_principal,Intel Xeon E3-1220L v3,hilos_procesador,4
Computadores,procesador_principal,Intel Xeon E3-1225,nucleos_procesador,4
Computadores,procesador_principal,Intel Xeon E3-1225,hilos_procesador,4
Computadores,procesador_principal,Intel Xeon E3-1225 V2,nucleos_procesador,4
Computadores,procesador_principal,Intel Xeon E3-1225 V2,hilos_procesador,4
Computadores,procesador_principal,Intel Xeon E3-1225 v3,nucleos_procesador,4
Computadores,procesador_principal,Intel Xeon E3-1225 v3,hilos_procesador,4
Computadores,procesador_principal,Intel Xeon E3-1225 v5,nucleos_procesador,4
Computadores,procesador_principal,Intel Xeon E3-1225 v5,hilos_procesador,4
Computadores,procesador_principal,Intel Xeon E3-1225 v6,nucleos_procesador,4
Computadores,procesador_principal,Intel Xeon E3-1225 v6,hilos_procesador,4
Computadores,procesador_principal,Intel Xeon E3-1226 v3,nucleos_procesador,4
Computadores,procesador_principal,Intel Xeon E3-1226 v3,hilos_procesador,4
Computadores,procesador_principal,Intel Xeon E3-1230,nucleos_procesador,4
Computadores,procesador_principal,Intel Xeon E3-1230,hilos_procesador,8
Computadores,procesador_principal,Intel Xeon E3-1230 V2,nucleos_procesador,4
Computadores,procesador_principal,Intel Xeon E3-1230 V2,hilos_procesador,8
Computadores,procesador_principal,Intel Xeon E3-1230 v3,nucleos_procesador,4
Computadores,procesador_principal,Intel Xeon E3-1230 v3,hilos_procesador,8
Computadores,procesador_principal,Intel Xeon E3-1230 v5,nucleos_procesador,4
Computadores,procesador_principal,Intel Xeon E3-1230 v5,hilos_procesador,8
Computadores,procesador_principal,Intel Xeon E3-1230 v6,nucleos_procesador,4
Computadores,procesador_principal,Intel Xeon E3-1230 v6,hilos_procesador,8
Computadores,procesador_principal,Intel Xeon E3-1230L v3,nucleos_procesador,4
Computadores,procesador_principal,Intel Xeon E3-1230L v3,hilos_procesador,8
Computadores,procesador_principal,Intel Xeon E3-1231 v3,nucleos_procesador,4
Computadores,procesador_principal,Intel Xeon E3-1231 v3,hilos_procesador,8
Computadores,procesador_principal,Intel Xeon E3-1235,nucleos_procesador,4
Computadores,procesador_principal,Intel Xeon E3-1235,hilos_procesador,8
Computadores,procesador_principal,Intel Xeon E3-1235L v5,nucleos_procesador,4
Computadores,procesador_principal,Intel Xeon E3-1235L v5,hilos_procesador,4
Computadores,procesador_principal,Intel Xeon E3-1240,nucleos_procesador,4
Computadores,procesador_principal,Intel Xeon E3-1240,hilos_procesador,8
Computadores,procesador_principal,Intel Xeon E3-1240 V2,nucleos_procesador,4
Computadores,procesador_principal,Intel Xeon E3-1240 V2,hilos_procesador,8
Computadores,procesador_principal,Intel Xeon E3-1240 v3,nucleos_procesador,4
Computadores,procesador_principal,Intel Xeon E3-1240 v3,hilos_procesador,8
Computadores,procesador_principal,Intel Xeon E3-1240 v5,nucleos_procesador,4
Computadores,procesador_principal,Intel Xeon E3-1240 v5,hilos_procesador,8
Computadores,procesador_principal,Intel Xeon E3-1240 v6,nucleos_procesador,4
Computadores,procesador_principal,Intel Xeon E3-1240 v6,hilos_procesador,8
Computadores,procesador_principal,Intel Xeon E3-1240L v3,nucleos_procesador,4
Computadores,procesador_principal,Intel Xeon E3-1240L v3,hilos_procesador,8
Computadores,procesador_principal,Intel Xeon E3-1240L v5,nucleos_procesador,4
Computadores,procesador_principal,Intel Xeon E3-1240L v5,hilos_procesador,8
Computadores,procesador_principal,Intel Xeon E3-1241 v3,nucleos_procesador,4
Computadores,procesador_principal,Intel Xeon E3-1241 v3,hilos_procesador,8
Computadores,procesador_principal,Intel Xeon E3-1245,nucleos_procesador,4
Computadores,procesador_principal,Intel Xeon E3-1245,hilos_procesador,8
Computadores,procesador_principal,Intel Xeon E3-1245 V2,nucleos_procesador,4
Computadores,procesador_principal,Intel Xeon E3-1245 V2,hilos_procesador,8
Computadores,procesador_principal,Intel Xeon E3-1245 v3,nucleos_procesador,4
Computadores,procesador_principal,Intel Xeon E3-1245 v3,hilos_procesador,8
Computadores,procesador_principal,Intel Xeon E3-1245 v5,nucleos_procesador,4
Computadores,procesador_principal,Intel Xeon E3-1245 v5,hilos_procesador,8
Computadores,procesador_principal,Intel Xeon E3-1245 v6,nucleos_procesador,4
Computadores,procesador_principal,Intel Xeon E3-1245 v6,hilos_procesador,8
Computadores,procesador_principal,Intel Xeon E3-1246 v3,nucleos_procesador,4
Computadores,procesador_principal,Intel Xeon E3-1246 v3,hilos_procesador,8
Computadores,procesador_principal,Intel Xeon E3-1260L,nucleos_procesador,4
Computadores,procesador_principal,Intel Xeon E3-1260L,hilos_procesador,8
Computadores,procesador_principal,Intel Xeon E3-1260L v5,nucleos_procesador,4
Computadores,procesador_principal,Intel Xeon E3-1260L v5,hilos_procesador,8
Computadores,procesador_principal,Intel Xeon E3-1265L,nucleos_procesador,4
Computadores,procesador_principal,Intel Xeon E3-1265L,hilos_procesador,8
Computadores,procesador_principal,Intel Xeon E3-1265L V2,nucleos_procesador,4
Computadores,procesador_principal,Intel Xeon E3-1265L V2,hilos_procesador,8
Computadores,procesador_principal,Intel Xeon E3-1265L v3,nucleos_procesador,4
Computadores,procesador_principal,Intel Xeon E3-1265L v3,hilos_procesador,8
Computadores,procesador_principal,Intel Xeon E3-1265L v4,nucleos_procesador,4
Computadores,procesador_principal,Intel Xeon E3-1265L v4,hilos_procesador,8
Computadores,procesador_principal,Intel Xeon E3-1268L v3,nucleos_procesador,4
Computadores,procesador_principal,Intel Xeon E3-1268L v3,hilos_procesador,8
Computadores,procesador_principal,Intel Xeon E3-1268L v5,nucleos_procesador,4
Computadores,procesador_principal,Intel Xeon E3-1268L v5,hilos_procesador,8
Computadores,procesador_principal,Intel Xeon E3-1270,nucleos_procesador,4
Computadores,procesador_principal,Intel Xeon E3-1270,hilos_procesador,8
Computadores,procesador_principal,Intel Xeon E3-1270 V2,nucleos_procesador,4
Computadores,procesador_principal,Intel Xeon E3-1270 V2,hilos_procesador,8
Computadores,procesador_principal,Intel Xeon E3-1270 v3,nucleos_procesador,4
Computadores,procesador_principal,Intel Xeon E3-1270 v3,hilos_procesador,8
Computadores,procesador_principal,Intel Xeon E3-1270 v5,nucleos_procesador,4
Computadores,procesador_principal,Intel Xeon E3-1270 v5,hilos_procesador,8
Computadores,procesador_principal,Intel Xeon E3-1270 v6,nucleos_procesador,4
Computadores,procesador_principal,Intel Xeon E3-1270 v6,hilos_procesador,8
Computadores,procesador_principal,Intel Xeon E3-1270L v4,nucleos_procesador,4
Computadores,procesador_principal,Intel Xeon E3-1270L v4,hilos_procesador,8
Computadores,procesador_principal,Intel Xeon E3-1271 v3,nucleos_procesador,4
Computadores,procesador_principal,Intel Xeon E3-1271 v3,hilos_procesador,8
Computadores,procesador_principal,Intel Xeon E3-1275,nucleos_procesador,4
Computadores,procesador_principal,Intel Xeon E3-1275,hilos_procesador,8
Computadores,procesador_principal,Intel Xeon E3-1275 V2,nucleos_procesador,4
Computadores,procesador_principal,Intel Xeon E3-1275 V2,hilos_procesador,8
Computadores,procesador_principal,Intel Xeon E3-1275 v3,nucleos_procesador,4
Computadores,procesador_principal,Intel Xeon E3-1275 v3,hilos_procesador,8
Computadores,procesador_principal,Intel Xeon E3-1275 v5,nucleos_procesador,4
Computadores,procesador_principal,Intel Xeon E3-1275 v5,hilos_procesador,8
Computadores,procesador_principal,Intel Xeon E3-1275 v6,nucleos_procesador,4
Computadores,procesador_principal,Intel Xeon E3-1275 v6,hilos_procesador,8
Computadores,procesador_principal,Intel Xeon E3-1275L v3,nucleos_procesador,4
Computadores,procesador_principal,Intel Xeon E3-1275L v3,hilos_procesador,8
Computadores,procesador_principal,Intel Xeon E3-1276 v3,nucleos_procesador,4
Computadores,procesador_principal,Intel Xeon E3-1276 v3,hilos_procesador,8
Computadores,procesador_principal,Intel Xeon E3-1280,nucleos_procesador,4
Computadores,procesador_principal,Intel Xeon E3-1280,hilos_procesador,8
Computadores,procesador_principal,Intel Xeon E3-1280 V2,nucleos_procesador,4
Computadores,procesador_principal,Intel Xeon E3-1280 V2,hilos_procesador,8
Computadores,procesador_principal,Intel Xeon E3-1280 v3,nucleos_procesador,4
Computadores,procesador_principal,Intel Xeon E3-1280 v3,hilos_procesador,8
Computadores,procesador_principal,Intel Xeon E3-1280 v5,nucleos_procesador,4
Computadores,procesador_principal,Intel Xeon E3-1280 v5,hilos_procesador,8
Computadores,procesador_principal,Intel Xeon E3-1280 v6,nucleos_procesador,4
Computadores,procesador_principal,Intel Xeon E3-1280 v6,hilos_procesador,8
Computadores,procesador_principal,Intel Xeon E3-1281 v3,nucleos_procesador,4
Computadores,procesador_principal,Intel Xeon E3-1281 v3,hilos_procesador,8
Computadores,procesador_principal,Intel Xeon E3-1285 v3,nucleos_procesador,4
Computadores,procesador_principal,Intel Xeon E3-1285 v3,hilos_procesador,8
Computadores,procesador_principal,Intel Xeon E3-1285 v4,nucleos_procesador,4
Computadores,procesador_principal,Intel Xeon E3-1285 v4,hilos_procesador,8
Computadores,procesador_principal,Intel Xeon E3-1285 v6,nucleos_procesador,4
Computadores,procesador_principal,Intel Xeon E3-1285 v6,hilos_procesador,8
Computadores,procesador_principal,Intel Xeon E3-1285L v3,nucleos_procesador,4
Computadores,procesador_principal,Intel Xeon E3-1285L v3,hilos_procesador,8
Computadores,procesador_principal,Intel Xeon E3-1285L v4,nucleos_procesador,4
Computadores,procesador_principal,Intel Xeon E3-1285L v4,hilos_procesador,8
Computadores,procesador_principal,Intel Xeon E3-1286 v3,nucleos_procesador,4
Computadores,procesador_principal,Intel Xeon E3-1286 v3,hilos_procesador,8
Computadores,procesador_principal,Intel Xeon E3-1286L v3,nucleos_procesador,4
Computadores,procesador_principal,Intel Xeon E3-1286L v3,hilos_procesador,8
Computadores,procesador_principal,Intel Xeon E3-1290,nucleos_procesador,4
Computadores,procesador_principal,Intel Xeon E3-1290,hilos_procesador,8
Computadores,procesador_principal,Intel Xeon E3-1290 V2,nucleos_procesador,4
Computadores,procesador_principal,Intel Xeon E3-1290 V2,hilos_procesador,8
Computadores,procesador_principal,Intel Xeon E3-1505L v5,nucleos_procesador,4
Computadores,procesador_principal,Intel Xeon E3-1505L v5,hilos_procesador,8
Computadores,procesador_principal,Intel Xeon E3-1505L v6,nucleos_procesador,4
Computadores,procesador_principal,Intel Xeon E3-1505L v6,hilos_procesador,8
Computadores,procesador_principal,Intel Xeon E3-1505M v5,nucleos_procesador,4
Computadores,procesador_principal,Intel Xeon E3-1505M v5,hilos_procesador,8
Computadores,procesador_principal,Intel Xeon E3-1505M v6,nucleos_procesador,4
Computadores,procesador_principal,Intel Xeon E3-1505M v6,hilos_procesador,8
Computadores,procesador_principal,Intel Xeon E3-1515M v5,nucleos_procesador,4
Computadores,procesador_principal,Intel Xeon E3-1515M v5,hilos_procesador,8
Computadores,procesador_principal,Intel Xeon E3-1535M v5,nucleos_procesador,4
Computadores,procesador_principal,Intel Xeon E3-1535M v5,hilos_procesador,8
Computadores,procesador_principal,Intel Xeon E3-1535M v6,nucleos_procesador,4
Computadores,procesador_principal,Intel Xeon E3-1535M v6,hilos_procesador,8
Computadores,procesador_principal,Intel Xeon E3-1545M v5,nucleos_procesador,4
Computadores,procesador_principal,Intel Xeon E3-1545M v5,hilos_procesador,8
Computadores,procesador_principal,Intel Xeon E3-1575M v5,nucleos_procesador,4
Computadores,procesador_principal,Intel Xeon E3-1575M v5,hilos_procesador,8
Computadores,procesador_principal,Intel Xeon E3-1585 v5,nucleos_procesador,4
Computadores,procesador_principal,Intel Xeon E3-1585 v5,hilos_procesador,8
Computadores,procesador_principal,Intel Xeon E3-1585L v5,nucleos_procesador,4
Computadores,procesador_principal,Intel Xeon E3-1585L v5,hilos_procesador,8
Computadores,procesador_principal,Intel Xeon E3110,nucleos_procesador,2
Computadores,procesador_principal,Intel Xeon E3110,hilos_procesador,2
Computadores,procesador_principal,Intel Xeon E3113,nucleos_procesador,2
Computadores,procesador_principal,Intel Xeon E3113,hilos_procesador,2
Computadores,procesador_principal,Intel Xeon E3120,nucleos_procesador,2
Computadores,procesador_principal,Intel Xeon E3120,hilos_procesador,2
Computadores,procesador_principal,Intel Xeon E5-1410,nucleos_procesador,4
Computadores,procesador_principal,Intel Xeon E5-1410,hilos_procesador,8
Computadores,procesador_principal,Intel Xeon E5-1410 v2,nucleos_procesador,4
Computadores,procesador_principal,Intel Xeon E5-1410 v2,hilos_procesador,8
Computadores,procesador_principal,Intel Xeon E5-1428L v2,nucleos_procesador,6
Computadores,procesador_principal,Intel Xeon E5-1428L v2,hilos_procesador,12
Computadores,procesador_principal,Intel Xeon E5-1603,nucleos_procesador,4
Computadores,procesador_principal,Intel Xeon E5-1603,hilos_procesador,4
Computadores,procesador_principal,Intel Xeon E5-1603 v3,nucleos_procesador,4
Computadores,procesador_principal,Intel Xeon E5-1603 v3,hilos_procesador,4
Computadores,procesador_principal,Intel Xeon E5-1603 v4,nucleos_procesador,4
Computadores,procesador_principal,Intel Xeon E5-1603 v4,hilos_procesador,4
Computadores,procesador_principal,Intel Xeon E5-1607,nucleos_procesador,4
Computadores,procesador_principal,Intel Xeon E5-1607,hilos_procesador,4
Computadores,procesador_principal,Intel Xeon E5-1607 v2,nucleos_procesador,4
Computadores,procesador_principal,Intel Xeon E5-1607 v2,hilos_procesador,4
Computadores,procesador_principal,Intel Xeon E5-1607 v3,nucleos_procesador,4
Computadores,procesador_principal,Intel Xeon E5-1607 v3,hilos_procesador,4
Computadores,procesador_principal,Intel Xeon E5-1607 v4,nucleos_procesador,4
Computadores,procesador_principal,Intel Xeon E5-1607 v4,hilos_procesador,4
Computadores,procesador_principal,Intel Xeon E5-1620,nucleos_procesador,4
Computadores,procesador_principal,Intel Xeon E5-1620,hilos_procesador,8
Computadores,procesador_principal,Intel Xeon E5-1620 v2,nucleos_procesador,4
Computadores,procesador_principal,Intel Xeon E5-1620 v2,hilos_procesador,8
Computadores,procesador_principal,Intel Xeon E5-1620 v3,nucleos_procesador,4
Computadores,procesador_principal,Intel Xeon E5-1620 v3,hilos_procesador,8
Computadores,procesador_principal,Intel Xeon E5-1620 v4,nucleos_procesador,4
Computadores,procesador_principal,Intel Xeon E5-1620 v4,hilos_procesador,8
Computadores,procesador_principal,Intel Xeon E5-1630 v3,nucleos_procesador,4
Computadores,procesador_principal,Intel Xeon E5-1630 v3,hilos_procesador,8
Computadores,procesador_principal,Intel Xeon E5-1630 v4,nucleos_procesador,4
Computadores,procesador_principal,Intel Xeon E5-1630 v4,hilos_procesador,8
Computadores,procesador_principal,Intel Xeon E5-1650,nucleos_procesador,6
Computadores,procesador_principal,Intel Xeon E5-1650,hilos_procesador,12
Computadores,procesador_principal,Intel Xeon E5-1650 v2,nucleos_procesador,6
Computadores,procesador_principal,Intel Xeon E5-1650 v2,hilos_procesador,12
Computadores,procesador_principal,Intel Xeon E5-1650 v3,nucleos_procesador,6
Computadores,procesador_principal,Intel Xeon E5-1650 v3,hilos_procesador,12
Computadores,procesador_principal,Intel Xeon E5-1650 v4,nucleos_procesador,6
Computadores,procesador_principal,Intel Xeon E5-1650 v4,hilos_procesador,12
Computadores,procesador_principal,Intel Xeon E5-1660,nucleos_procesador,6
Computadores,procesador_principal,Intel Xeon E5-1660,hilos_procesador,12
Computadores,procesador_principal,Intel Xeon E5-1660 v2,nucleos_procesador,6
Computadores,procesador_principal,Intel Xeon E5-1660 v2,hilos_procesador,12
Computadores,procesador_principal,Intel Xeon E5-1660 v3,nucleos_procesador,8
Computadores,procesador_principal,Intel Xeon E5-1660 v3,hilos_procesador,16
Computadores,procesador_principal,Intel Xeon E5-1660 v4,nucleos_procesador,8
Computadores,procesador_principal,Intel Xeon E5-1660 v4,hilos_procesador,16
Computadores,procesador_principal,Intel Xeon E5-1680 v2,nucleos_procesador,8
Computadores,procesador_principal,Intel Xeon E5-1680 v2,hilos_procesador,16
Computadores,procesador_principal,Intel Xeon E5-1680 v3,nucleos_procesador,8
Computadores,procesador_principal,Intel Xeon E5-1680 v3,hilos_procesador,16
Computadores,procesador_principal,Intel Xeon E5-1680 v4,nucleos_procesador,8
Computadores,procesador_principal,Intel Xeon E5-1680 v4,hilos_procesador,16
Computadores,procesador_principal,Intel Xeon E5-1681 v3,nucleos_procesador,10
Computadores,procesador_principal,Intel Xeon E5-1681 v3,hilos_procesador,20
Computadores,procesador_principal,Intel Xeon E5-2403,nucleos_procesador,4
Computadores,procesador_principal,Intel Xeon E5-2403,hilos_procesador,4
Computadores,procesador_principal,Intel Xeon E5-2403 v2,nucleos_procesador,4
Computadores,procesador_principal,Intel Xeon E5-2403 v2,hilos_procesador,4
Computadores,procesador_principal,Intel Xeon E5-2407,nucleos_procesador,4
Computadores,procesador_principal,Intel Xeon E5-2407,hilos_procesador,4
Computadores,procesador_principal,Intel Xeon E5-2407 v2,nucleos_procesador,4
Computadores,procesador_principal,Intel Xeon E5-2407 v2,hilos_procesador,4
Computadores,procesador_principal,Intel Xeon E5-2418L,nucleos_procesador,4
Computadores,procesador_principal,Intel Xeon E5-2418L,hilos_procesador,8
Computadores,procesador_principal,Intel Xeon E5-2418L v2,nucleos_procesador,6
Computadores,procesador_principal,Intel Xeon E5-2418L v2,hilos_procesador,12
Computadores,procesador_principal,Intel Xeon E5-2420,nucleos_procesador,6
Computadores,procesador_principal,Intel Xeon E5-2420,hilos_procesador,12
Computadores,procesador_principal,Intel Xeon E5-2420 v2,nucleos_procesador,6
Computadores,procesador_principal,Intel Xeon E5-2420 v2,hilos_procesador,12
Computadores,procesador_principal,Intel Xeon E5-2428L,nucleos_procesador,6
Computadores,procesador_principal,Intel Xeon E5-2428L,hilos_procesador,12
Computadores,procesador_principal,Intel Xeon E5-2430,nucleos_procesador,6
Computadores,procesador_principal,Intel Xeon E5-2430,hilos_procesador,12
Computadores,procesador_principal,Intel Xeon E5-2430 v2,nucleos_procesador,6
Computadores,procesador_principal,Intel Xeon E5-2430 v2,hilos_procesador,12
Computadores,procesador_principal,Intel Xeon E5-2430L,nucleos_procesador,6
Computadores,procesador_principal,Intel Xeon E5-2430L,hilos_procesador,12
Computadores,procesador_principal,Intel Xeon E5-2430L v2,nucleos_procesador,6
Computadores,procesador_principal,Intel Xeon E5-2430L v2,hilos_procesador,12
Computadores,procesador_principal,Intel Xeon E5-2440,nucleos_procesador,6
Computadores,procesador_principal,Intel Xeon E5-2440,hilos_procesador,12
Computadores,procesador_principal,Intel Xeon E5-2440 v2,nucleos_procesador,8
Computadores,procesador_principal,Intel Xeon E5-2440 v2,hilos_procesador,16
Computadores,procesador_principal,Intel Xeon E5-2448L v2,nucleos_procesador,10
Computadores,procesador_principal,Intel Xeon E5-2448L v2,hilos_procesador,20
Computadores,procesador_principal,Intel Xeon E5-2450,nucleos_procesador,8
Computadores,procesador_principal,Intel Xeon E5-2450,hilos_procesador,16
Computadores,procesador_principal,Intel Xeon E5-2450 v2,nucleos_procesador,8
Computadores,procesador_principal,Intel Xeon E5-2450 v2,hilos_procesador,16
Computadores,procesador_principal,Intel Xeon E5-2450L,nucleos_procesador,8
Computadores,procesador_principal,Intel Xeon E5-2450L,hilos_procesador,16
Computadores,procesador_principal,Intel Xeon E5-2470,nucleos_procesador,8
Computadores,procesador_principal,Intel Xeon E5-2470,hilos_procesador,16
Computadores,procesador_principal,Intel Xeon E5-2470 v2,nucleos_procesador,10
Computadores,procesador_principal,Intel Xeon E5-2470 v2,hilos_procesador,20
Computadores,procesador_principal,Intel Xeon E5-2603,nucleos_procesador,4
Computadores,procesador_principal,Intel Xeon E5-2603,hilos_procesador,4
Computadores,procesador_principal,Intel Xeon E5-2603 v2,nucleos_procesador,4
Computadores,procesador_principal,Intel Xeon E5-2603 v2,hilos_procesador,4
Computadores,procesador_principal,Intel Xeon E5-2603 v3,nucleos_procesador,6
Computadores,procesador_principal,Intel Xeon E5-2603 v3,hilos_procesador,6
Computadores,procesador_principal,Intel Xeon E5-2603 v4,nucleos_procesador,6
Computadores,procesador_principal,Intel Xeon E5-2603 v4,hilos_procesador,6
Computadores,procesador_principal,Intel Xeon E5-2608L v3,nucleos_procesador,6
Computadores,procesador_principal,Intel Xeon E5-2608L v3,hilos_procesador,12
Computadores,procesador_principal,Intel Xeon E5-2608L v4,nucleos_procesador,8
Computadores,procesador_principal,Intel Xeon E5-2608L v4,hilos_procesador,16
Computadores,procesador_principal,Intel Xeon E5-2609,nucleos_procesador,4
Computadores,procesador_principal,Intel Xeon E5-2609,hilos_procesador,4
Computadores,procesador_principal,Intel Xeon E5-2609 v2,nucleos_procesador,4
Computadores,procesador_principal,Intel Xeon E5-2609 v2,hilos_procesador,4
Computadores,procesador_principal,Intel Xeon E5-2609 v3,nucleos_procesador,6
Computadores,procesador_principal,Intel Xeon E5-2609 v3,hilos_procesador,6
Computadores,procesador_principal,Intel Xeon E5-2609 v4,nucleos_procesador,8
Computadores,procesador_principal,Intel Xeon E5-2609 v4,hilos_procesador,8
Computadores,procesador_principal,Intel Xeon E5-2618L v3,nucleos_procesador,8
Computadores,procesador_principal,Intel Xeon E5-2618L v3,hilos_procesador,16
Computadores,procesador_principal,Intel Xeon E5-2618L v4,nucleos_procesador,10
Computadores,procesador_principal,Intel Xeon E5-2618L v4,hilos_procesador,20
Computadores,procesador_principal,Intel Xeon E5-2620,nucleos_procesador,6
Computadores,procesador_principal,Intel Xeon E5-2620,hilos_procesador,12
Computadores,procesador_principal,Intel Xeon E5-2620 v2,nucleos_procesador,6
Computadores,procesador_principal,Intel Xeon E5-2620 v2,hilos_procesador,12
Computadores,procesador_principal,Intel Xeon E5-2620 v3,nucleos_procesador,6
Computadores,procesador_principal,Intel Xeon E5-2620 v3,hilos_procesador,12
Computadores,procesador_principal,Intel Xeon E5-2620 v4,nucleos_procesador,8
Computadores,procesador_principal,Intel Xeon E5-2620 v4,hilos_procesador,16
Computadores,procesador_principal,Intel Xeon E5-2623 v3,nucleos_procesador,4
Computadores,procesador_principal,Intel Xeon E5-2623 v3,hilos_procesador,8
Computadores,procesador_principal,Intel Xeon E5-2623 v4,nucleos_procesador,4
Computadores,procesador_principal,Intel Xeon E5-2623 v4,hilos_procesador,8
Computadores,procesador_principal,Intel Xeon E5-2628 v3,nucleos_procesador,8
Computadores,procesador_principal,Intel Xeon E5-2628 v3,hilos_procesador,8
Computadores,procesador_principal,Intel Xeon E5-2628L v2,nucleos_procesador,8
Computadores,procesador_principal,Intel Xeon E5-2628L v2,hilos_procesador,16
Computadores,procesador_principal,Intel Xeon E5-2628L v3,nucleos_procesador,10
Computadores,procesador_principal,Intel Xeon E5-2628L v3,hilos_procesador,20
Computadores,procesador_principal,Intel Xeon E5-2628L v4,nucleos_procesador,12
Computadores,procesador_principal,Intel Xeon E5-2628L v4,hilos_procesador,24
Computadores,procesador_principal,Intel Xeon E5-2629 v3,nucleos_procesador,8
Computadores,procesador_principal,Intel Xeon E5-2629 v3,hilos_procesador,16
Computadores,procesador_principal,Intel Xeon E5-2630,nucleos_procesador,6
Computadores,procesador_principal,Intel Xeon E5-2630,hilos_procesador,12
Computadores,procesador_principal,Intel Xeon E5-2630 v2,nucleos_procesador,6
Computadores,procesador_principal,Intel Xeon E5-2630 v2,hilos_procesador,12
Computadores,procesador_principal,Intel Xeon E5-2630 v3,nucleos_procesador,8
Computadores,procesador_principal,Intel Xeon E5-2630 v3,hilos_procesador,16
Computadores,procesador_principal,Intel Xeon E5-2630 v4,nucleos_procesador,10
Computadores,procesador_principal,Intel Xeon E5-2630 v4,hilos_procesador,20
Computadores,procesador_principal,Intel Xeon E5-2630L,nucleos_procesador,6
Computadores,procesador_principal,Intel Xeon E5-2630L,hilos_procesador,12
Computadores,procesador_principal,Intel Xeon E5-2630L v2,nucleos_procesador,6
Computadores,procesador_principal,Intel Xeon E5-2630L v2,hilos_procesador,12
Computadores,procesador_principal,Intel Xeon E5-2630L v3,nucleos_procesador,8
Computadores,procesador_principal,Intel Xeon E5-2630L v3,hilos_procesador,16
Computadores,procesador_principal,Intel Xeon E5-2630L v4,nucleos_procesador,10
Computadores,procesador_principal,Intel Xeon E5-2630L v4,hilos_procesador,20
Computadores,procesador_principal,Intel Xeon E5-2637,nucleos_procesador,2
Computadores,procesador_principal,Intel Xeon E5-2637,hilos_procesador,4
Computadores,procesador_principal,Intel Xeon E5-2637 v2,nucleos_procesador,4
Computadores,procesador_principal,Intel Xeon E5-2637 v2,hilos_procesador,8
Computadores,procesador_principal,Intel Xeon E5-2637 v3,nucleos_procesador,4
Computadores,procesador_principal,Intel Xeon E5-2637 v3,hilos_procesador,8
Computadores,procesador_principal,Intel Xeon E5-2637 v4,nucleos_procesador,4
Computadores,procesador_principal,Intel Xeon E5-2637 v4,hilos_procesador,8
Computadores,procesador_principal,Intel Xeon E5-2640,nucleos_procesador,6
Computadores,procesador_principal,Intel Xeon E5-2640,hilos_procesador,12
Computadores,procesador_principal,Intel Xeon E5-2640 v2,nucleos_procesador,8
Computadores,procesador_principal,Intel Xeon E5-2640 v2,hilos_procesador,16
Computadores,procesador_principal,Intel Xeon E5-2640 v3,nucleos_procesador,8
Computadores,procesador_principal,Intel Xeon E5-2640 v3,hilos_procesador,16
Computadores,procesador_principal,Intel Xeon E5-2640 v4,nucleos_procesador,10
Computadores,procesador_principal,Intel Xeon E5-2640 v4,hilos_procesador,20
Computadores,procesador_principal,Intel Xeon E5-2643,nucleos_procesador,4
Computadores,procesador_principal,Intel Xeon E5-2643,hilos_procesador,8
Computadores,procesador_principal,Intel Xeon E5-2643 v2,nucleos_procesador,6
Computadores,procesador_principal,Intel Xeon E5-2643 v2,hilos_procesador,12
Computadores,procesador_principal,Intel Xeon E5-2643 v3,nucleos_procesador,6
Computadores,procesador_principal,Intel Xeon E5-2643 v3,hilos_procesador,12
Computadores,procesador_principal,Intel Xeon E5-2643 v4,nucleos_procesador,6
Computadores,procesador_principal,Intel Xeon E5-2643 v4,hilos_procesador,12
Computadores,procesador_principal,Intel Xeon E5-2648L,nucleos_procesador,8
Computadores,procesador_principal,Intel Xeon E5-2648L,hilos_procesador,16
Computadores,procesador_principal,Intel Xeon E5-2648L v2,nucleos_procesador,10
Computadores,procesador_principal,Intel Xeon E5-2648L v2,hilos_procesador,20
Computadores,procesador_principal,Intel Xeon E5-2648L v3,nucleos_procesador,12
Computadores,procesador_principal,Intel Xeon E5-2648L v3,hilos_procesador,24
Computadores,procesador_principal,Intel Xeon E5-2648L v4,nucleos_procesador,14
Computadores,procesador_principal,Intel Xeon E5-2648L v4,hilos_procesador,28
Computadores,procesador_principal,Intel Xeon E5-2649 v3,nucleos_procesador,10
Computadores,procesador_principal,Intel Xeon E5-2649 v3,hilos_procesador,20
Computadores,procesador_principal,Intel Xeon E5-2650,nucleos_procesador,8
Computadores,procesador_principal,Intel Xeon E5-2650,hilos_procesador,16
Computadores,procesador_principal,Intel Xeon E5-2650 v2,nucleos_procesador,8
Computadores,procesador_principal,Intel Xeon E5-2650 v2,hilos_procesador,16
Computadores,procesador_principal,Intel Xeon E5-2650 v3,nucleos_procesador,10
Computadores,procesador_principal,Intel Xeon E5-2650 v3,hilos_procesador,20
Computadores,procesador_principal,Intel Xeon E5-2650 v4,nucleos_procesador,12
Computadores,procesador_principal,Intel Xeon E5-2650 v4,hilos_procesador,24
Computadores,procesador_principal,Intel Xeon E5-2650L,nucleos_procesador,8
Computadores,procesador_principal,Intel Xeon E5-2650L,hilos_procesador,16
Computadores,procesador_principal,Intel Xeon E5-2650L v2,nucleos_procesador,10
Computadores,procesador_principal,Intel Xeon E5-2650L v2,hilos_procesador,20
Computadores,procesador_principal,Intel Xeon E5-2650L v3,nucleos_procesador,12
Computadores,procesador_principal,Intel Xeon E5-2650L v3,hilos_procesador,24
Computadores,procesador_principal,Intel Xeon E5-2650L v4,nucleos_procesador,14
Computadores,procesador_principal,Intel Xeon E5-2650L v4,hilos_procesador,28
Computadores,procesador_principal,Intel Xeon E5-2651 v2,nucleos_procesador,12
Computadores,procesador_principal,Intel Xeon E5-2651 v2,hilos_procesador,24
Computadores,procesador_principal,Intel Xeon E5-2658,nucleos_procesador,8
Computadores,procesador_principal,Intel Xeon E5-2658,hilos_procesador,16
Computadores,procesador_principal,Intel Xeon E5-2658 v2,nucleos_procesador,10
Computadores,procesador_principal,Intel Xeon E5-2658 v2,hilos_procesador,20
Computadores,procesador_principal,Intel Xeon E5-2658 v3,nucleos_procesador,12
Computadores,procesador_principal,Intel Xeon E5-2658 v3,hilos_procesador,24
Computadores,procesador_principal,Intel Xeon E5-2658 v4,nucleos_procesador,14
Computadores,procesador_principal,Intel Xeon E5-2658 v4,hilos_procesador,28
Computadores,procesador_principal,Intel Xeon E5-2658A v3,nucleos_procesador,12
Computadores,procesador_principal,Intel Xeon E5-2658A v3,hilos_procesador,24
Computadores,procesador_principal,Intel Xeon E5-2660,nucleos_procesador,8
Computadores,procesador_principal,Intel Xeon E5-2660,hilos_procesador,16
Computadores,procesador_principal,Intel Xeon E5-2660 v2,nucleos_procesador,10
Computadores,procesador_principal,Intel Xeon E5-2660 v2,hilos_procesador,20
Computadores,procesador_principal,Intel Xeon E5-2660 v3,nucleos_procesador,10
Computadores,procesador_principal,Intel Xeon E5-2660 v3,hilos_procesador,20
Computadores,procesador_principal,Intel Xeon E5-2660 v4,nucleos_procesador,14
Computadores,procesador_principal,Intel Xeon E5-2660 v4,hilos_procesador,28
Computadores,procesador_principal,Intel Xeon E5-2663 v3,nucleos_procesador,10
Computadores,procesador_principal,Intel Xeon E5-2663 v3,hilos_procesador,10
Computadores,procesador_principal,Intel Xeon E5-2665,nucleos_procesador,8
Computadores,procesador_principal,Intel Xeon E5-2665,hilos_procesador,16
Computadores,procesador_principal,Intel Xeon E5-2666 v3,nucleos_procesador,10
Computadores,procesador_principal,Intel Xeon E5-2666 v3,hilos_procesador,20
Computadores,procesador_principal,Intel Xeon E5-2667,nucleos_procesador,6
Computadores,procesador_principal,Intel Xeon E5-2667,hilos_procesador,12
Computadores,procesador_principal,Intel Xeon E5-2667 v2,nucleos_procesador,8
Computadores,procesador_principal,Intel Xeon E5-2667 v2,hilos_procesador,16
Computadores,procesador_principal,Intel Xeon E5-2667 v3,nucleos_procesador,8
Computadores,procesador_principal,Intel Xeon E5-2667 v3,hilos_procesador,16
Computadores,procesador_principal,Intel Xeon E5-2667 v4,nucleos_procesador,8
Computadores,procesador_principal,Intel Xeon E5-2667 v4,hilos_procesador,16
Computadores,procesador_principal,Intel Xeon E5-2669 v3,nucleos_procesador,12
Computadores,procesador_principal,Intel Xeon E5-2669 v3,hilos_procesador,24
Computadores,procesador_principal,Intel Xeon E5-2670,nucleos_procesador,8
Computadores,procesador_principal,Intel Xeon E5-2670,hilos_procesador,16
Computadores,procesador_principal,Intel Xeon E5-2670 v2,nucleos_procesador,10
Computadores,procesador_principal,Intel Xeon E5-2670 v2,hilos_procesador,20
Computadores,procesador_principal,Intel Xeon E5-2670 v3,nucleos_procesador,12
Computadores,procesador_principal,Intel Xeon E5-2670 v3,hilos_procesador,24
Computadores,procesador_principal,Intel Xeon E5-2673 v2,nucleos_procesador,8
Computadores,procesador_principal,Intel Xeon E5-2673 v2,hilos_procesador,16
Computadores,procesador_principal,Intel Xeon E5-2673 v3,nucleos_procesador,12
Computadores,procesador_principal,Intel Xeon E5-2673 v3,hilos_procesador,24
Computadores,procesador_principal,Intel Xeon E5-2673 v4,nucleos_procesador,20
Computadores,procesador_principal,Intel Xeon E5-2673 v4,hilos_procesador,40
Computadores,procesador_principal,Intel Xeon E5-2675 v3,nucleos_procesador,16
Computadores,procesador_principal,Intel Xeon E5-2675 v3,hilos_procesador,32
Computadores,procesador_principal,Intel Xeon E5-2676 v3,nucleos_procesador,12
Computadores,procesador_principal,Intel Xeon E5-2676 v3,hilos_procesador,24
Computadores,procesador_principal,Intel Xeon E5-2676 v4,nucleos_procesador,16
Computadores,procesador_principal,Intel Xeon E5-2676 v4,hilos_procesador,32
Computadores,procesador_principal,Intel Xeon E5-2678 v3,nucleos_procesador,12
Computadores,procesador_principal,Intel Xeon E5-2678 v3,hilos_procesador,24
Computadores,procesador_principal,Intel Xeon E5-2679 v4,nucleos_procesador,20
Computadores,procesador_principal,Intel Xeon E5-2679 v4,hilos_procesador,40
Computadores,procesador_principal,Intel Xeon E5-2680,nucleos_procesador,8
Computadores,procesador_principal,Intel Xeon E5-2680,hilos_procesador,16
Computadores,procesador_principal,Intel Xeon E5-2680 v2,nucleos_procesador,10
Computadores,procesador_principal,Intel Xeon E5-2680 v2,hilos_procesador,20
Computadores,procesador_principal,Intel Xeon E5-2680 v3,nucleos_procesador,12
Computadores,procesador_principal,Intel Xeon E5-2680 v3,hilos_procesador,24
Computadores,procesador_principal,Intel Xeon E5-2680 v4,nucleos_procesador,14
Computadores,procesador_principal,Intel Xeon E5-2680 v4,hilos_procesador,28
Computadores,procesador_principal,Intel Xeon E5-2680R v4,nucleos_procesador,14
Computadores,procesador_principal,Intel Xeon E5-2680R v4,hilos_procesador,28
Computadores,procesador_principal,Intel Xeon E5-2682 v4,nucleos_procesador,16
Computadores,procesador_principal,Intel Xeon E5-2682 v4,hilos_procesador,32
Computadores,procesador_principal,Intel Xeon E5-2683 v3,nucleos_procesador,14
Computadores,procesador_principal,Intel Xeon E5-2683 v3,hilos_procesador,28
Computadores,procesador_principal,Intel Xeon E5-2683 v4,nucleos_procesador,16
Computadores,procesador_principal,Intel Xeon E5-2683 v4,hilos_procesador,32
Computadores,procesador_principal,Intel Xeon E5-2685 v3,nucleos_procesador,12
Computadores,procesador_principal,Intel Xeon E5-2685 v3,hilos_procesador,12
Computadores,procesador_principal,Intel Xeon E5-2686 v3,nucleos_procesador,18
Computadores,procesador_principal,Intel Xeon E5-2686 v3,hilos_procesador,36
Computadores,procesador_principal,Intel Xeon E5-2686 v4,nucleos_procesador,18
Computadores,procesador_principal,Intel Xeon E5-2686 v4,hilos_procesador,36
Computadores,procesador_principal,Intel Xeon E5-2687W,nucleos_procesador,8
Computadores,procesador_principal,Intel Xeon E5-2687W,hilos_procesador,16
Computadores,procesador_principal,Intel Xeon E5-2687W v2,nucleos_procesador,8
Computadores,procesador_principal,Intel Xeon E5-2687W v2,hilos_procesador,16
Computadores,procesador_principal,Intel Xeon E5-2687W v3,nucleos_procesador,10
Computadores,procesador_principal,Intel Xeon E5-2687W v3,hilos_procesador,20
Computadores,procesador_principal,Intel Xeon E5-2687W v4,nucleos_procesador,12
Computadores,procesador_principal,Intel Xeon E5-2687W v4,hilos_procesador,24
Computadores,procesador_principal,Intel Xeon E5-2689,nucleos_procesador,8
Computadores,procesador_principal,Intel Xeon E5-2689,hilos_procesador,16
Computadores,procesador_principal,Intel Xeon E5-2689 v4,nucleos_procesador,10
Computadores,procesador_principal,Intel Xeon E5-2689 v4,hilos_procesador,20
Computadores,procesador_principal,Intel Xeon E5-2690,nucleos_procesador,8
Computadores,procesador_principal,Intel Xeon E5-2690,hilos_procesador,16
Computadores,procesador_principal,Intel Xeon E5-2690 v2,nucleos_procesador,10
Computadores,procesador_principal,Intel Xeon E5-2690 v2,hilos_procesador,20
Computadores,procesador_principal,Intel Xeon E5-2690 v3,nucleos_procesador,12
Computadores,procesador_principal,Intel Xeon E5-2690 v3,hilos_procesador,24
Computadores,procesador_principal,Intel Xeon E5-2690 v4,nucleos_procesador,14
Computadores,procesador_principal,Intel Xeon E5-2690 v4,hilos_procesador,28
Computadores,procesador_principal,Intel Xeon E5-2692 v2,nucleos_procesador,12
Computadores,procesador_principal,Intel Xeon E5-2692 v2,hilos_procesador,24
Computadores,procesador_principal,Intel Xeon E5-2695 v2,nucleos_procesador,12
Computadores,procesador_principal,Intel Xeon E5-2695 v2,hilos_procesador,24
Computadores,procesador_principal,Intel Xeon E5-2695 v3,nucleos_procesador,14
Computadores,procesador_principal,Intel Xeon E5-2695 v3,hilos_procesador,28
Computadores,procesador_principal,Intel Xeon E5-2695 v4,nucleos_procesador,18
Computadores,procesador_principal,Intel Xeon E5-2695 v4,hilos_procesador,36
Computadores,procesador_principal,Intel Xeon E5-2696 v2,nucleos_procesador,12
Computadores,procesador_principal,Intel Xeon E5-2696 v2,hilos_procesador,24
Computadores,procesador_principal,Intel Xeon E5-2696 v3,nucleos_procesador,18
Computadores,procesador_principal,Intel Xeon E5-2696 v3,hilos_procesador,36
Computadores,procesador_principal,Intel Xeon E5-2696 v4,nucleos_procesador,22
Computadores,procesador_principal,Intel Xeon E5-2696 v4,hilos_procesador,44
Computadores,procesador_principal,Intel Xeon E5-2697 v2,nucleos_procesador,12
Computadores,procesador_principal,Intel Xeon E5-2697 v2,hilos_procesador,24
Computadores,procesador_principal,Intel Xeon E5-2697 v3,nucleos_procesador,14
Computadores,procesador_principal,Intel Xeon E5-2697 v3,hilos_procesador,28
Computadores,procesador_principal,Intel Xeon E5-2697 v4,nucleos_procesador,18
Computadores,procesador_principal,Intel Xeon E5-2697 v4,hilos_procesador,36
Computadores,procesador_principal,Intel Xeon E5-2697A v4,nucleos_procesador,16
Computadores,procesador_principal,Intel Xeon E5-2697A v4,hilos_procesador,32
Computadores,procesador_principal,Intel Xeon E5-2697R v4,nucleos_procesador,18
Computadores,procesador_principal,Intel Xeon E5-2697R v4,hilos_procesador,36
Computadores,procesador_principal,Intel Xeon E5-2698 v3,nucleos_procesador,16
Computadores,procesador_principal,Intel Xeon E5-2698 v3,hilos_procesador,32
Computadores,procesador_principal,Intel Xeon E5-2698 v4,nucleos_procesador,20
Computadores,procesador_principal,Intel Xeon E5-2698 v4,hilos_procesador,40
Computadores,procesador_principal,Intel Xeon E5-2698B v3,nucleos_procesador,16
Computadores,procesador_principal,Intel Xeon E5-2698B v3,hilos_procesador,32
Computadores,procesador_principal,Intel Xeon E5-2698R v4,nucleos_procesador,20
Computadores,procesador_principal,Intel Xeon E5-2698R v4,hilos_procesador,40
Computadores,procesador_principal,Intel Xeon E5-2699 v3,nucleos_procesador,18
Computadores,procesador_principal,Intel Xeon E5-2699 v3,hilos_procesador,36
Computadores,procesador_principal,Intel Xeon E5-2699 v4,nucleos_procesador,22
Computadores,procesador_principal,Intel Xeon E5-2699 v4,hilos_procesador,44
Computadores,procesador_principal,Intel Xeon E5-2699A v4,nucleos_procesador,22
Computadores,procesador_principal,Intel Xeon E5-2699A v4,hilos_procesador,44
Computadores,procesador_principal,Intel Xeon E5-2699C v4,nucleos_procesador,22
Computadores,procesador_principal,Intel Xeon E5-2699C v4,hilos_procesador,44
Computadores,procesador_principal,Intel Xeon E5-4603,nucleos_procesador,4
Computadores,procesador_principal,Intel Xeon E5-4603,hilos_procesador,8
Computadores,procesador_principal,Intel Xeon E5-4607 v2,nucleos_procesador,6
Computadores,procesador_principal,Intel Xeon E5-4607 v2,hilos_procesador,12
Computadores,procesador_principal,Intel Xeon E5-4610,nucleos_procesador,6
Computadores,procesador_principal,Intel Xeon E5-4610,hilos_procesador,12
Computadores,procesador_principal,Intel Xeon E5-4610 v3,nucleos_procesador,10
Computadores,procesador_principal,Intel Xeon E5-4610 v3,hilos_procesador,20
Computadores,procesador_principal,Intel Xeon E5-4610 v4,nucleos_procesador,10
Computadores,procesador_principal,Intel Xeon E5-4610 v4,hilos_procesador,20
Computadores,procesador_principal,Intel Xeon E5-4617,nucleos_procesador,6
Computadores,procesador_principal,Intel Xeon E5-4617,hilos_procesador,6
Computadores,procesador_principal,Intel Xeon E5-4620,nucleos_procesador,8
Computadores,procesador_principal,Intel Xeon E5-4620,hilos_procesador,16
Computadores,procesador_principal,Intel Xeon E5-4620 v2,nucleos_procesador,8
Computadores,procesador_principal,Intel Xeon E5-4620 v2,hilos_procesador,16
Computadores,procesador_principal,Intel Xeon E5-4620 v3,nucleos_procesador,10
Computadores,procesador_principal,Intel Xeon E5-4620 v3,hilos_procesador,20
Computadores,procesador_principal,Intel Xeon E5-4627 v2,nucleos_procesador,8
Computadores,procesador_principal,Intel Xeon E5-4627 v2,hilos_procesador,8
Computadores,procesador_principal,Intel Xeon E5-4627 v3,nucleos_procesador,10
Computadores,procesador_principal,Intel Xeon E5-4627 v3,hilos_procesador,10
Computadores,procesador_principal,Intel Xeon E5-4627 v4,nucleos_procesador,10
Computadores,procesador_principal,Intel Xeon E5-4627 v4,hilos_procesador,10
Computadores,procesador_principal,Intel Xeon E5-4628L v4,nucleos_procesador,14
Computadores,procesador_principal,Intel Xeon E5-4628L v4,hilos_procesador,28
Computadores,procesador_principal,Intel Xeon E5-4640,nucleos_procesador,8
Computadores,procesador_principal,Intel Xeon E5-4640,hilos_procesador,16
Computadores,procesador_principal,Intel Xeon E5-4640 v2,nucleos_procesador,10
Computadores,procesador_principal,Intel Xeon E5-4640 v2,hilos_procesador,20
Computadores,procesador_principal,Intel Xeon E5-4640 v3,nucleos_procesador,12
Computadores,procesador_principal,Intel Xeon E5-4640 v3,hilos_procesador,24
Computadores,procesador_principal,Intel Xeon E5-4640 v4,nucleos_procesador,12
Computadores,procesador_principal,Intel Xeon E5-4640 v4,hilos_procesador,24
Computadores,procesador_principal,Intel Xeon E5-4648 v3,nucleos_procesador,12
Computadores,procesador_principal,Intel Xeon E5-4648 v3,hilos_procesador,24
Computadores,procesador_principal,Intel Xeon E5-4650,nucleos_procesador,8
Computadores,procesador_principal,Intel Xeon E5-4650,hilos_procesador,16
Computadores,procesador_principal,Intel Xeon E5-4650 v2,nucleos_procesador,10
Computadores,procesador_principal,Intel Xeon E5-4650 v2,hilos_procesador,20
Computadores,procesador_principal,Intel Xeon E5-4650 v3,nucleos_procesador,12
Computadores,procesador_principal,Intel Xeon E5-4650 v3,hilos_procesador,24
Computadores,procesador_principal,Intel Xeon E5-4650 v4,nucleos_procesador,14
Computadores,procesador_principal,Intel Xeon E5-4650 v4,hilos_procesador,28
Computadores,procesador_principal,Intel Xeon E5-4650L,nucleos_procesador,8
Computadores,procesador_principal,Intel Xeon E5-4650L,hilos_procesador,16
Computadores,procesador_principal,Intel Xeon E5-4655 v3,nucleos_procesador,6
Computadores,procesador_principal,Intel Xeon E5-4655 v3,hilos_procesador,12
Computadores,procesador_principal,Intel Xeon E5-4655 v4,nucleos_procesador,8
Computadores,procesador_principal,Intel Xeon E5-4655 v4,hilos_procesador,16
Computadores,procesador_principal,Intel Xeon E5-4657L v2,nucleos_procesador,12
Computadores,procesador_principal,Intel Xeon E5-4657L v2,hilos_procesador,24
Computadores,procesador_principal,Intel Xeon E5-4660 v3,nucleos_procesador,14
Computadores,procesador_principal,Intel Xeon E5-4660 v3,hilos_procesador,28
Computadores,procesador_principal,Intel Xeon E5-4660 v4,nucleos_procesador,16
Computadores,procesador_principal,Intel Xeon E5-4660 v4,hilos_procesador,32
Computadores,procesador_principal,Intel Xeon E5-4667 v3,nucleos_procesador,16
Computadores,procesador_principal,Intel Xeon E5-4667 v3,hilos_procesador,32
Computadores,procesador_principal,Intel Xeon E5-4667 v4,nucleos_procesador,18
Computadores,procesador_principal,Intel Xeon E5-4667 v4,hilos_procesador,36
Computadores,procesador_principal,Intel Xeon E5-4669 v3,nucleos_procesador,18
Computadores,procesador_principal,Intel Xeon E5-4669 v3,hilos_procesador,36
Computadores,procesador_principal,Intel Xeon E5-4669 v4,nucleos_procesador,22
Computadores,procesador_principal,Intel Xeon E5-4669 v4,hilos_procesador,44
Computadores,procesador_principal,Intel Xeon E5205,nucleos_procesador,2
Computadores,procesador_principal,Intel Xeon E5205,hilos_procesador,2
Computadores,procesador_principal,Intel Xeon E5240,nucleos_procesador,2
Computadores,procesador_principal,Intel Xeon E5240,hilos_procesador,2
Computadores,procesador_principal,Intel Xeon E5310,nucleos_procesador,4
Computadores,procesador_principal,Intel Xeon E5310,hilos_procesador,4
Computadores,procesador_principal,Intel Xeon E5320,nucleos_procesador,4
Computadores,procesador_principal,Intel Xeon E5320,hilos_procesador,4
Computadores,procesador_principal,Intel Xeon E5335,nucleos_procesador,4
Computadores,procesador_principal,Intel Xeon E5335,hilos_procesador,4
Computadores,procesador_principal,Intel Xeon E5345,nucleos_procesador,4
Computadores,procesador_principal,Intel Xeon E5345,hilos_procesador,4
Computadores,procesador_principal,Intel Xeon E5405,nucleos_procesador,4
Computadores,procesador_principal,Intel Xeon E5405,hilos_procesador,4
Computadores,procesador_principal,Intel Xeon E5410,nucleos_procesador,4
Computadores,procesador_principal,Intel Xeon E5410,hilos_procesador,4
Computadores,procesador_principal,Intel Xeon E5420,nucleos_procesador,4
Computadores,procesador_principal,Intel Xeon E5420,hilos_procesador,4
Computadores,procesador_principal,Intel Xeon E5430,nucleos_procesador,4
Computadores,procesador_principal,Intel Xeon E5430,hilos_procesador,4
Computadores,procesador_principal,Intel Xeon E5440,nucleos_procesador,4
Computadores,procesador_principal,Intel Xeon E5440,hilos_procesador,4
Computadores,procesador_principal,Intel Xeon E5450,nucleos_procesador,4
Computadores,procesador_principal,Intel Xeon E5450,hilos_procesador,4
Computadores,procesador_principal,Intel Xeon E5462,nucleos_procesador,4
Computadores,procesador_principal,Intel Xeon E5462,hilos_procesador,4
Computadores,procesador_principal,Intel Xeon E5472,nucleos_procesador,4
Computadores,procesador_principal,Intel Xeon E5472,hilos_procesador,4
Computadores,procesador_principal,Intel Xeon E5502,nucleos_procesador,2
Computadores,procesador_principal,Intel Xeon E5502,hilos_procesador,2
Computadores,procesador_principal,Intel Xeon E5503,nucleos_procesador,2
Computadores,procesador_principal,Intel Xeon E5503,hilos_procesador,2
Computadores,procesador_principal,Intel Xeon E5504,nucleos_procesador,4
Computadores,procesador_principal,Intel Xeon E5504,hilos_procesador,4
Computadores,procesador_principal,Intel Xeon E5506,nucleos_procesador,4
Computadores,procesador_principal,Intel Xeon E5506,hilos_procesador,4
Computadores,procesador_principal,Intel Xeon E5507,nucleos_procesador,4
Computadores,procesador_principal,Intel Xeon E5507,hilos_procesador,4
Computadores,procesador_principal,Intel Xeon E5520,nucleos_procesador,4
Computadores,procesador_principal,Intel Xeon E5520,hilos_procesador,8
Computadores,procesador_principal,Intel Xeon E5530,nucleos_procesador,4
Computadores,procesador_principal,Intel Xeon E5530,hilos_procesador,8
Computadores,procesador_principal,Intel Xeon E5540,nucleos_procesador,4
Computadores,procesador_principal,Intel Xeon E5540,hilos_procesador,8
Computadores,procesador_principal,Intel Xeon E5603,nucleos_procesador,4
Computadores,procesador_principal,Intel Xeon E5603,hilos_procesador,4
Computadores,procesador_principal,Intel Xeon E5606,nucleos_procesador,4
Computadores,procesador_principal,Intel Xeon E5606,hilos_procesador,4
Computadores,procesador_principal,Intel Xeon E5607,nucleos_procesador,4
Computadores,procesador_principal,Intel Xeon E5607,hilos_procesador,4
Computadores,procesador_principal,Intel Xeon E5620,nucleos_procesador,4
Computadores,procesador_principal,Intel Xeon E5620,hilos_procesador,8
Computadores,procesador_principal,Intel Xeon E5630,nucleos_procesador,4
Computadores,procesador_principal,Intel Xeon E5630,hilos_procesador,8
Computadores,procesador_principal,Intel Xeon E5640,nucleos_procesador,4
Computadores,procesador_principal,Intel Xeon E5640,hilos_procesador,8
Computadores,procesador_principal,Intel Xeon E5645,nucleos_procesador,6
Computadores,procesador_principal,Intel Xeon E5645,hilos_procesador,12
Computadores,procesador_principal,Intel Xeon E5649,nucleos_procesador,6
Computadores,procesador_principal,Intel Xeon E5649,hilos_procesador,12
Computadores,procesador_principal,Intel Xeon E7- 2830,nucleos_procesador,4
Computadores,procesador_principal,Intel Xeon E7- 2830,hilos_procesador,4
Computadores,procesador_principal,Intel Xeon E7- 4807,nucleos_procesador,6
Computadores,procesador_principal,Intel Xeon E7- 4807,hilos_procesador,12
Computadores,procesador_principal,Intel Xeon E7- 4860,nucleos_procesador,10
Computadores,procesador_principal,Intel Xeon E7- 4860,hilos_procesador,20
Computadores,procesador_principal,Intel Xeon E7- 4870,nucleos_procesador,10
Computadores,procesador_principal,Intel Xeon E7- 4870,hilos_procesador,20
Computadores,procesador_principal,Intel Xeon E7- 8837,nucleos_procesador,8
Computadores,procesador_principal,Intel Xeon E7- 8837,hilos_procesador,8
Computadores,procesador_principal,Intel Xeon E7- 8870,nucleos_procesador,10
Computadores,procesador_principal,Intel Xeon E7- 8870,hilos_procesador,20
Computadores,procesador_principal,Intel Xeon E7-4809 v2,nucleos_procesador,6
Computadores,procesador_principal,Intel Xeon E7-4809 v2,hilos_procesador,12
Computadores,procesador_principal,Intel Xeon E7-4820 v2,nucleos_procesador,8
Computadores,procesador_principal,Intel Xeon E7-4820 v2,hilos_procesador,16
Computadores,procesador_principal,Intel Xeon E7-4830,nucleos_procesador,8
Computadores,procesador_principal,Intel Xeon E7-4830,hilos_procesador,16
Computadores,procesador_principal,Intel Xeon E7-4830 v3,nucleos_procesador,12
Computadores,procesador_principal,Intel Xeon E7-4830 v3,hilos_procesador,24
Computadores,procesador_principal,Intel Xeon E7-4850,nucleos_procesador,10
Computadores,procesador_principal,Intel Xeon E7-4850,hilos_procesador,20
Computadores,procesador_principal,Intel Xeon E7-4870 v2,nucleos_procesador,15
Computadores,procesador_principal,Intel Xeon E7-4870 v2,hilos_procesador,30
Computadores,procesador_principal,Intel Xeon E7-4880 v2,nucleos_procesador,15
Computadores,procesador_principal,Intel Xeon E7-4880 v2,hilos_procesador,30
Computadores,procesador_principal,Intel Xeon E7-4890 v2,nucleos_procesador,15
Computadores,procesador_principal,Intel Xeon E7-4890 v2,hilos_procesador,30
Computadores,procesador_principal,Intel Xeon E7-8857 v2,nucleos_procesador,12
Computadores,procesador_principal,Intel Xeon E7-8857 v2,hilos_procesador,12
Computadores,procesador_principal,Intel Xeon E7-8860 v4,nucleos_procesador,18
Computadores,procesador_principal,Intel Xeon E7-8860 v4,hilos_procesador,36
Computadores,procesador_principal,Intel Xeon E7-8867 v3,nucleos_procesador,16
Computadores,procesador_principal,Intel Xeon E7-8867 v3,hilos_procesador,32
Computadores,procesador_principal,Intel Xeon E7-8870 v4,nucleos_procesador,20
Computadores,procesador_principal,Intel Xeon E7-8870 v4,hilos_procesador,40
Computadores,procesador_principal,Intel Xeon E7-8880 v2,nucleos_procesador,15
Computadores,procesador_principal,Intel Xeon E7-8880 v2,hilos_procesador,30
Computadores,procesador_principal,Intel Xeon E7-8880 v3,nucleos_procesador,18
Computadores,procesador_principal,Intel Xeon E7-8880 v3,hilos_procesador,36
Computadores,procesador_principal,Intel Xeon E7-8880 v4,nucleos_procesador,22
Computadores,procesador_principal,Intel Xeon E7-8880 v4,hilos_procesador,44
Computadores,procesador_principal,Intel Xeon E7-8890 v3,nucleos_procesador,18
Computadores,procesador_principal,Intel Xeon E7-8890 v3,hilos_procesador,36
Computadores,procesador_principal,Intel Xeon E7-8890 v4,nucleos_procesador,24
Computadores,procesador_principal,Intel Xeon E7-8890 v4,hilos_procesador,48
Computadores,procesador_principal,Intel Xeon E7-8891 v3,nucleos_procesador,10
Computadores,procesador_principal,Intel Xeon E7-8891 v3,hilos_procesador,20
Computadores,procesador_principal,Intel Xeon E7-8891 v4,nucleos_procesador,10
Computadores,procesador_principal,Intel Xeon E7-8891 v4,hilos_procesador,20
Computadores,procesador_principal,Intel Xeon E7-8893 v4,nucleos_procesador,4
Computadores,procesador_principal,Intel Xeon E7-8893 v4,hilos_procesador,8
Computadores,procesador_principal,Intel Xeon E7-8894 v4,nucleos_procesador,24
Computadores,procesador_principal,Intel Xeon E7-8894 v4,hilos_procesador,48
Computadores,procesador_principal,Intel Xeon E7-8895 v2,nucleos_procesador,15
Computadores,procesador_principal,Intel Xeon E7-8895 v2,hilos_procesador,30
Computadores,procesador_principal,Intel Xeon E7320,nucleos_procesador,4
Computadores,procesador_principal,Intel Xeon E7320,hilos_procesador,4
Computadores,procesador_principal,Intel Xeon E7330,nucleos_procesador,4
Computadores,procesador_principal,Intel Xeon E7330,hilos_procesador,4
Computadores,procesador_principal,Intel Xeon E7340,nucleos_procesador,4
Computadores,procesador_principal,Intel Xeon E7340,hilos_procesador,4
Computadores,procesador_principal,Intel Xeon E7450,nucleos_procesador,6
Computadores,procesador_principal,Intel Xeon E7450,hilos_procesador,6
Computadores,procesador_principal,Intel Xeon E7530,nucleos_procesador,6
Computadores,procesador_principal,Intel Xeon E7530,hilos_procesador,12
Computadores,procesador_principal,Intel Xeon E7540,nucleos_procesador,6
Computadores,procesador_principal,Intel Xeon E7540,hilos_procesador,12
Computadores,procesador_principal,Intel Xeon Gold 5115,nucleos_procesador,10
Computadores,procesador_principal,Intel Xeon Gold 5115,hilos_procesador,20
Computadores,procesador_principal,Intel Xeon Gold 5117,nucleos_procesador,14
Computadores,procesador_principal,Intel Xeon Gold 5117,hilos_procesador,28
Computadores,procesador_principal,Intel Xeon Gold 5118,nucleos_procesador,12
Computadores,procesador_principal,Intel Xeon Gold 5118,hilos_procesador,24
Computadores,procesador_principal,Intel Xeon Gold 5120,nucleos_procesador,14
Computadores,procesador_principal,Intel Xeon Gold 5120,hilos_procesador,28
Computadores,procesador_principal,Intel Xeon Gold 5120T,nucleos_procesador,14
Computadores,procesador_principal,Intel Xeon Gold 5120T,hilos_procesador,28
Computadores,procesador_principal,Intel Xeon Gold 5122,nucleos_procesador,4
Computadores,procesador_principal,Intel Xeon Gold 5122,hilos_procesador,8
Computadores,procesador_principal,Intel Xeon Gold 5215,nucleos_procesador,10
Computadores,procesador_principal,Intel Xeon Gold 5215,hilos_procesador,20
Computadores,procesador_principal,Intel Xeon Gold 5217,nucleos_procesador,8
Computadores,procesador_principal,Intel Xeon Gold 5217,hilos_procesador,16
Computadores,procesador_principal,Intel Xeon Gold 5218,nucleos_procesador,16
Computadores,procesador_principal,Intel Xeon Gold 5218,hilos_procesador,32
Computadores,procesador_principal,Intel Xeon Gold 5218N,nucleos_procesador,16
Computadores,procesador_principal,Intel Xeon Gold 5218N,hilos_procesador,32
Computadores,procesador_principal,Intel Xeon Gold 5218R,nucleos_procesador,20
Computadores,procesador_principal,Intel Xeon Gold 5218R,hilos_procesador,40
Computadores,procesador_principal,Intel Xeon Gold 5218T,nucleos_procesador,16
Computadores,procesador_principal,Intel Xeon Gold 5218T,hilos_procesador,32
Computadores,procesador_principal,Intel Xeon Gold 5220,nucleos_procesador,18
Computadores,procesador_principal,Intel Xeon Gold 5220,hilos_procesador,36
Computadores,procesador_principal,Intel Xeon Gold 5220R,nucleos_procesador,24
Computadores,procesador_principal,Intel Xeon Gold 5220R,hilos_procesador,48
Computadores,procesador_principal,Intel Xeon Gold 5220S,nucleos_procesador,18
Computadores,procesador_principal,Intel Xeon Gold 5220S,hilos_procesador,36
Computadores,procesador_principal,Intel Xeon Gold 5222,nucleos_procesador,4
Computadores,procesador_principal,Intel Xeon Gold 5222,hilos_procesador,8
Computadores,procesador_principal,Intel Xeon Gold 5315Y,nucleos_procesador,8
Computadores,procesador_principal,Intel Xeon Gold 5315Y,hilos_procesador,16
Computadores,procesador_principal,Intel Xeon Gold 5317,nucleos_procesador,12
Computadores,procesador_principal,Intel Xeon Gold 5317,hilos_procesador,24
Computadores,procesador_principal,Intel Xeon Gold 5318H,nucleos_procesador,18
Computadores,procesador_principal,Intel Xeon Gold 5318H,hilos_procesador,36
Computadores,procesador_principal,Intel Xeon Gold 5318N,nucleos_procesador,24
Computadores,procesador_principal,Intel Xeon Gold 5318N,hilos_procesador,48
Computadores,procesador_principal,Intel Xeon Gold 5318Y,nucleos_procesador,24
Computadores,procesador_principal,Intel Xeon Gold 5318Y,hilos_procesador,48
Computadores,procesador_principal,Intel Xeon Gold 5320,nucleos_procesador,26
Computadores,procesador_principal,Intel Xeon Gold 5320,hilos_procesador,52
Computadores,procesador_principal,Intel Xeon Gold 5320H,nucleos_procesador,20
Computadores,procesador_principal,Intel Xeon Gold 5320H,hilos_procesador,40
Computadores,procesador_principal,Intel Xeon Gold 5412U,nucleos_procesador,24
Computadores,procesador_principal,Intel Xeon Gold 5412U,hilos_procesador,48
Computadores,procesador_principal,Intel Xeon Gold 5415+,nucleos_procesador,8
Computadores,procesador_principal,Intel Xeon Gold 5415+,hilos_procesador,16
Computadores,procesador_principal,Intel Xeon Gold 5416S,nucleos_procesador,16
Computadores,procesador_principal,Intel Xeon Gold 5416S,hilos_procesador,32
Computadores,procesador_principal,Intel Xeon Gold 5418Y,nucleos_procesador,24
Computadores,procesador_principal,Intel Xeon Gold 5418Y,hilos_procesador,48
Computadores,procesador_principal,Intel Xeon Gold 5420+,nucleos_procesador,28
Computadores,procesador_principal,Intel Xeon Gold 5420+,hilos_procesador,56
Computadores,procesador_principal,Intel Xeon Gold 5512U,nucleos_procesador,28
Computadores,procesador_principal,Intel Xeon Gold 5512U,hilos_procesador,56
Computadores,procesador_principal,Intel Xeon Gold 5515+,nucleos_procesador,8
Computadores,procesador_principal,Intel Xeon Gold 5515+,hilos_procesador,16
Computadores,procesador_principal,Intel Xeon Gold 5520+,nucleos_procesador,28
Computadores,procesador_principal,Intel Xeon Gold 5520+,hilos_procesador,56
Computadores,procesador_principal,Intel Xeon Gold 6122,nucleos_procesador,20
Computadores,procesador_principal,Intel Xeon Gold 6122,hilos_procesador,40
Computadores,procesador_principal,Intel Xeon Gold 6126,nucleos_procesador,12
Computadores,procesador_principal,Intel Xeon Gold 6126,hilos_procesador,24
Computadores,procesador_principal,Intel Xeon Gold 6128,nucleos_procesador,6
Computadores,procesador_principal,Intel Xeon Gold 6128,hilos_procesador,12
Computadores,procesador_principal,Intel Xeon Gold 6130,nucleos_procesador,16
Computadores,procesador_principal,Intel Xeon Gold 6130,hilos_procesador,32
Computadores,procesador_principal,Intel Xeon Gold 6130H,nucleos_procesador,16
Computadores,procesador_principal,Intel Xeon Gold 6130H,hilos_procesador,32
Computadores,procesador_principal,Intel Xeon Gold 6130T,nucleos_procesador,16
Computadores,procesador_principal,Intel Xeon Gold 6130T,hilos_procesador,32
Computadores,procesador_principal,Intel Xeon Gold 6132,nucleos_procesador,14
Computadores,procesador_principal,Intel Xeon Gold 6132,hilos_procesador,28
Computadores,procesador_principal,Intel Xeon Gold 6134,nucleos_procesador,8
Computadores,procesador_principal,Intel Xeon Gold 6134,hilos_procesador,16
Computadores,procesador_principal,Intel Xeon Gold 6136,nucleos_procesador,12
Computadores,procesador_principal,Intel Xeon Gold 6136,hilos_procesador,24
Computadores,procesador_principal,Intel Xeon Gold 6137,nucleos_procesador,8
Computadores,procesador_principal,Intel Xeon Gold 6137,hilos_procesador,16
Computadores,procesador_principal,Intel Xeon Gold 6138,nucleos_procesador,20
Computadores,procesador_principal,Intel Xeon Gold 6138,hilos_procesador,40
Computadores,procesador_principal,Intel Xeon Gold 6138T,nucleos_procesador,20
Computadores,procesador_principal,Intel Xeon Gold 6138T,hilos_procesador,40
Computadores,procesador_principal,Intel Xeon Gold 6139,nucleos_procesador,18
Computadores,procesador_principal,Intel Xeon Gold 6139,hilos_procesador,36
Computadores,procesador_principal,Intel Xeon Gold 6140,nucleos_procesador,18
Computadores,procesador_principal,Intel Xeon Gold 6140,hilos_procesador,36
Computadores,procesador_principal,Intel Xeon Gold 6142,nucleos_procesador,16
Computadores,procesador_principal,Intel Xeon Gold 6142,hilos_procesador,32
Computadores,procesador_principal,Intel Xeon Gold 6143,nucleos_procesador,16
Computadores,procesador_principal,Intel Xeon Gold 6143,hilos_procesador,32
Computadores,procesador_principal,Intel Xeon Gold 6144,nucleos_procesador,8
Computadores,procesador_principal,Intel Xeon Gold 6144,hilos_procesador,16
Computadores,procesador_principal,Intel Xeon Gold 6146,nucleos_procesador,12
Computadores,procesador_principal,Intel Xeon Gold 6146,hilos_procesador,24
Computadores,procesador_principal,Intel Xeon Gold 6148,nucleos_procesador,20
Computadores,procesador_principal,Intel Xeon Gold 6148,hilos_procesador,40
Computadores,procesador_principal,Intel Xeon Gold 6149,nucleos_procesador,16
Computadores,procesador_principal,Intel Xeon Gold 6149,hilos_procesador,32
Computadores,procesador_principal,Intel Xeon Gold 6150,nucleos_procesador,18
Computadores,procesador_principal,Intel Xeon Gold 6150,hilos_procesador,36
Computadores,procesador_principal,Intel Xeon Gold 6152,nucleos_procesador,22
Computadores,procesador_principal,Intel Xeon Gold 6152,hilos_procesador,44
Computadores,procesador_principal,Intel Xeon Gold 6154,nucleos_procesador,18
Computadores,procesador_principal,Intel Xeon Gold 6154,hilos_procesador,36
Computadores,procesador_principal,Intel Xeon Gold 6208U,nucleos_procesador,16
Computadores,procesador_principal,Intel Xeon Gold 6208U,hilos_procesador,32
Computadores,procesador_principal,Intel Xeon Gold 6210U,nucleos_procesador,20
Computadores,procesador_principal,Intel Xeon Gold 6210U,hilos_procesador,40
Computadores,procesador_principal,Intel Xeon Gold 6212U,nucleos_procesador,24
Computadores,procesador_principal,Intel Xeon Gold 6212U,hilos_procesador,48
Computadores,procesador_principal,Intel Xeon Gold 6222V,nucleos_procesador,20
Computadores,procesador_principal,Intel Xeon Gold 6222V,hilos_procesador,40
Computadores,procesador_principal,Intel Xeon Gold 6226,nucleos_procesador,12
Computadores,procesador_principal,Intel Xeon Gold 6226,hilos_procesador,24
Computadores,procesador_principal,Intel Xeon Gold 6226R,nucleos_procesador,16
Computadores,procesador_principal,Intel Xeon Gold 6226R,hilos_procesador,32
Computadores,procesador_principal,Intel Xeon Gold 6230,nucleos_procesador,20
Computadores,procesador_principal,Intel Xeon Gold 6230,hilos_procesador,40
Computadores,procesador_principal,Intel Xeon Gold 6230R,nucleos_procesador,26
Computadores,procesador_principal,Intel Xeon Gold 6230R,hilos_procesador,52
Computadores,procesador_principal,Intel Xeon Gold 6234,nucleos_procesador,8
Computadores,procesador_principal,Intel Xeon Gold 6234,hilos_procesador,16
Computadores,procesador_principal,Intel Xeon Gold 6238,nucleos_procesador,22
Computadores,procesador_principal,Intel Xeon Gold 6238,hilos_procesador,44
Computadores,procesador_principal,Intel Xeon Gold 6238R,nucleos_procesador,28
Computadores,procesador_principal,Intel Xeon Gold 6238R,hilos_procesador,56
Computadores,procesador_principal,Intel Xeon Gold 6240,nucleos_procesador,18
Computadores,procesador_principal,Intel Xeon Gold 6240,hilos_procesador,36
Computadores,procesador_principal,Intel Xeon Gold 6240R,nucleos_procesador,24
Computadores,procesador_principal,Intel Xeon Gold 6240R,hilos_procesador,48
Computadores,procesador_principal,Intel Xeon Gold 6242,nucleos_procesador,16
Computadores,procesador_principal,Intel Xeon Gold 6242,hilos_procesador,32
Computadores,procesador_principal,Intel Xeon Gold 6242R,nucleos_procesador,20
Computadores,procesador_principal,Intel Xeon Gold 6242R,hilos_procesador,40
Computadores,procesador_principal,Intel Xeon Gold 6244,nucleos_procesador,8
Computadores,procesador_principal,Intel Xeon Gold 6244,hilos_procesador,16
Computadores,procesador_principal,Intel Xeon Gold 6246,nucleos_procesador,12
Computadores,procesador_principal,Intel Xeon Gold 6246,hilos_procesador,24
Computadores,procesador_principal,Intel Xeon Gold 6246R,nucleos_procesador,16
Computadores,procesador_principal,Intel Xeon Gold 6246R,hilos_procesador,32
Computadores,procesador_principal,Intel Xeon Gold 6248,nucleos_procesador,20
Computadores,procesador_principal,Intel Xeon Gold 6248,hilos_procesador,40
Computadores,procesador_principal,Intel Xeon Gold 6248R,nucleos_procesador,24
Computadores,procesador_principal,Intel Xeon Gold 6248R,hilos_procesador,48
Computadores,procesador_principal,Intel Xeon Gold 6250,nucleos_procesador,8
Computadores,procesador_principal,Intel Xeon Gold 6250,hilos_procesador,16
Computadores,procesador_principal,Intel Xeon Gold 6252,nucleos_procesador,24
Computadores,procesador_principal,Intel Xeon Gold 6252,hilos_procesador,48
Computadores,procesador_principal,Intel Xeon Gold 6252N,nucleos_procesador,24
Computadores,procesador_principal,Intel Xeon Gold 6252N,hilos_procesador,48
Computadores,procesador_principal,Intel Xeon Gold 6253CL,nucleos_procesador,18
Computadores,procesador_principal,Intel Xeon Gold 6253CL,hilos_procesador,36
Computadores,procesador_principal,Intel Xeon Gold 6254,nucleos_procesador,18
Computadores,procesador_principal,Intel Xeon Gold 6254,hilos_procesador,36
Computadores,procesador_principal,Intel Xeon Gold 6256,nucleos_procesador,12
Computadores,procesador_principal,Intel Xeon Gold 6256,hilos_procesador,24
Computadores,procesador_principal,Intel Xeon Gold 6258R,nucleos_procesador,28
Computadores,procesador_principal,Intel Xeon Gold 6258R,hilos_procesador,56
Computadores,procesador_principal,Intel Xeon Gold 6262,nucleos_procesador,24
Computadores,procesador_principal,Intel Xeon Gold 6262,hilos_procesador,48
Computadores,procesador_principal,Intel Xeon Gold 6262V,nucleos_procesador,24
Computadores,procesador_principal,Intel Xeon Gold 6262V,hilos_procesador,6
Computadores,procesador_principal,Intel Xeon Gold 6266C,nucleos_procesador,22
Computadores,procesador_principal,Intel Xeon Gold 6266C,hilos_procesador,44
Computadores,procesador_principal,Intel Xeon Gold 6278C,nucleos_procesador,26
Computadores,procesador_principal,Intel Xeon Gold 6278C,hilos_procesador,52
Computadores,procesador_principal,Intel Xeon Gold 6312U,nucleos_procesador,24
Computadores,procesador_principal,Intel Xeon Gold 6312U,hilos_procesador,48
Computadores,procesador_principal,Intel Xeon Gold 6314U,nucleos_procesador,32
Computadores,procesador_principal,Intel Xeon Gold 6314U,hilos_procesador,64
Computadores,procesador_principal,Intel Xeon Gold 6326,nucleos_procesador,16
Computadores,procesador_principal,Intel Xeon Gold 6326,hilos_procesador,32
Computadores,procesador_principal,Intel Xeon Gold 6330,nucleos_procesador,28
Computadores,procesador_principal,Intel Xeon Gold 6330,hilos_procesador,56
Computadores,procesador_principal,Intel Xeon Gold 6330N,nucleos_procesador,28
Computadores,procesador_principal,Intel Xeon Gold 6330N,hilos_procesador,56
Computadores,procesador_principal,Intel Xeon Gold 6334,nucleos_procesador,8
Computadores,procesador_principal,Intel Xeon Gold 6334,hilos_procesador,16
Computadores,procesador_principal,Intel Xeon Gold 6336Y,nucleos_procesador,24
Computadores,procesador_principal,Intel Xeon Gold 6336Y,hilos_procesador,48
Computadores,procesador_principal,Intel Xeon Gold 6338,nucleos_procesador,32
Computadores,procesador_principal,Intel Xeon Gold 6338,hilos_procesador,64
Computadores,procesador_principal,Intel Xeon Gold 6338N,nucleos_procesador,32
Computadores,procesador_principal,Intel Xeon Gold 6338N,hilos_procesador,64
Computadores,procesador_principal,Intel Xeon Gold 6342,nucleos_procesador,24
Computadores,procesador_principal,Intel Xeon Gold 6342,hilos_procesador,48
Computadores,procesador_principal,Intel Xeon Gold 6346,nucleos_procesador,16
Computadores,procesador_principal,Intel Xeon Gold 6346,hilos_procesador,32
Computadores,procesador_principal,Intel Xeon Gold 6348,nucleos_procesador,28
Computadores,procesador_principal,Intel Xeon Gold 6348,hilos_procesador,56
Computadores,procesador_principal,Intel Xeon Gold 6348H,nucleos_procesador,4
Computadores,procesador_principal,Intel Xeon Gold 6348H,hilos_procesador,48
Computadores,procesador_principal,Intel Xeon Gold 6354,nucleos_procesador,18
Computadores,procesador_principal,Intel Xeon Gold 6354,hilos_procesador,36
Computadores,procesador_principal,Intel Xeon Gold 6414U,nucleos_procesador,32
Computadores,procesador_principal,Intel Xeon Gold 6414U,hilos_procesador,64
Computadores,procesador_principal,Intel Xeon Gold 6416H,nucleos_procesador,18
Computadores,procesador_principal,Intel Xeon Gold 6416H,hilos_procesador,36
Computadores,procesador_principal,Intel Xeon Gold 6418H,nucleos_procesador,24
Computadores,procesador_principal,Intel Xeon Gold 6418H,hilos_procesador,48
Computadores,procesador_principal,Intel Xeon Gold 6421N,nucleos_procesador,32
Computadores,procesador_principal,Intel Xeon Gold 6421N,hilos_procesador,64
Computadores,procesador_principal,Intel Xeon Gold 6426Y,nucleos_procesador,16
Computadores,procesador_principal,Intel Xeon Gold 6426Y,hilos_procesador,32
Computadores,procesador_principal,Intel Xeon Gold 6428N,nucleos_procesador,32
Computadores,procesador_principal,Intel Xeon Gold 6428N,hilos_procesador,64
Computadores,procesador_principal,Intel Xeon Gold 6430,nucleos_procesador,32
Computadores,procesador_principal,Intel Xeon Gold 6430,hilos_procesador,64
Computadores,procesador_principal,Intel Xeon Gold 6434,nucleos_procesador,8
Computadores,procesador_principal,Intel Xeon Gold 6434,hilos_procesador,16
Computadores,procesador_principal,Intel Xeon Gold 6438N,nucleos_procesador,32
Computadores,procesador_principal,Intel Xeon Gold 6438N,hilos_procesador,64
Computadores,procesador_principal,Intel Xeon Gold 6438Y+,nucleos_procesador,32
Computadores,procesador_principal,Intel Xeon Gold 6438Y+,hilos_procesador,64
Computadores,procesador_principal,Intel Xeon Gold 6442Y,nucleos_procesador,24
Computadores,procesador_principal,Intel Xeon Gold 6442Y,hilos_procesador,48
Computadores,procesador_principal,Intel Xeon Gold 6444Y,nucleos_procesador,16
Computadores,procesador_principal,Intel Xeon Gold 6444Y,hilos_procesador,32
Computadores,procesador_principal,Intel Xeon Gold 6448H,nucleos_procesador,32
Computadores,procesador_principal,Intel Xeon Gold 6448H,hilos_procesador,64
Computadores,procesador_principal,Intel Xeon Gold 6448Y,nucleos_procesador,32
Computadores,procesador_principal,Intel Xeon Gold 6448Y,hilos_procesador,64
Computadores,procesador_principal,Intel Xeon Gold 6454S,nucleos_procesador,32
Computadores,procesador_principal,Intel Xeon Gold 6454S,hilos_procesador,64
Computadores,procesador_principal,Intel Xeon Gold 6526Y,nucleos_procesador,16
Computadores,procesador_principal,Intel Xeon Gold 6526Y,hilos_procesador,32
Computadores,procesador_principal,Intel Xeon Gold 6530,nucleos_procesador,32
Computadores,procesador_principal,Intel Xeon Gold 6530,hilos_procesador,64
Computadores,procesador_principal,Intel Xeon Gold 6534,nucleos_procesador,8
Computadores,procesador_principal,Intel Xeon Gold 6534,hilos_procesador,16
Computadores,procesador_principal,Intel Xeon Gold 6538N,nucleos_procesador,32
Computadores,procesador_principal,Intel Xeon Gold 6538N,hilos_procesador,64
Computadores,procesador_principal,Intel Xeon Gold 6542Y,nucleos_procesador,24
Computadores,procesador_principal,Intel Xeon Gold 6542Y,hilos_procesador,48
Computadores,procesador_principal,Intel Xeon Gold 6544Y,nucleos_procesador,16
Computadores,procesador_principal,Intel Xeon Gold 6544Y,hilos_procesador,32
Computadores,procesador_principal,Intel Xeon Gold 6548N,nucleos_procesador,32
Computadores,procesador_principal,Intel Xeon Gold 6548N,hilos_procesador,64
Computadores,procesador_principal,Intel Xeon Gold 6548Y+,nucleos_procesador,32
Computadores,procesador_principal,Intel Xeon Gold 6548Y+,hilos_procesador,64
Computadores,procesador_principal,Intel Xeon Gold 6554S,nucleos_procesador,36
Computadores,procesador_principal,Intel Xeon Gold 6554S,hilos_procesador,72
Computadores,procesador_principal,Intel Xeon L3110,nucleos_procesador,2
Computadores,procesador_principal,Intel Xeon L3110,hilos_procesador,2
Computadores,procesador_principal,Intel Xeon L3360,nucleos_procesador,4
Computadores,procesador_principal,Intel Xeon L3360,hilos_procesador,4
Computadores,procesador_principal,Intel Xeon L3406,nucleos_procesador,2
Computadores,procesador_principal,Intel Xeon L3406,hilos_procesador,4
Computadores,procesador_principal,Intel Xeon L3426,nucleos_procesador,4
Computadores,procesador_principal,Intel Xeon L3426,hilos_procesador,8
Computadores,procesador_principal,Intel Xeon L5240,nucleos_procesador,2
Computadores,procesador_principal,Intel Xeon L5240,hilos_procesador,2
Computadores,procesador_principal,Intel Xeon L5310,nucleos_procesador,4
Computadores,procesador_principal,Intel Xeon L5310,hilos_procesador,4
Computadores,procesador_principal,Intel Xeon L5320,nucleos_procesador,4
Computadores,procesador_principal,Intel Xeon L5320,hilos_procesador,4
Computadores,procesador_principal,Intel Xeon L5335,nucleos_procesador,4
Computadores,procesador_principal,Intel Xeon L5335,hilos_procesador,4
Computadores,procesador_principal,Intel Xeon L5408,nucleos_procesador,4
Computadores,procesador_principal,Intel Xeon L5408,hilos_procesador,4
Computadores,procesador_principal,Intel Xeon L5410,nucleos_procesador,4
Computadores,procesador_principal,Intel Xeon L5410,hilos_procesador,4
Computadores,procesador_principal,Intel Xeon L5420,nucleos_procesador,4
Computadores,procesador_principal,Intel Xeon L5420,hilos_procesador,4
Computadores,procesador_principal,Intel Xeon L5430,nucleos_procesador,4
Computadores,procesador_principal,Intel Xeon L5430,hilos_procesador,4
Computadores,procesador_principal,Intel Xeon L5506,nucleos_procesador,4
Computadores,procesador_principal,Intel Xeon L5506,hilos_procesador,4
Computadores,procesador_principal,Intel Xeon L5520,nucleos_procesador,4
Computadores,procesador_principal,Intel Xeon L5520,hilos_procesador,8
Computadores,procesador_principal,Intel Xeon L5530,nucleos_procesador,4
Computadores,procesador_principal,Intel Xeon L5530,hilos_procesador,8
Computadores,procesador_principal,Intel Xeon L5609,nucleos_procesador,4
Computadores,procesador_principal,Intel Xeon L5609,hilos_procesador,4
Computadores,procesador_principal,Intel Xeon L5630,nucleos_procesador,4
Computadores,procesador_principal,Intel Xeon L5630,hilos_procesador,8
Computadores,procesador_principal,Intel Xeon L5638,nucleos_procesador,6
Computadores,procesador_principal,Intel Xeon L5638,hilos_procesador,12
Computadores,procesador_principal,Intel Xeon L5639,nucleos_procesador,6
Computadores,procesador_principal,Intel Xeon L5639,hilos_procesador,12
Computadores,procesador_principal,Intel Xeon L5640,nucleos_procesador,6
Computadores,procesador_principal,Intel Xeon L5640,hilos_procesador,12
Computadores,procesador_principal,Intel Xeon L7455,nucleos_procesador,6
Computadores,procesador_principal,Intel Xeon L7455,hilos_procesador,6
Computadores,procesador_principal,Intel Xeon Max 9480,nucleos_procesador,56
Computadores,procesador_principal,Intel Xeon Max 9480,hilos_procesador,112
Computadores,procesador_principal,Intel Xeon MV 3.20GHz,nucleos_procesador,2
Computadores,procesador_principal,Intel Xeon MV 3.20GHz,hilos_procesador,4
Computadores,procesador_principal,Intel Xeon Phi 7210,nucleos_procesador,64
Computadores,procesador_principal,Intel Xeon Phi 7210,hilos_procesador,256
Computadores,procesador_principal,Intel Xeon Phi 7290,nucleos_procesador,72
Computadores,procesador_principal,Intel Xeon Phi 7290,hilos_procesador,288
Computadores,procesador_principal,Intel Xeon Platinum 8124M,nucleos_procesador,18
Computadores,procesador_principal,Intel Xeon Platinum 8124M,hilos_procesador,36
Computadores,procesador_principal,Intel Xeon Platinum 8151,nucleos_procesador,12
Computadores,procesador_principal,Intel Xeon Platinum 8151,hilos_procesador,4
Computadores,procesador_principal,Intel Xeon Platinum 8153,nucleos_procesador,16
Computadores,procesador_principal,Intel Xeon Platinum 8153,hilos_procesador,32
Computadores,procesador_principal,Intel Xeon Platinum 8156,nucleos_procesador,4
Computadores,procesador_principal,Intel Xeon Platinum 8156,hilos_procesador,8
Computadores,procesador_principal,Intel Xeon Platinum 8160,nucleos_procesador,24
Computadores,procesador_principal,Intel Xeon Platinum 8160,hilos_procesador,48
Computadores,procesador_principal,Intel Xeon Platinum 8160M,nucleos_procesador,24
Computadores,procesador_principal,Intel Xeon Platinum 8160M,hilos_procesador,48
Computadores,procesador_principal,Intel Xeon Platinum 8167M,nucleos_procesador,26
Computadores,procesador_principal,Intel Xeon Platinum 8167M,hilos_procesador,52
Computadores,procesador_principal,Intel Xeon Platinum 8168,nucleos_procesador,24
Computadores,procesador_principal,Intel Xeon Platinum 8168,hilos_procesador,48
Computadores,procesador_principal,Intel Xeon Platinum 8171M,nucleos_procesador,26
Computadores,procesador_principal,Intel Xeon Platinum 8171M,hilos_procesador,52
Computadores,procesador_principal,Intel Xeon Platinum 8173M,nucleos_procesador,28
Computadores,procesador_principal,Intel Xeon Platinum 8173M,hilos_procesador,56
Computadores,procesador_principal,Intel Xeon Platinum 8175M,nucleos_procesador,24
Computadores,procesador_principal,Intel Xeon Platinum 8175M,hilos_procesador,48
Computadores,procesador_principal,Intel Xeon Platinum 8176,nucleos_procesador,28
Computadores,procesador_principal,Intel Xeon Platinum 8176,hilos_procesador,56
Computadores,procesador_principal,Intel Xeon Platinum 8180,nucleos_procesador,28
Computadores,procesador_principal,Intel Xeon Platinum 8180,hilos_procesador,56
Computadores,procesador_principal,Intel Xeon Platinum 8180M,nucleos_procesador,28
Computadores,procesador_principal,Intel Xeon Platinum 8180M,hilos_procesador,56
Computadores,procesador_principal,Intel Xeon Platinum 8252C,nucleos_procesador,12
Computadores,procesador_principal,Intel Xeon Platinum 8252C,hilos_procesador,24
Computadores,procesador_principal,Intel Xeon Platinum 8253,nucleos_procesador,16
Computadores,procesador_principal,Intel Xeon Platinum 8253,hilos_procesador,32
Computadores,procesador_principal,Intel Xeon Platinum 8256,nucleos_procesador,4
Computadores,procesador_principal,Intel Xeon Platinum 8256,hilos_procesador,8
Computadores,procesador_principal,Intel Xeon Platinum 8259CL,nucleos_procesador,24
Computadores,procesador_principal,Intel Xeon Platinum 8259CL,hilos_procesador,48
Computadores,procesador_principal,Intel Xeon Platinum 8260,nucleos_procesador,24
Computadores,procesador_principal,Intel Xeon Platinum 8260,hilos_procesador,48
Computadores,procesador_principal,Intel Xeon Platinum 8260M,nucleos_procesador,24
Computadores,procesador_principal,Intel Xeon Platinum 8260M,hilos_procesador,48
Computadores,procesador_principal,Intel Xeon Platinum 8268,nucleos_procesador,24
Computadores,procesador_principal,Intel Xeon Platinum 8268,hilos_procesador,48
Computadores,procesador_principal,Intel Xeon Platinum 8270,nucleos_procesador,26
Computadores,procesador_principal,Intel Xeon Platinum 8270,hilos_procesador,52
Computadores,procesador_principal,Intel Xeon Platinum 8270CL,nucleos_procesador,26
Computadores,procesador_principal,Intel Xeon Platinum 8270CL,hilos_procesador,52
Computadores,procesador_principal,Intel Xeon Platinum 8273CL,nucleos_procesador,28
Computadores,procesador_principal,Intel Xeon Platinum 8273CL,hilos_procesador,56
Computadores,procesador_principal,Intel Xeon Platinum 8275CL,nucleos_procesador,24
Computadores,procesador_principal,Intel Xeon Platinum 8275CL,hilos_procesador,48
Computadores,procesador_principal,Intel Xeon Platinum 8276L,nucleos_procesador,28
Computadores,procesador_principal,Intel Xeon Platinum 8276L,hilos_procesador,56
Computadores,procesador_principal,Intel Xeon Platinum 8280,nucleos_procesador,28
Computadores,procesador_principal,Intel Xeon Platinum 8280,hilos_procesador,56
Computadores,procesador_principal,Intel Xeon Platinum 8338C,nucleos_procesador,32
Computadores,procesador_principal,Intel Xeon Platinum 8338C,hilos_procesador,64
Computadores,procesador_principal,Intel Xeon Platinum 8347C,nucleos_procesador,36
Computadores,procesador_principal,Intel Xeon Platinum 8347C,hilos_procesador,72
Computadores,procesador_principal,Intel Xeon Platinum 8352V,nucleos_procesador,36
Computadores,procesador_principal,Intel Xeon Platinum 8352V,hilos_procesador,72
Computadores,procesador_principal,Intel Xeon Platinum 8352Y,nucleos_procesador,32
Computadores,procesador_principal,Intel Xeon Platinum 8352Y,hilos_procesador,64
Computadores,procesador_principal,Intel Xeon Platinum 8358,nucleos_procesador,32
Computadores,procesador_principal,Intel Xeon Platinum 8358,hilos_procesador,64
Computadores,procesador_principal,Intel Xeon Platinum 8358P,nucleos_procesador,32
Computadores,procesador_principal,Intel Xeon Platinum 8358P,hilos_procesador,64
Computadores,procesador_principal,Intel Xeon Platinum 8360Y,nucleos_procesador,36
Computadores,procesador_principal,Intel Xeon Platinum 8360Y,hilos_procesador,72
Computadores,procesador_principal,Intel Xeon Platinum 8362,nucleos_procesador,32
Computadores,procesador_principal,Intel Xeon Platinum 8362,hilos_procesador,64
Computadores,procesador_principal,Intel Xeon Platinum 8368,nucleos_procesador,38
Computadores,procesador_principal,Intel Xeon Platinum 8368,hilos_procesador,76
Computadores,procesador_principal,Intel Xeon Platinum 8368Q,nucleos_procesador,38
Computadores,procesador_principal,Intel Xeon Platinum 8368Q,hilos_procesador,76
Computadores,procesador_principal,Intel Xeon Platinum 8375C,nucleos_procesador,32
Computadores,procesador_principal,Intel Xeon Platinum 8375C,hilos_procesador,64
Computadores,procesador_principal,Intel Xeon Platinum 8380,nucleos_procesador,40
Computadores,procesador_principal,Intel Xeon Platinum 8380,hilos_procesador,80
Computadores,procesador_principal,Intel Xeon Platinum 8450H,nucleos_procesador,28
Computadores,procesador_principal,Intel Xeon Platinum 8450H,hilos_procesador,56
Computadores,procesador_principal,Intel Xeon Platinum 8454H,nucleos_procesador,32
Computadores,procesador_principal,Intel Xeon Platinum 8454H,hilos_procesador,64
Computadores,procesador_principal,Intel Xeon Platinum 8458P,nucleos_procesador,44
Computadores,procesador_principal,Intel Xeon Platinum 8458P,hilos_procesador,88
Computadores,procesador_principal,Intel Xeon Platinum 8461V,nucleos_procesador,48
Computadores,procesador_principal,Intel Xeon Platinum 8461V,hilos_procesador,96
Computadores,procesador_principal,Intel Xeon Platinum 8462Y+,nucleos_procesador,32
Computadores,procesador_principal,Intel Xeon Platinum 8462Y+,hilos_procesador,64
Computadores,procesador_principal,Intel Xeon Platinum 8468,nucleos_procesador,48
Computadores,procesador_principal,Intel Xeon Platinum 8468,hilos_procesador,96
Computadores,procesador_principal,Intel Xeon Platinum 8470,nucleos_procesador,52
Computadores,procesador_principal,Intel Xeon Platinum 8470,hilos_procesador,104
Computadores,procesador_principal,Intel Xeon Platinum 8480+,nucleos_procesador,56
Computadores,procesador_principal,Intel Xeon Platinum 8480+,hilos_procesador,112
Computadores,procesador_principal,Intel Xeon Platinum 8481C,nucleos_procesador,4
Computadores,procesador_principal,Intel Xeon Platinum 8481C,hilos_procesador,112
Computadores,procesador_principal,Intel Xeon Platinum 8558,nucleos_procesador,48
Computadores,procesador_principal,Intel Xeon Platinum 8558,hilos_procesador,96
Computadores,procesador_principal,Intel Xeon Platinum 8562Y+,nucleos_procesador,32
Computadores,procesador_principal,Intel Xeon Platinum 8562Y+,hilos_procesador,64
Computadores,procesador_principal,Intel Xeon Platinum 8568Y+,nucleos_procesador,48
Computadores,procesador_principal,Intel Xeon Platinum 8568Y+,hilos_procesador,96
Computadores,procesador_principal,Intel Xeon Platinum 8570,nucleos_procesador,56
Computadores,procesador_principal,Intel Xeon Platinum 8570,hilos_procesador,112
Computadores,procesador_principal,Intel Xeon Platinum 8571N,nucleos_procesador,52
Computadores,procesador_principal,Intel Xeon Platinum 8571N,hilos_procesador,104
Computadores,procesador_principal,Intel Xeon Platinum 8580,nucleos_procesador,60
Computadores,procesador_principal,Intel Xeon Platinum 8580,hilos_procesador,120
Computadores,procesador_principal,Intel Xeon Platinum 8592+,nucleos_procesador,64
Computadores,procesador_principal,Intel Xeon Platinum 8592+,hilos_procesador,128
Computadores,procesador_principal,Intel Xeon Platinum P-8124,nucleos_procesador,18
Computadores,procesador_principal,Intel Xeon Platinum P-8124,hilos_procesador,36
Computadores,procesador_principal,Intel Xeon Silver 4108,nucleos_procesador,8
Computadores,procesador_principal,Intel Xeon Silver 4108,hilos_procesador,16
Computadores,procesador_principal,Intel Xeon Silver 4109T,nucleos_procesador,8
Computadores,procesador_principal,Intel Xeon Silver 4109T,hilos_procesador,16
Computadores,procesador_principal,Intel Xeon Silver 4110,nucleos_procesador,8
Computadores,procesador_principal,Intel Xeon Silver 4110,hilos_procesador,16
Computadores,procesador_principal,Intel Xeon Silver 4112,nucleos_procesador,4
Computadores,procesador_principal,Intel Xeon Silver 4112,hilos_procesador,8
Computadores,procesador_principal,Intel Xeon Silver 4114,nucleos_procesador,10
Computadores,procesador_principal,Intel Xeon Silver 4114,hilos_procesador,20
Computadores,procesador_principal,Intel Xeon Silver 4114T,nucleos_procesador,10
Computadores,procesador_principal,Intel Xeon Silver 4114T,hilos_procesador,20
Computadores,procesador_principal,Intel Xeon Silver 4116,nucleos_procesador,12
Computadores,procesador_principal,Intel Xeon Silver 4116,hilos_procesador,24
Computadores,procesador_principal,Intel Xeon Silver 4116T,nucleos_procesador,12
Computadores,procesador_principal,Intel Xeon Silver 4116T,hilos_procesador,24
Computadores,procesador_principal,Intel Xeon Silver 4123,nucleos_procesador,8
Computadores,procesador_principal,Intel Xeon Silver 4123,hilos_procesador,16
Computadores,procesador_principal,Intel Xeon Silver 4208,nucleos_procesador,8
Computadores,procesador_principal,Intel Xeon Silver 4208,hilos_procesador,16
Computadores,procesador_principal,Intel Xeon Silver 4209T,nucleos_procesador,8
Computadores,procesador_principal,Intel Xeon Silver 4209T,hilos_procesador,16
Computadores,procesador_principal,Intel Xeon Silver 4210,nucleos_procesador,10
Computadores,procesador_principal,Intel Xeon Silver 4210,hilos_procesador,20
Computadores,procesador_principal,Intel Xeon Silver 4210R,nucleos_procesador,10
Computadores,procesador_principal,Intel Xeon Silver 4210R,hilos_procesador,20
Computadores,procesador_principal,Intel Xeon Silver 4214,nucleos_procesador,12
Computadores,procesador_principal,Intel Xeon Silver 4214,hilos_procesador,24
Computadores,procesador_principal,Intel Xeon Silver 4214R,nucleos_procesador,12
Computadores,procesador_principal,Intel Xeon Silver 4214R,hilos_procesador,24
Computadores,procesador_principal,Intel Xeon Silver 4214Y,nucleos_procesador,12
Computadores,procesador_principal,Intel Xeon Silver 4214Y,hilos_procesador,24
Computadores,procesador_principal,Intel Xeon Silver 4215,nucleos_procesador,8
Computadores,procesador_principal,Intel Xeon Silver 4215,hilos_procesador,16
Computadores,procesador_principal,Intel Xeon Silver 4215R,nucleos_procesador,8
Computadores,procesador_principal,Intel Xeon Silver 4215R,hilos_procesador,16
Computadores,procesador_principal,Intel Xeon Silver 4216,nucleos_procesador,16
Computadores,procesador_principal,Intel Xeon Silver 4216,hilos_procesador,32
Computadores,procesador_principal,Intel Xeon Silver 4309Y,nucleos_procesador,8
Computadores,procesador_principal,Intel Xeon Silver 4309Y,hilos_procesador,16
Computadores,procesador_principal,Intel Xeon Silver 4310,nucleos_procesador,12
Computadores,procesador_principal,Intel Xeon Silver 4310,hilos_procesador,24
Computadores,procesador_principal,Intel Xeon Silver 4310T,nucleos_procesador,10
Computadores,procesador_principal,Intel Xeon Silver 4310T,hilos_procesador,20
Computadores,procesador_principal,Intel Xeon Silver 4314,nucleos_procesador,16
Computadores,procesador_principal,Intel Xeon Silver 4314,hilos_procesador,32
Computadores,procesador_principal,Intel Xeon Silver 4316,nucleos_procesador,20
Computadores,procesador_principal,Intel Xeon Silver 4316,hilos_procesador,40
Computadores,procesador_principal,Intel Xeon Silver 4410T,nucleos_procesador,10
Computadores,procesador_principal,Intel Xeon Silver 4410T,hilos_procesador,20
Computadores,procesador_principal,Intel Xeon Silver 4410Y,nucleos_procesador,12
Computadores,procesador_principal,Intel Xeon Silver 4410Y,hilos_procesador,24
Computadores,procesador_principal,Intel Xeon Silver 4416+,nucleos_procesador,20
Computadores,procesador_principal,Intel Xeon Silver 4416+,hilos_procesador,40
Computadores,procesador_principal,Intel Xeon Silver 4509Y,nucleos_procesador,8
Computadores,procesador_principal,Intel Xeon Silver 4509Y,hilos_procesador,16
Computadores,procesador_principal,Intel Xeon Silver 4510,nucleos_procesador,12
Computadores,procesador_principal,Intel Xeon Silver 4510,hilos_procesador,24
Computadores,procesador_principal,Intel Xeon Silver 4510T,nucleos_procesador,12
Computadores,procesador_principal,Intel Xeon Silver 4510T,hilos_procesador,24
Computadores,procesador_principal,Intel Xeon Silver 4514Y,nucleos_procesador,16
Computadores,procesador_principal,Intel Xeon Silver 4514Y,hilos_procesador,32
Computadores,procesador_principal,Intel Xeon W-10855M,nucleos_procesador,6
Computadores,procesador_principal,Intel Xeon W-10855M,hilos_procesador,12
Computadores,procesador_principal,Intel Xeon W-10885M,nucleos_procesador,8
Computadores,procesador_principal,Intel Xeon W-10885M,hilos_procesador,16
Computadores,procesador_principal,Intel Xeon W-11155MLE,nucleos_procesador,4
Computadores,procesador_principal,Intel Xeon W-11155MLE,hilos_procesador,8
Computadores,procesador_principal,Intel Xeon W-11555MLE,nucleos_procesador,6
Computadores,procesador_principal,Intel Xeon W-11555MLE,hilos_procesador,12
Computadores,procesador_principal,Intel Xeon W-11555MRE,nucleos_procesador,6
Computadores,procesador_principal,Intel Xeon W-11555MRE,hilos_procesador,12
Computadores,procesador_principal,Intel Xeon W-11855M,nucleos_procesador,6
Computadores,procesador_principal,Intel Xeon W-11855M,hilos_procesador,12
Computadores,procesador_principal,Intel Xeon W-11865MLE,nucleos_procesador,8
Computadores,procesador_principal,Intel Xeon W-11865MLE,hilos_procesador,16
Computadores,procesador_principal,Intel Xeon W-11865MRE,nucleos_procesador,8
Computadores,procesador_principal,Intel Xeon W-11865MRE,hilos_procesador,16
Computadores,procesador_principal,Intel Xeon W-11955M,nucleos_procesador,8
Computadores,procesador_principal,Intel Xeon W-11955M,hilos_procesador,16
Computadores,procesador_principal,Intel Xeon W-1250,nucleos_procesador,6
Computadores,procesador_principal,Intel Xeon W-1250,hilos_procesador,12
Computadores,procesador_principal,Intel Xeon W-1250E,nucleos_procesador,6
Computadores,procesador_principal,Intel Xeon W-1250E,hilos_procesador,12
Computadores,procesador_principal,Intel Xeon W-1250P,nucleos_procesador,6
Computadores,procesador_principal,Intel Xeon W-1250P,hilos_procesador,12
Computadores,procesador_principal,Intel Xeon W-1270,nucleos_procesador,8
Computadores,procesador_principal,Intel Xeon W-1270,hilos_procesador,16
Computadores,procesador_principal,Intel Xeon W-1270E,nucleos_procesador,8
Computadores,procesador_principal,Intel Xeon W-1270E,hilos_procesador,16
Computadores,procesador_principal,Intel Xeon W-1270P,nucleos_procesador,8
Computadores,procesador_principal,Intel Xeon W-1270P,hilos_procesador,16
Computadores,procesador_principal,Intel Xeon W-1270TE,nucleos_procesador,8
Computadores,procesador_principal,Intel Xeon W-1270TE,hilos_procesador,16
Computadores,procesador_principal,Intel Xeon W-1290,nucleos_procesador,10
Computadores,procesador_principal,Intel Xeon W-1290,hilos_procesador,20
Computadores,procesador_principal,Intel Xeon W-1290E,nucleos_procesador,10
Computadores,procesador_principal,Intel Xeon W-1290E,hilos_procesador,20
Computadores,procesador_principal,Intel Xeon W-1290P,nucleos_procesador,10
Computadores,procesador_principal,Intel Xeon W-1290P,hilos_procesador,20
Computadores,procesador_principal,Intel Xeon W-1290T,nucleos_procesador,10
Computadores,procesador_principal,Intel Xeon W-1290T,hilos_procesador,20
Computadores,procesador_principal,Intel Xeon W-1290TE,nucleos_procesador,10
Computadores,procesador_principal,Intel Xeon W-1290TE,hilos_procesador,20
Computadores,procesador_principal,Intel Xeon W-1350,nucleos_procesador,6
Computadores,procesador_principal,Intel Xeon W-1350,hilos_procesador,12
Computadores,procesador_principal,Intel Xeon W-1350P,nucleos_procesador,6
Computadores,procesador_principal,Intel Xeon W-1350P,hilos_procesador,12
Computadores,procesador_principal,Intel Xeon W-1370,nucleos_procesador,8
Computadores,procesador_principal,Intel Xeon W-1370,hilos_procesador,16
Computadores,procesador_principal,Intel Xeon W-1370P,nucleos_procesador,8
Computadores,procesador_principal,Intel Xeon W-1370P,hilos_procesador,16
Computadores,procesador_principal,Intel Xeon W-1390,nucleos_procesador,8
Computadores,procesador_principal,Intel Xeon W-1390,hilos_procesador,16
Computadores,procesador_principal,Intel Xeon W-1390P,nucleos_procesador,8
Computadores,procesador_principal,Intel Xeon W-1390P,hilos_procesador,16
Computadores,procesador_principal,Intel Xeon W-2102,nucleos_procesador,4
Computadores,procesador_principal,Intel Xeon W-2102,hilos_procesador,4
Computadores,procesador_principal,Intel Xeon W-2104,nucleos_procesador,4
Computadores,procesador_principal,Intel Xeon W-2104,hilos_procesador,4
Computadores,procesador_principal,Intel Xeon W-2123,nucleos_procesador,4
Computadores,procesador_principal,Intel Xeon W-2123,hilos_procesador,8
Computadores,procesador_principal,Intel Xeon W-2125,nucleos_procesador,4
Computadores,procesador_principal,Intel Xeon W-2125,hilos_procesador,8
Computadores,procesador_principal,Intel Xeon W-2133,nucleos_procesador,6
Computadores,procesador_principal,Intel Xeon W-2133,hilos_procesador,12
Computadores,procesador_principal,Intel Xeon W-2135,nucleos_procesador,6
Computadores,procesador_principal,Intel Xeon W-2135,hilos_procesador,12
Computadores,procesador_principal,Intel Xeon W-2140B,nucleos_procesador,8
Computadores,procesador_principal,Intel Xeon W-2140B,hilos_procesador,16
Computadores,procesador_principal,Intel Xeon W-2145,nucleos_procesador,8
Computadores,procesador_principal,Intel Xeon W-2145,hilos_procesador,16
Computadores,procesador_principal,Intel Xeon W-2150B,nucleos_procesador,10
Computadores,procesador_principal,Intel Xeon W-2150B,hilos_procesador,20
Computadores,procesador_principal,Intel Xeon W-2155,nucleos_procesador,10
Computadores,procesador_principal,Intel Xeon W-2155,hilos_procesador,20
Computadores,procesador_principal,Intel Xeon W-2170B,nucleos_procesador,14
Computadores,procesador_principal,Intel Xeon W-2170B,hilos_procesador,28
Computadores,procesador_principal,Intel Xeon W-2175,nucleos_procesador,14
Computadores,procesador_principal,Intel Xeon W-2175,hilos_procesador,28
Computadores,procesador_principal,Intel Xeon W-2191B,nucleos_procesador,18
Computadores,procesador_principal,Intel Xeon W-2191B,hilos_procesador,36
Computadores,procesador_principal,Intel Xeon W-2195,nucleos_procesador,18
Computadores,procesador_principal,Intel Xeon W-2195,hilos_procesador,36
Computadores,procesador_principal,Intel Xeon W-2223,nucleos_procesador,4
Computadores,procesador_principal,Intel Xeon W-2223,hilos_procesador,8
Computadores,procesador_principal,Intel Xeon W-2225,nucleos_procesador,4
Computadores,procesador_principal,Intel Xeon W-2225,hilos_procesador,8
Computadores,procesador_principal,Intel Xeon W-2235,nucleos_procesador,6
Computadores,procesador_principal,Intel Xeon W-2235,hilos_procesador,12
Computadores,procesador_principal,Intel Xeon W-2245,nucleos_procesador,8
Computadores,procesador_principal,Intel Xeon W-2245,hilos_procesador,16
Computadores,procesador_principal,Intel Xeon W-2255,nucleos_procesador,10
Computadores,procesador_principal,Intel Xeon W-2255,hilos_procesador,20
Computadores,procesador_principal,Intel Xeon W-2265,nucleos_procesador,12
Computadores,procesador_principal,Intel Xeon W-2265,hilos_procesador,24
Computadores,procesador_principal,Intel Xeon W-2275,nucleos_procesador,14
Computadores,procesador_principal,Intel Xeon W-2275,hilos_procesador,28
Computadores,procesador_principal,Intel Xeon W-2295,nucleos_procesador,18
Computadores,procesador_principal,Intel Xeon W-2295,hilos_procesador,36
Computadores,procesador_principal,Intel Xeon W-3175X,nucleos_procesador,28
Computadores,procesador_principal,Intel Xeon W-3175X,hilos_procesador,56
Computadores,procesador_principal,Intel Xeon W-3223,nucleos_procesador,8
Computadores,procesador_principal,Intel Xeon W-3223,hilos_procesador,16
Computadores,procesador_principal,Intel Xeon W-3225,nucleos_procesador,8
Computadores,procesador_principal,Intel Xeon W-3225,hilos_procesador,16
Computadores,procesador_principal,Intel Xeon W-3235,nucleos_procesador,12
Computadores,procesador_principal,Intel Xeon W-3235,hilos_procesador,24
Computadores,procesador_principal,Intel Xeon W-3245,nucleos_procesador,16
Computadores,procesador_principal,Intel Xeon W-3245,hilos_procesador,32
Computadores,procesador_principal,Intel Xeon W-3245M,nucleos_procesador,16
Computadores,procesador_principal,Intel Xeon W-3245M,hilos_procesador,32
Computadores,procesador_principal,Intel Xeon W-3265,nucleos_procesador,24
Computadores,procesador_principal,Intel Xeon W-3265,hilos_procesador,48
Computadores,procesador_principal,Intel Xeon W-3265M,nucleos_procesador,24
Computadores,procesador_principal,Intel Xeon W-3265M,hilos_procesador,48
Computadores,procesador_principal,Intel Xeon W-3275,nucleos_procesador,28
Computadores,procesador_principal,Intel Xeon W-3275,hilos_procesador,56
Computadores,procesador_principal,Intel Xeon W-3275M,nucleos_procesador,28
Computadores,procesador_principal,Intel Xeon W-3275M,hilos_procesador,56
Computadores,procesador_principal,Intel Xeon W-3323,nucleos_procesador,12
Computadores,procesador_principal,Intel Xeon W-3323,hilos_procesador,24
Computadores,procesador_principal,Intel Xeon W-3335,nucleos_procesador,16
Computadores,procesador_principal,Intel Xeon W-3335,hilos_procesador,32
Computadores,procesador_principal,Intel Xeon W-3345,nucleos_procesador,24
Computadores,procesador_principal,Intel Xeon W-3345,hilos_procesador,48
Computadores,procesador_principal,Intel Xeon W-3365,nucleos_procesador,32
Computadores,procesador_principal,Intel Xeon W-3365,hilos_procesador,64
Computadores,procesador_principal,Intel Xeon W-3375,nucleos_procesador,38
Computadores,procesador_principal,Intel Xeon W-3375,hilos_procesador,76
Computadores,procesador_principal,Intel Xeon w3-2423,nucleos_procesador,6
Computadores,procesador_principal,Intel Xeon w3-2423,hilos_procesador,12
Computadores,procesador_principal,Intel Xeon w3-2425,nucleos_procesador,6
Computadores,procesador_principal,Intel Xeon w3-2425,hilos_procesador,12
Computadores,procesador_principal,Intel Xeon w3-2435,nucleos_procesador,8
Computadores,procesador_principal,Intel Xeon w3-2435,hilos_procesador,16
Computadores,procesador_principal,Intel Xeon w3-2525,nucleos_procesador,8
Computadores,procesador_principal,Intel Xeon w3-2525,hilos_procesador,16
Computadores,procesador_principal,Intel Xeon w3-2535,nucleos_procesador,10
Computadores,procesador_principal,Intel Xeon w3-2535,hilos_procesador,20
Computadores,procesador_principal,Intel Xeon W3503,nucleos_procesador,2
Computadores,procesador_principal,Intel Xeon W3503,hilos_procesador,2
Computadores,procesador_principal,Intel Xeon W3505,nucleos_procesador,2
Computadores,procesador_principal,Intel Xeon W3505,hilos_procesador,2
Computadores,procesador_principal,Intel Xeon W3520,nucleos_procesador,4
Computadores,procesador_principal,Intel Xeon W3520,hilos_procesador,8
Computadores,procesador_principal,Intel Xeon W3530,nucleos_procesador,4
Computadores,procesador_principal,Intel Xeon W3530,hilos_procesador,8
Computadores,procesador_principal,Intel Xeon W3540,nucleos_procesador,4
Computadores,procesador_principal,Intel Xeon W3540,hilos_procesador,8
Computadores,procesador_principal,Intel Xeon W3550,nucleos_procesador,4
Computadores,procesador_principal,Intel Xeon W3550,hilos_procesador,8
Computadores,procesador_principal,Intel Xeon W3565,nucleos_procesador,4
Computadores,procesador_principal,Intel Xeon W3565,hilos_procesador,8
Computadores,procesador_principal,Intel Xeon W3570,nucleos_procesador,4
Computadores,procesador_principal,Intel Xeon W3570,hilos_procesador,8
Computadores,procesador_principal,Intel Xeon W3580,nucleos_procesador,4
Computadores,procesador_principal,Intel Xeon W3580,hilos_procesador,8
Computadores,procesador_principal,Intel Xeon W3670,nucleos_procesador,6
Computadores,procesador_principal,Intel Xeon W3670,hilos_procesador,12
Computadores,procesador_principal,Intel Xeon W3680,nucleos_procesador,6
Computadores,procesador_principal,Intel Xeon W3680,hilos_procesador,12
Computadores,procesador_principal,Intel Xeon W3690,nucleos_procesador,6
Computadores,procesador_principal,Intel Xeon W3690,hilos_procesador,12
Computadores,procesador_principal,Intel Xeon w5-2445,nucleos_procesador,10
Computadores,procesador_principal,Intel Xeon w5-2445,hilos_procesador,20
Computadores,procesador_principal,Intel Xeon w5-2455X,nucleos_procesador,12
Computadores,procesador_principal,Intel Xeon w5-2455X,hilos_procesador,24
Computadores,procesador_principal,Intel Xeon w5-2465X,nucleos_procesador,16
Computadores,procesador_principal,Intel Xeon w5-2465X,hilos_procesador,32
Computadores,procesador_principal,Intel Xeon w5-2545,nucleos_procesador,12
Computadores,procesador_principal,Intel Xeon w5-2545,hilos_procesador,24
Computadores,procesador_principal,Intel Xeon w5-2565X,nucleos_procesador,18
Computadores,procesador_principal,Intel Xeon w5-2565X,hilos_procesador,36
Computadores,procesador_principal,Intel Xeon w5-3425,nucleos_procesador,12
Computadores,procesador_principal,Intel Xeon w5-3425,hilos_procesador,24
Computadores,procesador_principal,Intel Xeon w5-3435X,nucleos_procesador,16
Computadores,procesador_principal,Intel Xeon w5-3435X,hilos_procesador,32
Computadores,procesador_principal,Intel Xeon w5-3525,nucleos_procesador,16
Computadores,procesador_principal,Intel Xeon w5-3525,hilos_procesador,32
Computadores,procesador_principal,Intel Xeon w5-3535X,nucleos_procesador,20
Computadores,procesador_principal,Intel Xeon w5-3535X,hilos_procesador,40
Computadores,procesador_principal,Intel Xeon W5580,nucleos_procesador,4
Computadores,procesador_principal,Intel Xeon W5580,hilos_procesador,8
Computadores,procesador_principal,Intel Xeon W5590,nucleos_procesador,4
Computadores,procesador_principal,Intel Xeon W5590,hilos_procesador,8
Computadores,procesador_principal,Intel Xeon w7-2475X,nucleos_procesador,20
Computadores,procesador_principal,Intel Xeon w7-2475X,hilos_procesador,40
Computadores,procesador_principal,Intel Xeon w7-2495X,nucleos_procesador,24
Computadores,procesador_principal,Intel Xeon w7-2495X,hilos_procesador,48
Computadores,procesador_principal,Intel Xeon w7-2575X,nucleos_procesador,22
Computadores,procesador_principal,Intel Xeon w7-2575X,hilos_procesador,44
Computadores,procesador_principal,Intel Xeon w7-2595X,nucleos_procesador,26
Computadores,procesador_principal,Intel Xeon w7-2595X,hilos_procesador,52
Computadores,procesador_principal,Intel Xeon w7-3445,nucleos_procesador,20
Computadores,procesador_principal,Intel Xeon w7-3445,hilos_procesador,40
Computadores,procesador_principal,Intel Xeon w7-3455,nucleos_procesador,24
Computadores,procesador_principal,Intel Xeon w7-3455,hilos_procesador,48
Computadores,procesador_principal,Intel Xeon w7-3465X,nucleos_procesador,28
Computadores,procesador_principal,Intel Xeon w7-3465X,hilos_procesador,56
Computadores,procesador_principal,Intel Xeon w7-3565X,nucleos_procesador,32
Computadores,procesador_principal,Intel Xeon w7-3565X,hilos_procesador,64
Computadores,procesador_principal,Intel Xeon w9-3475X,nucleos_procesador,36
Computadores,procesador_principal,Intel Xeon w9-3475X,hilos_procesador,72
Computadores,procesador_principal,Intel Xeon w9-3495X,nucleos_procesador,56
Computadores,procesador_principal,Intel Xeon w9-3495X,hilos_procesador,112
Computadores,procesador_principal,Intel Xeon w9-3575X,nucleos_procesador,44
Computadores,procesador_principal,Intel Xeon w9-3575X,hilos_procesador,88
Computadores,procesador_principal,Intel Xeon w9-3595X,nucleos_procesador,60
Computadores,procesador_principal,Intel Xeon w9-3595X,hilos_procesador,120
Computadores,procesador_principal,Intel Xeon X3210,nucleos_procesador,4
Computadores,procesador_principal,Intel Xeon X3210,hilos_procesador,4
Computadores,procesador_principal,Intel Xeon X3220,nucleos_procesador,4
Computadores,procesador_principal,Intel Xeon X3220,hilos_procesador,4
Computadores,procesador_principal,Intel Xeon X3230,nucleos_procesador,4
Computadores,procesador_principal,Intel Xeon X3230,hilos_procesador,4
Computadores,procesador_principal,Intel Xeon X3320,nucleos_procesador,4
Computadores,procesador_principal,Intel Xeon X3320,hilos_procesador,4
Computadores,procesador_principal,Intel Xeon X3323,nucleos_procesador,4
Computadores,procesador_principal,Intel Xeon X3323,hilos_procesador,4
Computadores,procesador_principal,Intel Xeon X3330,nucleos_procesador,4
Computadores,procesador_principal,Intel Xeon X3330,hilos_procesador,4
Computadores,procesador_principal,Intel Xeon X3350,nucleos_procesador,4
Computadores,procesador_principal,Intel Xeon X3350,hilos_procesador,4
Computadores,procesador_principal,Intel Xeon X3353,nucleos_procesador,4
Computadores,procesador_principal,Intel Xeon X3353,hilos_procesador,4
Computadores,procesador_principal,Intel Xeon X3360,nucleos_procesador,4
Computadores,procesador_principal,Intel Xeon X3360,hilos_procesador,4
Computadores,procesador_principal,Intel Xeon X3363,nucleos_procesador,4
Computadores,procesador_principal,Intel Xeon X3363,hilos_procesador,4
Computadores,procesador_principal,Intel Xeon X3370,nucleos_procesador,4
Computadores,procesador_principal,Intel Xeon X3370,hilos_procesador,4
Computadores,procesador_principal,Intel Xeon X3380,nucleos_procesador,4
Computadores,procesador_principal,Intel Xeon X3380,hilos_procesador,4
Computadores,procesador_principal,Intel Xeon X3430,nucleos_procesador,4
Computadores,procesador_principal,Intel Xeon X3430,hilos_procesador,4
Computadores,procesador_principal,Intel Xeon X3440,nucleos_procesador,4
Computadores,procesador_principal,Intel Xeon X3440,hilos_procesador,8
Computadores,procesador_principal,Intel Xeon X3450,nucleos_procesador,4
Computadores,procesador_principal,Intel Xeon X3450,hilos_procesador,8
Computadores,procesador_principal,Intel Xeon X3460,nucleos_procesador,4
Computadores,procesador_principal,Intel Xeon X3460,hilos_procesador,8
Computadores,procesador_principal,Intel Xeon X3470,nucleos_procesador,4
Computadores,procesador_principal,Intel Xeon X3470,hilos_procesador,8
Computadores,procesador_principal,Intel Xeon X3480,nucleos_procesador,4
Computadores,procesador_principal,Intel Xeon X3480,hilos_procesador,8
Computadores,procesador_principal,Intel Xeon X5260,nucleos_procesador,2
Computadores,procesador_principal,Intel Xeon X5260,hilos_procesador,2
Computadores,procesador_principal,Intel Xeon X5270,nucleos_procesador,2
Computadores,procesador_principal,Intel Xeon X5270,hilos_procesador,2
Computadores,procesador_principal,Intel Xeon X5272,nucleos_procesador,2
Computadores,procesador_principal,Intel Xeon X5272,hilos_procesador,2
Computadores,procesador_principal,Intel Xeon X5355,nucleos_procesador,4
Computadores,procesador_principal,Intel Xeon X5355,hilos_procesador,4
Computadores,procesador_principal,Intel Xeon X5365,nucleos_procesador,4
Computadores,procesador_principal,Intel Xeon X5365,hilos_procesador,4
Computadores,procesador_principal,Intel Xeon X5450,nucleos_procesador,4
Computadores,procesador_principal,Intel Xeon X5450,hilos_procesador,4
Computadores,procesador_principal,Intel Xeon X5460,nucleos_procesador,4
Computadores,procesador_principal,Intel Xeon X5460,hilos_procesador,4
Computadores,procesador_principal,Intel Xeon X5470,nucleos_procesador,4
Computadores,procesador_principal,Intel Xeon X5470,hilos_procesador,4
Computadores,procesador_principal,Intel Xeon X5472,nucleos_procesador,4
Computadores,procesador_principal,Intel Xeon X5472,hilos_procesador,4
Computadores,procesador_principal,Intel Xeon X5482,nucleos_procesador,4
Computadores,procesador_principal,Intel Xeon X5482,hilos_procesador,4
Computadores,procesador_principal,Intel Xeon X5492,nucleos_procesador,4
Computadores,procesador_principal,Intel Xeon X5492,hilos_procesador,4
Computadores,procesador_principal,Intel Xeon X5550,nucleos_procesador,4
Computadores,procesador_principal,Intel Xeon X5550,hilos_procesador,8
Computadores,procesador_principal,Intel Xeon X5560,nucleos_procesador,4
Computadores,procesador_principal,Intel Xeon X5560,hilos_procesador,8
Computadores,procesador_principal,Intel Xeon X5570,nucleos_procesador,4
Computadores,procesador_principal,Intel Xeon X5570,hilos_procesador,8
Computadores,procesador_principal,Intel Xeon X5647,nucleos_procesador,4
Computadores,procesador_principal,Intel Xeon X5647,hilos_procesador,8
Computadores,procesador_principal,Intel Xeon X5650,nucleos_procesador,6
Computadores,procesador_principal,Intel Xeon X5650,hilos_procesador,12
Computadores,procesador_principal,Intel Xeon X5660,nucleos_procesador,6
Computadores,procesador_principal,Intel Xeon X5660,hilos_procesador,12
Computadores,procesador_principal,Intel Xeon X5667,nucleos_procesador,4
Computadores,procesador_principal,Intel Xeon X5667,hilos_procesador,8
Computadores,procesador_principal,Intel Xeon X5670,nucleos_procesador,6
Computadores,procesador_principal,Intel Xeon X5670,hilos_procesador,12
Computadores,procesador_principal,Intel Xeon X5672,nucleos_procesador,4
Computadores,procesador_principal,Intel Xeon X5672,hilos_procesador,8
Computadores,procesador_principal,Intel Xeon X5675,nucleos_procesador,6
Computadores,procesador_principal,Intel Xeon X5675,hilos_procesador,12
Computadores,procesador_principal,Intel Xeon X5677,nucleos_procesador,4
Computadores,procesador_principal,Intel Xeon X5677,hilos_procesador,8
Computadores,procesador_principal,Intel Xeon X5679,nucleos_procesador,6
Computadores,procesador_principal,Intel Xeon X5679,hilos_procesador,12
Computadores,procesador_principal,Intel Xeon X5680,nucleos_procesador,6
Computadores,procesador_principal,Intel Xeon X5680,hilos_procesador,12
Computadores,procesador_principal,Intel Xeon X5687,nucleos_procesador,4
Computadores,procesador_principal,Intel Xeon X5687,hilos_procesador,8
Computadores,procesador_principal,Intel Xeon X5690,nucleos_procesador,6
Computadores,procesador_principal,Intel Xeon X5690,hilos_procesador,12
Computadores,procesador_principal,Intel Xeon X5698,nucleos_procesador,2
Computadores,procesador_principal,Intel Xeon X5698,hilos_procesador,4
Computadores,procesador_principal,Intel Xeon X6550,nucleos_procesador,4
Computadores,procesador_principal,Intel Xeon X6550,hilos_procesador,4
Computadores,procesador_principal,Intel Xeon X7350,nucleos_procesador,4
Computadores,procesador_principal,Intel Xeon X7350,hilos_procesador,4
Computadores,procesador_principal,Intel Xeon X7460,nucleos_procesador,6
Computadores,procesador_principal,Intel Xeon X7460,hilos_procesador,6
Computadores,procesador_principal,Intel Xeon X7550,nucleos_procesador,8
Computadores,procesador_principal,Intel Xeon X7550,hilos_procesador,16
Computadores,procesador_principal,Intel Xeon X7560,nucleos_procesador,8
Computadores,procesador_principal,Intel Xeon X7560,hilos_procesador,16
Computadores,procesador_principal,MediaTek MT6735,nucleos_procesador,4
Computadores,procesador_principal,MediaTek MT6735,hilos_procesador,4
Computadores,procesador_principal,MediaTek MT6737,nucleos_procesador,4
Computadores,procesador_principal,MediaTek MT6737,hilos_procesador,4
Computadores,procesador_principal,MediaTek MT6737M,nucleos_procesador,4
Computadores,procesador_principal,MediaTek MT6737M,hilos_procesador,4
Computadores,procesador_principal,MediaTek MT6737T,nucleos_procesador,4
Computadores,procesador_principal,MediaTek MT6737T,hilos_procesador,4
Computadores,procesador_principal,MediaTek MT6739WA,nucleos_procesador,4
Computadores,procesador_principal,MediaTek MT6739WA,hilos_procesador,4
Computadores,procesador_principal,MediaTek MT6739WW,nucleos_procesador,4
Computadores,procesador_principal,MediaTek MT6739WW,hilos_procesador,4
Computadores,procesador_principal,MediaTek MT6750,nucleos_procesador,8
Computadores,procesador_principal,MediaTek MT6750,hilos_procesador,8
Computadores,procesador_principal,MediaTek MT6750T,nucleos_procesador,8
Computadores,procesador_principal,MediaTek MT6750T,hilos_procesador,8
Computadores,procesador_principal,MediaTek MT6750V/WT,nucleos_procesador,8
Computadores,procesador_principal,MediaTek MT6750V/WT,hilos_procesador,8
Computadores,procesador_principal,MediaTek MT6753,nucleos_procesador,8
Computadores,procesador_principal,MediaTek MT6753,hilos_procesador,8
Computadores,procesador_principal,MediaTek MT6753T,nucleos_procesador,8
Computadores,procesador_principal,MediaTek MT6753T,hilos_procesador,8
Computadores,procesador_principal,MediaTek MT6757CD,nucleos_procesador,8
Computadores,procesador_principal,MediaTek MT6757CD,hilos_procesador,8
Computadores,procesador_principal,MediaTek MT6757V,nucleos_procesador,8
Computadores,procesador_principal,MediaTek MT6757V,hilos_procesador,8
Computadores,procesador_principal,Mediatek MT6761V/CAB,nucleos_procesador,4
Computadores,procesador_principal,Mediatek MT6761V/CAB,hilos_procesador,4
Computadores,procesador_principal,MediaTek MT6761V/WBB,nucleos_procesador,4
Computadores,procesador_principal,MediaTek MT6761V/WBB,hilos_procesador,4
Computadores,procesador_principal,MediaTek MT6761V/WE,nucleos_procesador,4
Computadores,procesador_principal,MediaTek MT6761V/WE,hilos_procesador,4
Computadores,procesador_principal,MediaTek MT6762G,nucleos_procesador,8
Computadores,procesador_principal,MediaTek MT6762G,hilos_procesador,8
Computadores,procesador_principal,MediaTek MT6762V/CA,nucleos_procesador,8
Computadores,procesador_principal,MediaTek MT6762V/CA,hilos_procesador,8
Computadores,procesador_principal,MediaTek MT6762V/CB,nucleos_procesador,8
Computadores,procesador_principal,MediaTek MT6762V/CB,hilos_procesador,8
Computadores,procesador_principal,MediaTek MT6762V/CN,nucleos_procesador,4
Computadores,procesador_principal,MediaTek MT6762V/CN,hilos_procesador,4
Computadores,procesador_principal,MediaTek MT6762V/WA,nucleos_procesador,8
Computadores,procesador_principal,MediaTek MT6762V/WA,hilos_procesador,8
Computadores,procesador_principal,MediaTek MT6762V/WB,nucleos_procesador,8
Computadores,procesador_principal,MediaTek MT6762V/WB,hilos_procesador,8
Computadores,procesador_principal,MediaTek MT6762V/WD,nucleos_procesador,8
Computadores,procesador_principal,MediaTek MT6762V/WD,hilos_procesador,8
Computadores,procesador_principal,MediaTek MT6762V/WR,nucleos_procesador,8
Computadores,procesador_principal,MediaTek MT6762V/WR,hilos_procesador,8
Computadores,procesador_principal,MediaTek MT6763V/CE,nucleos_procesador,8
Computadores,procesador_principal,MediaTek MT6763V/CE,hilos_procesador,8
Computadores,procesador_principal,MediaTek MT6763V/V,nucleos_procesador,8
Computadores,procesador_principal,MediaTek MT6763V/V,hilos_procesador,8
Computadores,procesador_principal,Mediatek MT6765,nucleos_procesador,8
Computadores,procesador_principal,Mediatek MT6765,hilos_procesador,8
Computadores,procesador_principal,MediaTek MT6765G,nucleos_procesador,8
Computadores,procesador_principal,MediaTek MT6765G,hilos_procesador,8
Computadores,procesador_principal,Mediatek MT6765H,nucleos_procesador,8
Computadores,procesador_principal,Mediatek MT6765H,hilos_procesador,8
Computadores,procesador_principal,MediaTek MT6765V/CA,nucleos_procesador,8
Computadores,procesador_principal,MediaTek MT6765V/CA,hilos_procesador,8
Computadores,procesador_principal,MediaTek MT6765V/CB,nucleos_procesador,8
Computadores,procesador_principal,MediaTek MT6765V/CB,hilos_procesador,8
Computadores,procesador_principal,Mediatek MT6765V/WB,nucleos_procesador,8
Computadores,procesador_principal,Mediatek MT6765V/WB,hilos_procesador,8
Computadores,procesador_principal,Mediatek MT6768G,nucleos_procesador,8
Computadores,procesador_principal,Mediatek MT6768G,hilos_procesador,8
Computadores,procesador_principal,MediaTek MT6768V/CA,nucleos_procesador,8
Computadores,procesador_principal,MediaTek MT6768V/CA,hilos_procesador,8
Computadores,procesador_principal,MediaTek MT6771V/C,nucleos_procesador,8
Computadores,procesador_principal,MediaTek MT6771V/C,hilos_procesador,8
Computadores,procesador_principal,MediaTek MT6771V/CT,nucleos_procesador,8
Computadores,procesador_principal,MediaTek MT6771V/CT,hilos_procesador,8
Computadores,procesador_principal,MediaTek MT6771V/W,nucleos_procesador,8
Computadores,procesador_principal,MediaTek MT6771V/W,hilos_procesador,8
Computadores,procesador_principal,MediaTek MT6771V/WM,nucleos_procesador,8
Computadores,procesador_principal,MediaTek MT6771V/WM,hilos_procesador,8
Computadores,procesador_principal,MediaTek MT6771V/WT,nucleos_procesador,8
Computadores,procesador_principal,MediaTek MT6771V/WT,hilos_procesador,8
Computadores,procesador_principal,Mediatek MT6779,nucleos_procesador,8
Computadores,procesador_principal,Mediatek MT6779,hilos_procesador,8
Computadores,procesador_principal,MediaTek MT6779V/CE,nucleos_procesador,8
Computadores,procesador_principal,MediaTek MT6779V/CE,hilos_procesador,8
Computadores,procesador_principal,MediaTek MT6779V/CU,nucleos_procesador,8
Computadores,procesador_principal,MediaTek MT6779V/CU,hilos_procesador,8
Computadores,procesador_principal,MediaTek MT6779V/CV,nucleos_procesador,8
Computadores,procesador_principal,MediaTek MT6779V/CV,hilos_procesador,8
Computadores,procesador_principal,Mediatek MT6781,nucleos_procesador,8
Computadores,procesador_principal,Mediatek MT6781,hilos_procesador,8
Computadores,procesador_principal,Mediatek MT6781V/CD,nucleos_procesador,8
Computadores,procesador_principal,Mediatek MT6781V/CD,hilos_procesador,8
Computadores,procesador_principal,Mediatek MT6781V/CDZAMB-H,nucleos_procesador,8
Computadores,procesador_principal,Mediatek MT6781V/CDZAMB-H,hilos_procesador,8
Computadores,procesador_principal,MediaTek MT6785V/CC,nucleos_procesador,8
Computadores,procesador_principal,MediaTek MT6785V/CC,hilos_procesador,8
Computadores,procesador_principal,MediaTek MT6785V/CD,nucleos_procesador,8
Computadores,procesador_principal,MediaTek MT6785V/CD,hilos_procesador,8
Computadores,procesador_principal,Mediatek MT6789V/CD,nucleos_procesador,8
Computadores,procesador_principal,Mediatek MT6789V/CD,hilos_procesador,8
Computadores,procesador_principal,MediaTek MT6797,nucleos_procesador,10
Computadores,procesador_principal,MediaTek MT6797,hilos_procesador,10
Computadores,procesador_principal,MediaTek MT6797T,nucleos_procesador,10
Computadores,procesador_principal,MediaTek MT6797T,hilos_procesador,10
Computadores,procesador_principal,MediaTek MT6797X,nucleos_procesador,10
Computadores,procesador_principal,MediaTek MT6797X,hilos_procesador,10
Computadores,procesador_principal,Mediatek MT6833,nucleos_procesador,8
Computadores,procesador_principal,Mediatek MT6833,hilos_procesador,8
Computadores,procesador_principal,Mediatek MT6833GP,nucleos_procesador,8
Computadores,procesador_principal,Mediatek MT6833GP,hilos_procesador,8
Computadores,procesador_principal,Mediatek MT6833P,nucleos_procesador,8
Computadores,procesador_principal,Mediatek MT6833P,hilos_procesador,8
Computadores,procesador_principal,Mediatek MT6833V/NZA,nucleos_procesador,8
Computadores,procesador_principal,Mediatek MT6833V/NZA,hilos_procesador,8
Computadores,procesador_principal,Mediatek MT6833V/PNZA,nucleos_procesador,8
Computadores,procesador_principal,Mediatek MT6833V/PNZA,hilos_procesador,8
Computadores,procesador_principal,Mediatek MT6833V/ZA,nucleos_procesador,8
Computadores,procesador_principal,Mediatek MT6833V/ZA,hilos_procesador,8
Computadores,procesador_principal,MediaTek MT6853T,nucleos_procesador,8
Computadores,procesador_principal,MediaTek MT6853T,hilos_procesador,8
Computadores,procesador_principal,Mediatek MT6853V/NZA,nucleos_procesador,8
Computadores,procesador_principal,Mediatek MT6853V/NZA,hilos_procesador,8
Computadores,procesador_principal,Mediatek MT6853V/TNZA,nucleos_procesador,8
Computadores,procesador_principal,Mediatek MT6853V/TNZA,hilos_procesador,8
Computadores,procesador_principal,MediaTek MT6873,nucleos_procesador,8
Computadores,procesador_principal,MediaTek MT6873,hilos_procesador,8
Computadores,procesador_principal,Mediatek MT6877V/TTZA,nucleos_procesador,8
Computadores,procesador_principal,Mediatek MT6877V/TTZA,hilos_procesador,8
Computadores,procesador_principal,Mediatek MT6877V/TZA,nucleos_procesador,8
Computadores,procesador_principal,Mediatek MT6877V/TZA,hilos_procesador,8
Computadores,procesador_principal,Mediatek MT6883Z/CZA,nucleos_procesador,8
Computadores,procesador_principal,Mediatek MT6883Z/CZA,hilos_procesador,8
Computadores,procesador_principal,Mediatek MT6891Z_Z/CZA,nucleos_procesador,8
Computadores,procesador_principal,Mediatek MT6891Z_Z/CZA,hilos_procesador,8
Computadores,procesador_principal,Mediatek MT6893,nucleos_procesador,8
Computadores,procesador_principal,Mediatek MT6893,hilos_procesador,8
Computadores,procesador_principal,MediaTek MT6895,nucleos_procesador,8
Computadores,procesador_principal,MediaTek MT6895,hilos_procesador,8
Computadores,procesador_principal,Mediatek MT6895Z/TCZA,nucleos_procesador,8
Computadores,procesador_principal,Mediatek MT6895Z/TCZA,hilos_procesador,8
Computadores,procesador_principal,Mediatek MT6895Z_A/TCZA,nucleos_procesador,8
Computadores,procesador_principal,Mediatek MT6895Z_A/TCZA,hilos_procesador,8
Computadores,procesador_principal,Mediatek MT6895Z_B/TCZA,nucleos_procesador,8
Computadores,procesador_principal,Mediatek MT6895Z_B/TCZA,hilos_procesador,8
Computadores,procesador_principal,MediaTek MT6983,nucleos_procesador,8
Computadores,procesador_principal,MediaTek MT6983,hilos_procesador,8
Computadores,procesador_principal,MediaTek MT8163,nucleos_procesador,4
Computadores,procesador_principal,MediaTek MT8163,hilos_procesador,4
Computadores,procesador_principal,MediaTek MT8166B,nucleos_procesador,4
Computadores,procesador_principal,MediaTek MT8166B,hilos_procesador,4
Computadores,procesador_principal,MediaTek MT8167B,nucleos_procesador,4
Computadores,procesador_principal,MediaTek MT8167B,hilos_procesador,4
Computadores,procesador_principal,MediaTek MT8168,nucleos_procesador,4
Computadores,procesador_principal,MediaTek MT8168,hilos_procesador,4
Computadores,procesador_principal,MediaTek MT8168A,nucleos_procesador,4
Computadores,procesador_principal,MediaTek MT8168A,hilos_procesador,4
Computadores,procesador_principal,MediaTek MT8183,nucleos_procesador,8
Computadores,procesador_principal,MediaTek MT8183,hilos_procesador,8
Computadores,procesador_principal,MediaTek MT8735B,nucleos_procesador,4
Computadores,procesador_principal,MediaTek MT8735B,hilos_procesador,4
Computadores,procesador_principal,Mediatek MT8766A,nucleos_procesador,4
Computadores,procesador_principal,Mediatek MT8766A,hilos_procesador,4
Computadores,procesador_principal,Mediatek MT8766B,nucleos_procesador,4
Computadores,procesador_principal,Mediatek MT8766B,hilos_procesador,4
Computadores,procesador_principal,MediaTek MT8768CT,nucleos_procesador,8
Computadores,procesador_principal,MediaTek MT8768CT,hilos_procesador,8
Computadores,procesador_principal,MediaTek MT8768WA,nucleos_procesador,8
Computadores,procesador_principal,MediaTek MT8768WA,hilos_procesador,8
Computadores,procesador_principal,MediaTek MT8768WT,nucleos_procesador,8
Computadores,procesador_principal,MediaTek MT8768WT,hilos_procesador,8
Computadores,procesador_principal,Mediatek MT8771V/PZA,nucleos_procesador,8
Computadores,procesador_principal,Mediatek MT8771V/PZA,hilos_procesador,8
Computadores,procesador_principal,Mediatek MT8781V/CA,nucleos_procesador,8
Computadores,procesador_principal,Mediatek MT8781V/CA,hilos_procesador,8
Computadores,procesador_principal,Mediatek MT8781V/NA,nucleos_procesador,8
Computadores,procesador_principal,Mediatek MT8781V/NA,hilos_procesador,8
Computadores,procesador_principal,Mediatek MT8786V/CT,nucleos_procesador,8
Computadores,procesador_principal,Mediatek MT8786V/CT,hilos_procesador,8
Computadores,procesador_principal,Mediatek MT8786V/N,nucleos_procesador,8
Computadores,procesador_principal,Mediatek MT8786V/N,hilos_procesador,8
Computadores,procesador_principal,Mediatek MT8788,nucleos_procesador,8
Computadores,procesador_principal,Mediatek MT8788,hilos_procesador,8
Computadores,procesador_principal,Mediatek MT8789,nucleos_procesador,8
Computadores,procesador_principal,Mediatek MT8789,hilos_procesador,8
Computadores,procesador_principal,Mediatek MT8789V/T,nucleos_procesador,8
Computadores,procesador_principal,Mediatek MT8789V/T,hilos_procesador,8
Computadores,procesador_principal,Mediatek MT8797Z/CNZA,nucleos_procesador,8
Computadores,procesador_principal,Mediatek MT8797Z/CNZA,hilos_procesador,8
Computadores,procesador_principal,Nvidia Tegra T132,nucleos_procesador,2
Computadores,procesador_principal,Nvidia Tegra T132,hilos_procesador,2
Computadores,procesador_principal,Nvidia Tegra T210,nucleos_procesador,4
Computadores,procesador_principal,Nvidia Tegra T210,hilos_procesador,4
Computadores,procesador_principal,Pentium Dual-Core E6000,nucleos_procesador,2
Computadores,procesador_principal,Pentium Dual-Core E6000,hilos_procesador,2
Computadores,procesador_principal,Pentium Dual-Core T4200,nucleos_procesador,2
Computadores,procesador_principal,Pentium Dual-Core T4200,hilos_procesador,2
Computadores,procesador_principal,Pentium Dual-Core T4500,nucleos_procesador,2
Computadores,procesador_principal,Pentium Dual-Core T4500,hilos_procesador,2
Computadores,procesador_principal,Qualcomm APQ 8084,nucleos_procesador,4
Computadores,procesador_principal,Qualcomm APQ 8084,hilos_procesador,4
Computadores,procesador_principal,Qualcomm APQ8026,nucleos_procesador,4
Computadores,procesador_principal,Qualcomm APQ8026,hilos_procesador,4
Computadores,procesador_principal,Qualcomm APQ8084,nucleos_procesador,4
Computadores,procesador_principal,Qualcomm APQ8084,hilos_procesador,4
Computadores,procesador_principal,Qualcomm MSM 8939 HUAWEI KIW-L21,nucleos_procesador,8
Computadores,procesador_principal,Qualcomm MSM 8939 HUAWEI KIW-L21,hilos_procesador,8
Computadores,procesador_principal,Qualcomm MSM 8939 HUAWEI KIW-L24,nucleos_procesador,8
Computadores,procesador_principal,Qualcomm MSM 8939 HUAWEI KIW-L24,hilos_procesador,8
Computadores,procesador_principal,Qualcomm MSM 8939 HUAWEI TEXAS-A1,nucleos_procesador,8
Computadores,procesador_principal,Qualcomm MSM 8939 HUAWEI TEXAS-A1,hilos_procesador,8
Computadores,procesador_principal,Qualcomm MSM 8974 HAMMERHEAD (Flattened Device Tre,nucleos_procesador,4
Computadores,procesador_principal,Qualcomm MSM 8974 HAMMERHEAD (Flattened Device Tre,hilos_procesador,4
Computadores,procesador_principal,Qualcomm MSM8226,nucleos_procesador,4
Computadores,procesador_principal,Qualcomm MSM8226,hilos_procesador,4
Computadores,procesador_principal,Qualcomm MSM8228,nucleos_procesador,4
Computadores,procesador_principal,Qualcomm MSM8228,hilos_procesador,4
Computadores,procesador_principal,Qualcomm MSM8626,nucleos_procesador,4
Computadores,procesador_principal,Qualcomm MSM8626,hilos_procesador,4
Computadores,procesador_principal,Qualcomm MSM8916,nucleos_procesador,4
Computadores,procesador_principal,Qualcomm MSM8916,hilos_procesador,4
Computadores,procesador_principal,Qualcomm MSM8917,nucleos_procesador,4
Computadores,procesador_principal,Qualcomm MSM8917,hilos_procesador,4
Computadores,procesador_principal,Qualcomm MSM8926,nucleos_procesador,4
Computadores,procesador_principal,Qualcomm MSM8926,hilos_procesador,4
Computadores,procesador_principal,Qualcomm MSM8928,nucleos_procesador,4
Computadores,procesador_principal,Qualcomm MSM8928,hilos_procesador,4
Computadores,procesador_principal,Qualcomm MSM8937,nucleos_procesador,8
Computadores,procesador_principal,Qualcomm MSM8937,hilos_procesador,8
Computadores,procesador_principal,Qualcomm MSM8939,nucleos_procesador,8
Computadores,procesador_principal,Qualcomm MSM8939,hilos_procesador,8
Computadores,procesador_principal,Qualcomm MSM8953,nucleos_procesador,8
Computadores,procesador_principal,Qualcomm MSM8953,hilos_procesador,8
Computadores,procesador_principal,Qualcomm MSM8974,nucleos_procesador,4
Computadores,procesador_principal,Qualcomm MSM8974,hilos_procesador,4
Computadores,procesador_principal,Qualcomm MSM8992,nucleos_procesador,6
Computadores,procesador_principal,Qualcomm MSM8992,hilos_procesador,6
Computadores,procesador_principal,Qualcomm MSM8994,nucleos_procesador,8
Computadores,procesador_principal,Qualcomm MSM8994,hilos_procesador,8
Computadores,procesador_principal,Qualcomm MSM8996,nucleos_procesador,4
Computadores,procesador_principal,Qualcomm MSM8996,hilos_procesador,4
Computadores,procesador_principal,Qualcomm MSM8998,nucleos_procesador,8
Computadores,procesador_principal,Qualcomm MSM8998,hilos_procesador,8
Computadores,procesador_principal,Qualcomm SC7180P,nucleos_procesador,8
Computadores,procesador_principal,Qualcomm SC7180P,hilos_procesador,8
Computadores,procesador_principal,Qualcomm SDM450,nucleos_procesador,8
Computadores,procesador_principal,Qualcomm SDM450,hilos_procesador,8
Computadores,procesador_principal,Qualcomm SDM660,nucleos_procesador,8
Computadores,procesador_principal,Qualcomm SDM660,hilos_procesador,8
Computadores,procesador_principal,Qualcomm SDM845,nucleos_procesador,8
Computadores,procesador_principal,Qualcomm SDM845,hilos_procesador,8
Computadores,procesador_principal,Qualcomm SM4250,nucleos_procesador,8
Computadores,procesador_principal,Qualcomm SM4250,hilos_procesador,8
Computadores,procesador_principal,Qualcomm SM4350,nucleos_procesador,8
Computadores,procesador_principal,Qualcomm SM4350,hilos_procesador,8
Computadores,procesador_principal,Qualcomm SM6125,nucleos_procesador,8
Computadores,procesador_principal,Qualcomm SM6125,hilos_procesador,8
Computadores,procesador_principal,Qualcomm SM6150,nucleos_procesador,8
Computadores,procesador_principal,Qualcomm SM6150,hilos_procesador,8
Computadores,procesador_principal,Qualcomm SM7125,nucleos_procesador,8
Computadores,procesador_principal,Qualcomm SM7125,hilos_procesador,8
Computadores,procesador_principal,Qualcomm SM7150,nucleos_procesador,8
Computadores,procesador_principal,Qualcomm SM7150,hilos_procesador,8
Computadores,procesador_principal,Qualcomm SM7250,nucleos_procesador,8
Computadores,procesador_principal,Qualcomm SM7250,hilos_procesador,8
Computadores,procesador_principal,Qualcomm SM7325,nucleos_procesador,8
Computadores,procesador_principal,Qualcomm SM7325,hilos_procesador,8
Computadores,procesador_principal,Qualcomm SM8150,nucleos_procesador,8
Computadores,procesador_principal,Qualcomm SM8150,hilos_procesador,8
Computadores,procesador_principal,Qualcomm SM8250,nucleos_procesador,8
Computadores,procesador_principal,Qualcomm SM8250,hilos_procesador,8
Computadores,procesador_principal,Qualcomm SM8350,nucleos_procesador,8
Computadores,procesador_principal,Qualcomm SM8350,hilos_procesador,8
Computadores,procesador_principal,Samsung A04S EUR OPEN REV03C board based on EXYNOS,nucleos_procesador,8
Computadores,procesador_principal,Samsung A04S EUR OPEN REV03C board based on EXYNOS,hilos_procesador,8
Computadores,procesador_principal,Samsung A13 EUR OPEN REV02B board based on EXYNOS8,nucleos_procesador,8
Computadores,procesador_principal,Samsung A13 EUR OPEN REV02B board based on EXYNOS8,hilos_procesador,8
Computadores,procesador_principal,Samsung A13 USA SINGLE REV02B board based on EXYNO,nucleos_procesador,8
Computadores,procesador_principal,Samsung A13 USA SINGLE REV02B board based on EXYNO,hilos_procesador,8
Computadores,procesador_principal,Samsung Exynos 2100,nucleos_procesador,8
Computadores,procesador_principal,Samsung Exynos 2100,hilos_procesador,8
Computadores,procesador_principal,Samsung Exynos 7420,nucleos_procesador,8
Computadores,procesador_principal,Samsung Exynos 7420,hilos_procesador,8
Computadores,procesador_principal,Samsung Exynos 7570,nucleos_procesador,4
Computadores,procesador_principal,Samsung Exynos 7570,hilos_procesador,4
Computadores,procesador_principal,Samsung Exynos 7580,nucleos_procesador,8
Computadores,procesador_principal,Samsung Exynos 7580,hilos_procesador,8
Computadores,procesador_principal,Samsung Exynos 7870,nucleos_procesador,8
Computadores,procesador_principal,Samsung Exynos 7870,hilos_procesador,8
Computadores,procesador_principal,Samsung Exynos 7880,nucleos_procesador,8
Computadores,procesador_principal,Samsung Exynos 7880,hilos_procesador,8
Computadores,procesador_principal,Samsung Exynos 7884,nucleos_procesador,8
Computadores,procesador_principal,Samsung Exynos 7884,hilos_procesador,8
Computadores,procesador_principal,Samsung Exynos 7885,nucleos_procesador,8
Computadores,procesador_principal,Samsung Exynos 7885,hilos_procesador,8
Computadores,procesador_principal,Samsung Exynos 7904,nucleos_procesador,8
Computadores,procesador_principal,Samsung Exynos 7904,hilos_procesador,8
Computadores,procesador_principal,Samsung Exynos 850,nucleos_procesador,8
Computadores,procesador_principal,Samsung Exynos 850,hilos_procesador,8
Computadores,procesador_principal,Samsung Exynos 8890,nucleos_procesador,8
Computadores,procesador_principal,Samsung Exynos 8890,hilos_procesador,8
Computadores,procesador_principal,Samsung Exynos 8895,nucleos_procesador,8
Computadores,procesador_principal,Samsung Exynos 8895,hilos_procesador,8
Computadores,procesador_principal,Samsung Exynos 9610,nucleos_procesador,8
Computadores,procesador_principal,Samsung Exynos 9610,hilos_procesador,8
Computadores,procesador_principal,Samsung Exynos 9611,nucleos_procesador,8
Computadores,procesador_principal,Samsung Exynos 9611,hilos_procesador,8
Computadores,procesador_principal,Samsung Exynos 980,nucleos_procesador,8
Computadores,procesador_principal,Samsung Exynos 980,hilos_procesador,8
Computadores,procesador_principal,Samsung Exynos 9810,nucleos_procesador,8
Computadores,procesador_principal,Samsung Exynos 9810,hilos_procesador,8
Computadores,procesador_principal,Samsung Exynos 9820,nucleos_procesador,8
Computadores,procesador_principal,Samsung Exynos 9820,hilos_procesador,8
Computadores,procesador_principal,Samsung Exynos 9825,nucleos_procesador,8
Computadores,procesador_principal,Samsung Exynos 9825,hilos_procesador,8
Computadores,procesador_principal,Samsung Exynos 990,nucleos_procesador,8
Computadores,procesador_principal,Samsung Exynos 990,hilos_procesador,8
Computadores,procesador_principal,Samsung EXYNOS5420,nucleos_procesador,4
Computadores,procesador_principal,Samsung EXYNOS5420,hilos_procesador,4
Computadores,procesador_principal,Samsung EXYNOS5433,nucleos_procesador,8
Computadores,procesador_principal,Samsung EXYNOS5433,hilos_procesador,8
Computadores,procesador_principal,SAMSUNG Exynos7420,nucleos_procesador,8
Computadores,procesador_principal,SAMSUNG Exynos7420,hilos_procesador,8
Computadores,procesador_principal,SAMSUNG Exynos7580,nucleos_procesador,8
Computadores,procesador_principal,SAMSUNG Exynos7580,hilos_procesador,8
Computadores,procesador_principal,Samsung Exynos7870,nucleos_procesador,8
Computadores,procesador_principal,Samsung Exynos7870,hilos_procesador,8
Computadores,procesador_principal,Samsung GrandPrimePlus LTE CIS rev04 board based o,nucleos_procesador,4
Computadores,procesador_principal,Samsung GrandPrimePlus LTE CIS rev04 board based o,hilos_procesador,4
Computadores,procesador_principal,Samsung GrandPrimePlus LTE LTN OPEN rev04 board ba,nucleos_procesador,4
Computadores,procesador_principal,Samsung GrandPrimePlus LTE LTN OPEN rev04 board ba,hilos_procesador,4
Computadores,procesador_principal,Samsung J7 Max LTE SWA board based on MT6757V/WL,nucleos_procesador,8
Computadores,procesador_principal,Samsung J7 Max LTE SWA board based on MT6757V/WL,hilos_procesador,8
Computadores,procesador_principal,SAMSUNG JF,nucleos_procesador,4
Computadores,procesador_principal,SAMSUNG JF,hilos_procesador,4
Computadores,procesador_principal,Samsung M13 EUR OPEN REV02 board based on EXYNOS85,nucleos_procesador,8
Computadores,procesador_principal,Samsung M13 EUR OPEN REV02 board based on EXYNOS85,hilos_procesador,8
Computadores,procesador_principal,Samsung M13 SWA INS 00 board based on EXYNOS850,nucleos_procesador,8
Computadores,procesador_principal,Samsung M13 SWA INS 00 board based on EXYNOS850,hilos_procesador,8
Computadores,procesador_principal,Samsung s5e8535,nucleos_procesador,8
Computadores,procesador_principal,Samsung s5e8535,hilos_procesador,8
Computadores,procesador_principal,Samsung s5e8825,nucleos_procesador,8
Computadores,procesador_principal,Samsung s5e8825,hilos_procesador,8
Computadores,procesador_principal,Samsung s5e8835,nucleos_procesador,8
Computadores,procesador_principal,Samsung s5e8835,hilos_procesador,8
Computadores,procesador_principal,Samsung s5e9925,nucleos_procesador,8
Computadores,procesador_principal,Samsung s5e9925,hilos_procesador,8
Computadores,procesador_principal,Snapdragon 435,nucleos_procesador,8
Computadores,procesador_principal,Snapdragon 435,hilos_procesador,8
Computadores,procesador_principal,Snapdragon 8 Gen2 Mobile Platform for Galaxy,nucleos_procesador,8
Computadores,procesador_principal,Snapdragon 8 Gen2 Mobile Platform for Galaxy,hilos_procesador,8
Computadores,procesador_principal,Snapdragon 835,nucleos_procesador,8
Computadores,procesador_principal,Snapdragon 835,hilos_procesador,8
Computadores,procesador_principal,Sony Mobile fusion3,nucleos_procesador,4
Computadores,procesador_principal,Sony Mobile fusion3,hilos_procesador,4
Computadores,procesador_principal,Spreadtrum SC7731e,nucleos_procesador,4
Computadores,procesador_principal,Spreadtrum SC7731e,hilos_procesador,4
Computadores,procesador_principal,Spreadtrum SC9832E,nucleos_procesador,4
Computadores,procesador_principal,Spreadtrum SC9832E,hilos_procesador,4
Computadores,procesador_principal,Spreadtrum SC9853I-IA,nucleos_procesador,8
Computadores,procesador_principal,Spreadtrum SC9853I-IA,hilos_procesador,8
Computadores,procesador_principal,Spreadtrum SC9863A,nucleos_procesador,8
Computadores,procesador_principal,Spreadtrum SC9863A,hilos_procesador,8
Computadores,procesador_principal,Spreadtrum SC9863A Board,nucleos_procesador,8
Computadores,procesador_principal,Spreadtrum SC9863A Board,hilos_procesador,8
Computadores,procesador_principal,Spreadtrum T310,nucleos_procesador,4
Computadores,procesador_principal,Spreadtrum T310,hilos_procesador,4
Computadores,procesador_principal,Spreadtrum T606,nucleos_procesador,8
Computadores,procesador_principal,Spreadtrum T606,hilos_procesador,8
Computadores,procesador_principal,Spreadtrum T612,nucleos_procesador,8
Computadores,procesador_principal,Spreadtrum T612,hilos_procesador,8
Computadores,procesador_principal,Spreadtrum T616,nucleos_procesador,8
Computadores,procesador_principal,Spreadtrum T616,hilos_procesador,8
Computadores,procesador_principal,Spreadtrum T618,nucleos_procesador,8
Computadores,procesador_principal,Spreadtrum T618,hilos_procesador,8
Computadores,procesador_principal,AMD Athlon Gold 7220C,nucleos_procesador,2
Computadores,procesador_principal,AMD Athlon Gold 7220C,hilos_procesador,4
Computadores,procesador_principal,AMD Athlon Silver 7120C,nucleos_procesador,2
Computadores,procesador_principal,AMD Athlon Silver 7120C,hilos_procesador,2
Computadores,procesador_principal,AMD Ryzen 5 7520C,nucleos_procesador,4
Computadores,procesador_principal,AMD Ryzen 5 7520C,hilos_procesador,8
Computadores,procesador_principal,AMD Ryzen 7 7736U_,nucleos_procesador,8
Computadores,procesador_principal,AMD Ryzen 7 7736U_,hilos_procesador,16
Computadores,procesador_principal,AMD Ryzen 9 6980HX,nucleos_procesador,8
Computadores,procesador_principal,AMD Ryzen 9 6980HX,hilos_procesador,16
Computadores,procesador_principal,AMD Ryzen 9 6980HS,nucleos_procesador,8
Computadores,procesador_principal,AMD Ryzen 9 6980HS,hilos_procesador,16
Computadores,procesador_principal,AMD Ryzen 9 6900HS_,nucleos_procesador,8
Computadores,procesador_principal,AMD Ryzen 9 6900HS_,hilos_procesador,16
Computadores,procesador_principal,AMD Ryzen 7 6800U_,nucleos_procesador,8
Computadores,procesador_principal,AMD Ryzen 7 6800U_,hilos_procesador,16
Computadores,procesador_principal,AMD Ryzen 5 6600HS_,nucleos_procesador,6
Computadores,procesador_principal,AMD Ryzen 5 6600HS_,hilos_procesador,12
Computadores,procesador_principal,AMD Ryzen 5 5625C,nucleos_procesador,6
Computadores,procesador_principal,AMD Ryzen 5 5625C,hilos_procesador,12
Computadores,procesador_principal,AMD Ryzen 5 5600HS,nucleos_procesador,6
Computadores,procesador_principal,AMD Ryzen 5 5600HS,hilos_procesador,12
Computadores,procesador_principal,AMD Ryzen 3 5425C,nucleos_procesador,4
Computadores,procesador_principal,AMD Ryzen 3 5425C,hilos_procesador,8
Computadores,procesador_principal,AMD Ryzen 3 5125C,nucleos_procesador,2
Computadores,procesador_principal,AMD Ryzen 3 5125C,hilos_procesador,4
Computadores,procesador_principal,AMD Ryzen 7 4980U,nucleos_procesador,8
Computadores,procesador_principal,AMD Ryzen 7 4980U,hilos_procesador,16
Computadores,procesador_principal,AMD Ryzen 5 4680U,nucleos_procesador,6
Computadores,procesador_principal,AMD Ryzen 5 4680U,hilos_procesador,12
Computadores,procesador_principal,AMD Athlon  Silver 3050C,nucleos_procesador,2
Computadores,procesador_principal,AMD Athlon  Silver 3050C,hilos_procesador,2
Computadores,procesador_principal,AMD Athlon Gold 3150GE,nucleos_procesador,4
Computadores,procesador_principal,AMD Athlon Gold 3150GE,hilos_procesador,4
Computadores,procesador_principal,AMD EPYC 9754S,nucleos_procesador,128
Computadores,procesador_principal,AMD EPYC 9754S,hilos_procesador,128
Computadores,procesador_principal,7th Gen A6-9220C APU,nucleos_procesador,2
Computadores,procesador_principal,7th Gen A6-9220C APU,hilos_procesador,2
Computadores,procesador_principal,7th Gen A4-9120C APU,nucleos_procesador,2
Computadores,procesador_principal,7th Gen A4-9120C APU,hilos_procesador,2
Computadores,procesador_principal,6th Gen A10-8700P APU,nucleos_procesador,4
Computadores,procesador_principal,6th Gen A10-8700P APU,hilos_procesador,4
Computadores,procesador_principal,6th Gen A8-8600P APU,nucleos_procesador,4
Computadores,procesador_principal,6th Gen A8-8600P APU,hilos_procesador,4
Computadores,procesador_principal,6th Gen FX-8800P APU,nucleos_procesador,4
Computadores,procesador_principal,6th Gen FX-8800P APU,hilos_procesador,4
Computadores,procesador_principal,Intel Core i7-13800HE,nucleos_procesador,14
Computadores,procesador_principal,Intel Core i7-13800HE,hilos_procesador,20
Computadores,procesador_principal,Intel Core i5-13505H,nucleos_procesador,12
Computadores,procesador_principal,Intel Core i5-13505H,hilos_procesador,16
Computadores,procesador_principal,Intel Core i5-1350PE,nucleos_procesador,12
Computadores,procesador_principal,Intel Core i5-1350PE,hilos_procesador,16
Computadores,procesador_principal,Intel Core i3-1320PE,nucleos_procesador,8
Computadores,procesador_principal,Intel Core i3-1320PE,hilos_procesador,12
Computadores,procesador_principal,Intel Core i3-13300HE,nucleos_procesador,8
Computadores,procesador_principal,Intel Core i3-13300HE,hilos_procesador,12
Computadores,procesador_principal,Intel Core i7-1255UL,nucleos_procesador,10
Computadores,procesador_principal,Intel Core i7-1255UL,hilos_procesador,12
Computadores,procesador_principal,Intel Core i7-1265UL,nucleos_procesador,10
Computadores,procesador_principal,Intel Core i7-1265UL,hilos_procesador,12
Computadores,procesador_principal,Intel Core i7-12700HL,nucleos_procesador,14
Computadores,procesador_principal,Intel Core i7-12700HL,hilos_procesador,20
Computadores,procesador_principal,Intel Core i7-12800HL,nucleos_procesador,14
Computadores,procesador_principal,Intel Core i7-12800HL,hilos_procesador,20
Computadores,procesador_principal,Intel Core i5-1235UL,nucleos_procesador,10
Computadores,procesador_principal,Intel Core i5-1235UL,hilos_procesador,12
Computadores,procesador_principal,Intel Core i5-1245UL,nucleos_procesador,10
Computadores,procesador_principal,Intel Core i5-1245UL,hilos_procesador,12
Computadores,procesador_principal,Intel Core i5-12500HL,nucleos_procesador,12
Computadores,procesador_principal,Intel Core i5-12500HL,hilos_procesador,16
Computadores,procesador_principal,Intel Core i3-12300HE,nucleos_procesador,8
Computadores,procesador_principal,Intel Core i3-12300HE,hilos_procesador,12
Computadores,procesador_principal,Intel Core i5-11500HE,nucleos_procesador,6
Computadores,procesador_principal,Intel Core i5-11500HE,hilos_procesador,12
Computadores,procesador_principal,Intel Core i3-1120G4,nucleos_procesador,4
Computadores,procesador_principal,Intel Core i3-1120G4,hilos_procesador,8
Computadores,procesador_principal,Intel Core i5-10310Y,nucleos_procesador,4
Computadores,procesador_principal,Intel Core i5-10310Y,hilos_procesador,8
Computadores,procesador_principal,Intel Core i5-8310Y,nucleos_procesador,2
Computadores,procesador_principal,Intel Core i5-8310Y,hilos_procesador,4
Computadores,procesador_principal,Intel Core i5-8400B,nucleos_procesador,6
Computadores,procesador_principal,Intel Core i5-8400B,hilos_procesador,6
Computadores,procesador_principal,Intel Core i3-7100E,nucleos_procesador,2
Computadores,procesador_principal,Intel Core i3-7100E,hilos_procesador,4
Computadores,procesador_principal,Intel Core i7-6785R,nucleos_procesador,4
Computadores,procesador_principal,Intel Core i7-6785R,hilos_procesador,8
Computadores,procesador_principal,Intel Core i7-6870HQ,nucleos_procesador,4
Computadores,procesador_principal,Intel Core i7-6870HQ,hilos_procesador,8
Computadores,procesador_principal,Intel Core i5-6585R,nucleos_procesador,4
Computadores,procesador_principal,Intel Core i5-6585R,hilos_procesador,4
Computadores,procesador_principal,Intel Core i5-6685R,nucleos_procesador,4
Computadores,procesador_principal,Intel Core i5-6685R,hilos_procesador,4
Computadores,procesador_principal,Intel Core i7-5750HQ,nucleos_procesador,4
Computadores,procesador_principal,Intel Core i7-5750HQ,hilos_procesador,8
Computadores,procesador_principal,Intel Core i5-5350H,nucleos_procesador,2
Computadores,procesador_principal,Intel Core i5-5350H,hilos_procesador,4
Computadores,procesador_principal,Intel Core i7-4700EC,nucleos_procesador,4
Computadores,procesador_principal,Intel Core i7-4700EC,hilos_procesador,8
Computadores,procesador_principal,Intel Core i7-4702EC,nucleos_procesador,4
Computadores,procesador_principal,Intel Core i7-4702EC,hilos_procesador,8
Computadores,procesador_principal,Intel Core i7-4950HQ,nucleos_procesador,4
Computadores,procesador_principal,Intel Core i7-4950HQ,hilos_procesador,8
Computadores,procesador_principal,Intel Core i5-4410E,nucleos_procesador,2
Computadores,procesador_principal,Intel Core i5-4410E,hilos_procesador,4
Computadores,procesador_principal,Intel Core i5-4402EC,nucleos_procesador,2
Computadores,procesador_principal,Intel Core i5-4402EC,hilos_procesador,4
Computadores,procesador_principal,Intel Core i5-4360U,nucleos_procesador,2
Computadores,procesador_principal,Intel Core i5-4360U,hilos_procesador,4
Computadores,procesador_principal,Intel Core i3-4340TE,nucleos_procesador,2
Computadores,procesador_principal,Intel Core i3-4340TE,hilos_procesador,4
Computadores,procesador_principal,Intel Core i3-4110E,nucleos_procesador,2
Computadores,procesador_principal,Intel Core i3-4110E,hilos_procesador,4
Computadores,procesador_principal,Intel Core i3-4112E,nucleos_procesador,2
Computadores,procesador_principal,Intel Core i3-4112E,hilos_procesador,4
Computadores,procesador_principal,Intel Core i3-4102E,nucleos_procesador,2
Computadores,procesador_principal,Intel Core i3-4102E,hilos_procesador,4
Computadores,procesador_principal,Intel Core i3-4100U,nucleos_procesador,2
Computadores,procesador_principal,Intel Core i3-4100U,hilos_procesador,4
Computadores,procesador_principal,Intel Core i3-L13G4,nucleos_procesador,5
Computadores,procesador_principal,Intel Core i3-L13G4,hilos_procesador,5
Computadores,procesador_principal,Intel Core i3-3115C,nucleos_procesador,2
Computadores,procesador_principal,Intel Core i3-3115C,hilos_procesador,4
Computadores,procesador_principal,Intel Core i3-3120ME,nucleos_procesador,2
Computadores,procesador_principal,Intel Core i3-3120ME,hilos_procesador,4
Computadores,procesador_principal,Intel Core i3-2115C,nucleos_procesador,2
Computadores,procesador_principal,Intel Core i3-2115C,hilos_procesador,4
Computadores,procesador_principal,Intel Core i7-2629M,nucleos_procesador,2
Computadores,procesador_principal,Intel Core i7-2629M,hilos_procesador,4
Computadores,procesador_principal,Intel Core i7-2649M,nucleos_procesador,2
Computadores,procesador_principal,Intel Core i7-2649M,hilos_procesador,4
Computadores,procesador_principal,Intel Core i7-2657M,nucleos_procesador,2
Computadores,procesador_principal,Intel Core i7-2657M,hilos_procesador,4
Computadores,procesador_principal,Intel Core i7-660LM,nucleos_procesador,2
Computadores,procesador_principal,Intel Core i7-660LM,hilos_procesador,4
Computadores,procesador_principal,Intel Core i5-520E,nucleos_procesador,2
Computadores,procesador_principal,Intel Core i5-520E,hilos_procesador,4
Computadores,procesador_principal,Intel Core i5-750S,nucleos_procesador,4
Computadores,procesador_principal,Intel Core i5-750S,hilos_procesador,4
Computadores,procesador_principal,Intel Core i7-620LE,nucleos_procesador,2
Computadores,procesador_principal,Intel Core i7-620LE,hilos_procesador,4
Computadores,procesador_principal,Intel Core i7-620UE,nucleos_procesador,2
Computadores,procesador_principal,Intel Core i7-620UE,hilos_procesador,4
Computadores,procesador_principal,Intel Core i7-660UE,nucleos_procesador,2
Computadores,procesador_principal,Intel Core i7-660UE,hilos_procesador,4
Computadores,procesador_principal,Intel Pentium Gold 6500Y,nucleos_procesador,2
Computadores,procesador_principal,Intel Pentium Gold 6500Y,hilos_procesador,4
Computadores,procesador_principal,Intel Pentium Gold 6405U,nucleos_procesador,2
Computadores,procesador_principal,Intel Pentium Gold 6405U,hilos_procesador,4
Computadores,procesador_principal,Intel Pentium Gold 5405U,nucleos_procesador,2
Computadores,procesador_principal,Intel Pentium Gold 5405U,hilos_procesador,4
Computadores,procesador_principal,Intel Pentium Gold 4417U,nucleos_procesador,2
Computadores,procesador_principal,Intel Pentium Gold 4417U,hilos_procesador,4
Computadores,procesador_principal,Intel Pentium Gold 4425Y,nucleos_procesador,2
Computadores,procesador_principal,Intel Pentium Gold 4425Y,hilos_procesador,4
Computadores,procesador_principal,Intel Pentium Gold 4415Y,nucleos_procesador,2
Computadores,procesador_principal,Intel Pentium Gold 4415Y,hilos_procesador,4
Computadores,procesador_principal,Intel Pentium Gold 4410Y,nucleos_procesador,2
Computadores,procesador_principal,Intel Pentium Gold 4410Y,hilos_procesador,4
Computadores,procesador_principal,Intel Pentium Gold 4415U,nucleos_procesador,2
Computadores,procesador_principal,Intel Pentium Gold 4415U,hilos_procesador,4
Computadores,procesador_principal,Intel Pentium D1519,nucleos_procesador,4
Computadores,procesador_principal,Intel Pentium D1519,hilos_procesador,8
Computadores,procesador_principal,Intel Pentium D1507,nucleos_procesador,2
Computadores,procesador_principal,Intel Pentium D1507,hilos_procesador,2
Computadores,procesador_principal,Intel Pentium D1509,nucleos_procesador,2
Computadores,procesador_principal,Intel Pentium D1509,hilos_procesador,2
Computadores,procesador_principal,Intel Pentium D1517,nucleos_procesador,4
Computadores,procesador_principal,Intel Pentium D1517,hilos_procesador,8
Computadores,procesador_principal,Intel Pentium N4200E,nucleos_procesador,4
Computadores,procesador_principal,Intel Pentium N4200E,hilos_procesador,4
Computadores,procesador_principal,Intel Pentium 3561Y,nucleos_procesador,2
Computadores,procesador_principal,Intel Pentium 3561Y,hilos_procesador,2
Computadores,procesador_principal,Intel Pentium 1405,nucleos_procesador,2
Computadores,procesador_principal,Intel Pentium 1405,hilos_procesador,2
Computadores,procesador_principal,Intel Pentium B925C,nucleos_procesador,2
Computadores,procesador_principal,Intel Pentium B925C,hilos_procesador,4
Computadores,procesador_principal,Intel Pentium G860T,nucleos_procesador,2
Computadores,procesador_principal,Intel Pentium G860T,hilos_procesador,2
Computadores,procesador_principal,Intel Pentium B915C,nucleos_procesador,2
Computadores,procesador_principal,Intel Pentium B915C,hilos_procesador,4
Computadores,procesador_principal,Intel Pentium 977,nucleos_procesador,2
Computadores,procesador_principal,Intel Pentium 977,hilos_procesador,2
Computadores,procesador_principal,Intel Pentium G632,nucleos_procesador,2
Computadores,procesador_principal,Intel Pentium G632,hilos_procesador,2
Computadores,procesador_principal,Intel Pentium G622,nucleos_procesador,2
Computadores,procesador_principal,Intel Pentium G622,hilos_procesador,2
Computadores,procesador_principal,Intel Celeron G5900TE,nucleos_procesador,2
Computadores,procesador_principal,Intel Celeron G5900TE,hilos_procesador,2
Computadores,procesador_principal,Intel Celeron G4930E,nucleos_procesador,2
Computadores,procesador_principal,Intel Celeron G4930E,hilos_procesador,2
Computadores,procesador_principal,Intel Celeron G4932E,nucleos_procesador,2
Computadores,procesador_principal,Intel Celeron G4932E,hilos_procesador,2
Computadores,procesador_principal,Intel Celeron G3930E,nucleos_procesador,2
Computadores,procesador_principal,Intel Celeron G3930E,hilos_procesador,2
Computadores,procesador_principal,Intel Celeron G3902E,nucleos_procesador,2
Computadores,procesador_principal,Intel Celeron G3902E,hilos_procesador,2
Computadores,procesador_principal,Intel Celeron J3355E,nucleos_procesador,2
Computadores,procesador_principal,Intel Celeron J3355E,hilos_procesador,2
Computadores,procesador_principal,Intel Celeron N3350E,nucleos_procesador,2
Computadores,procesador_principal,Intel Celeron N3350E,hilos_procesador,2
Computadores,procesador_principal,Intel Celeron 7305L,nucleos_procesador,5
Computadores,procesador_principal,Intel Celeron 7305L,hilos_procesador,5
Computadores,procesador_principal,Intel Celeron 7300,nucleos_procesador,5
Computadores,procesador_principal,Intel Celeron 7300,hilos_procesador,5
Computadores,procesador_principal,Intel Celeron 927UE,nucleos_procesador,1
Computadores,procesador_principal,Intel Celeron 927UE,hilos_procesador,1
Computadores,procesador_principal,Intel Celeron 725C,nucleos_procesador,1
Computadores,procesador_principal,Intel Celeron 725C,hilos_procesador,2
Computadores,procesador_principal,Intel Celeron B720,nucleos_procesador,1
Computadores,procesador_principal,Intel Celeron B720,hilos_procesador,1
Computadores,procesador_principal,Intel Celeron 787,nucleos_procesador,1
Computadores,procesador_principal,Intel Celeron 787,hilos_procesador,1
Computadores,procesador_principal,Intel Celeron B810E,nucleos_procesador,2
Computadores,procesador_principal,Intel Celeron B810E,hilos_procesador,2
Computadores,procesador_principal,Intel Celeron P1053,nucleos_procesador,1
Computadores,procesador_principal,Intel Celeron P1053,hilos_procesador,2
Computadores,procesador_principal,Intel Celeron U3405,nucleos_procesador,2
Computadores,procesador_principal,Intel Celeron U3405,hilos_procesador,2
Computadores,procesador_principal,Intel Xeon Platinum 8444H,nucleos_procesador,16
Computadores,procesador_principal,Intel Xeon Platinum 8444H,hilos_procesador,32
Computadores,procesador_principal,Intel Xeon Platinum 8452Y,nucleos_procesador,36
Computadores,procesador_principal,Intel Xeon Platinum 8452Y,hilos_procesador,72
Computadores,procesador_principal,Intel Xeon Platinum 8460H,nucleos_procesador,40
Computadores,procesador_principal,Intel Xeon Platinum 8460H,hilos_procesador,80
Computadores,procesador_principal,Intel Xeon Platinum 8460Y+,nucleos_procesador,40
Computadores,procesador_principal,Intel Xeon Platinum 8460Y+,hilos_procesador,80
Computadores,procesador_principal,Intel Xeon Platinum 8468H,nucleos_procesador,48
Computadores,procesador_principal,Intel Xeon Platinum 8468H,hilos_procesador,96
Computadores,procesador_principal,Intel Xeon Platinum 8468V,nucleos_procesador,48
Computadores,procesador_principal,Intel Xeon Platinum 8468V,hilos_procesador,96
Computadores,procesador_principal,Intel Xeon Platinum 8470N,nucleos_procesador,52
Computadores,procesador_principal,Intel Xeon Platinum 8470N,hilos_procesador,104
Computadores,procesador_principal,Intel Xeon Platinum 8470Q,nucleos_procesador,52
Computadores,procesador_principal,Intel Xeon Platinum 8470Q,hilos_procesador,104
Computadores,procesador_principal,Intel Xeon Platinum 8471N,nucleos_procesador,52
Computadores,procesador_principal,Intel Xeon Platinum 8471N,hilos_procesador,104
Computadores,procesador_principal,Intel Xeon Platinum 8490H,nucleos_procesador,60
Computadores,procesador_principal,Intel Xeon Platinum 8490H,hilos_procesador,120
Computadores,procesador_principal,Intel Xeon Gold 5411N,nucleos_procesador,24
Computadores,procesador_principal,Intel Xeon Gold 5411N,hilos_procesador,48
Computadores,procesador_principal,Intel Xeon Gold 5418N,nucleos_procesador,24
Computadores,procesador_principal,Intel Xeon Gold 5418N,hilos_procesador,48
Computadores,procesador_principal,Intel Xeon Gold 5423N,nucleos_procesador,20
Computadores,procesador_principal,Intel Xeon Gold 5423N,hilos_procesador,40
Computadores,procesador_principal,Intel Xeon Gold 5433N,nucleos_procesador,20
Computadores,procesador_principal,Intel Xeon Gold 5433N,hilos_procesador,40
Computadores,procesador_principal,Intel Xeon Gold 6434H,nucleos_procesador,8
Computadores,procesador_principal,Intel Xeon Gold 6434H,hilos_procesador,16
Computadores,procesador_principal,Intel Xeon Gold 6438M,nucleos_procesador,32
Computadores,procesador_principal,Intel Xeon Gold 6438M,hilos_procesador,64
Computadores,procesador_principal,Intel Xeon Gold 6458Q,nucleos_procesador,32
Computadores,procesador_principal,Intel Xeon Gold 6458Q,hilos_procesador,64
Computadores,procesador_principal,Intel Xeon Gold 5318S,nucleos_procesador,24
Computadores,procesador_principal,Intel Xeon Gold 5318S,hilos_procesador,48
Computadores,procesador_principal,Intel Xeon Gold 5320T,nucleos_procesador,20
Computadores,procesador_principal,Intel Xeon Gold 5320T,hilos_procesador,40
Computadores,procesador_principal,Intel Xeon Gold 6338T,nucleos_procesador,24
Computadores,procesador_principal,Intel Xeon Gold 6338T,hilos_procesador,48
Computadores,procesador_principal,Intel Xeon Platinum 8351N,nucleos_procesador,36
Computadores,procesador_principal,Intel Xeon Platinum 8351N,hilos_procesador,72
Computadores,procesador_principal,Intel Xeon Platinum 8352M,nucleos_procesador,32
Computadores,procesador_principal,Intel Xeon Platinum 8352M,hilos_procesador,64
Computadores,procesador_principal,Intel Xeon Platinum 8352S,nucleos_procesador,32
Computadores,procesador_principal,Intel Xeon Platinum 8352S,hilos_procesador,64
Computadores,procesador_principal,Intel Xeon Gold 6330H,nucleos_procesador,24
Computadores,procesador_principal,Intel Xeon Gold 6330H,hilos_procesador,48
Computadores,procesador_principal,Intel Xeon Platinum 8356H,nucleos_procesador,8
Computadores,procesador_principal,Intel Xeon Platinum 8356H,hilos_procesador,16
Computadores,procesador_principal,Intel Xeon Platinum 8360H,nucleos_procesador,24
Computadores,procesador_principal,Intel Xeon Platinum 8360H,hilos_procesador,48
Computadores,procesador_principal,Intel Xeon Gold 6328H,nucleos_procesador,16
Computadores,procesador_principal,Intel Xeon Gold 6328H,hilos_procesador,32
Computadores,procesador_principal,Intel Xeon Gold 6328HL,nucleos_procesador,16
Computadores,procesador_principal,Intel Xeon Gold 6328HL,hilos_procesador,32
Computadores,procesador_principal,Intel Xeon Platinum 8353H,nucleos_procesador,18
Computadores,procesador_principal,Intel Xeon Platinum 8353H,hilos_procesador,36
Computadores,procesador_principal,Intel Xeon Platinum 8354H,nucleos_procesador,18
Computadores,procesador_principal,Intel Xeon Platinum 8354H,hilos_procesador,36
Computadores,procesador_principal,Intel Xeon Platinum 8376H,nucleos_procesador,28
Computadores,procesador_principal,Intel Xeon Platinum 8376H,hilos_procesador,56
Computadores,procesador_principal,Intel Xeon Platinum 8380H,nucleos_procesador,28
Computadores,procesador_principal,Intel Xeon Platinum 8380H,hilos_procesador,56
Computadores,procesador_principal,Intel Xeon Gold 6250L,nucleos_procesador,8
Computadores,procesador_principal,Intel Xeon Gold 6250L,hilos_procesador,16
Computadores,procesador_principal,Intel Xeon Silver 4210T,nucleos_procesador,10
Computadores,procesador_principal,Intel Xeon Silver 4210T,hilos_procesador,20
Computadores,procesador_principal,Intel Xeon Platinum 9221,nucleos_procesador,32
Computadores,procesador_principal,Intel Xeon Platinum 9221,hilos_procesador,64
Computadores,procesador_principal,Intel Xeon Platinum 9222,nucleos_procesador,32
Computadores,procesador_principal,Intel Xeon Platinum 9222,hilos_procesador,64
Computadores,procesador_principal,Intel Xeon Gold 5215L,nucleos_procesador,10
Computadores,procesador_principal,Intel Xeon Gold 5215L,hilos_procesador,20
Computadores,procesador_principal,Intel Xeon Gold 5218B,nucleos_procesador,16
Computadores,procesador_principal,Intel Xeon Gold 5218B,hilos_procesador,32
Computadores,procesador_principal,Intel Xeon Gold 5220T,nucleos_procesador,18
Computadores,procesador_principal,Intel Xeon Gold 5220T,hilos_procesador,36
Computadores,procesador_principal,Intel Xeon Gold 6209U,nucleos_procesador,20
Computadores,procesador_principal,Intel Xeon Gold 6209U,hilos_procesador,40
Computadores,procesador_principal,Intel Xeon Gold 6230N,nucleos_procesador,20
Computadores,procesador_principal,Intel Xeon Gold 6230N,hilos_procesador,40
Computadores,procesador_principal,Intel Xeon Gold 6230T,nucleos_procesador,20
Computadores,procesador_principal,Intel Xeon Gold 6230T,hilos_procesador,40
Computadores,procesador_principal,Intel Xeon Gold 6238L,nucleos_procesador,22
Computadores,procesador_principal,Intel Xeon Gold 6238L,hilos_procesador,44
Computadores,procesador_principal,Intel Xeon Gold 6238T,nucleos_procesador,22
Computadores,procesador_principal,Intel Xeon Gold 6238T,hilos_procesador,44
Computadores,procesador_principal,Intel Xeon Gold 6240L,nucleos_procesador,18
Computadores,procesador_principal,Intel Xeon Gold 6240L,hilos_procesador,36
Computadores,procesador_principal,Intel Xeon Gold 6240Y,nucleos_procesador,18
Computadores,procesador_principal,Intel Xeon Gold 6240Y,hilos_procesador,36
Computadores,procesador_principal,Intel Xeon Platinum 8260L,nucleos_procesador,24
Computadores,procesador_principal,Intel Xeon Platinum 8260L,hilos_procesador,48
Computadores,procesador_principal,Intel Xeon Platinum 8260Y,nucleos_procesador,24
Computadores,procesador_principal,Intel Xeon Platinum 8260Y,hilos_procesador,48
Computadores,procesador_principal,Intel Xeon Platinum 8276,nucleos_procesador,28
Computadores,procesador_principal,Intel Xeon Platinum 8276,hilos_procesador,56
Computadores,procesador_principal,Intel Xeon Platinum 8280L,nucleos_procesador,28
Computadores,procesador_principal,Intel Xeon Platinum 8280L,hilos_procesador,56
Computadores,procesador_principal,Intel Xeon Platinum 9242,nucleos_procesador,48
Computadores,procesador_principal,Intel Xeon Platinum 9242,hilos_procesador,96
Computadores,procesador_principal,Intel Xeon Platinum 9282,nucleos_procesador,56
Computadores,procesador_principal,Intel Xeon Platinum 9282,hilos_procesador,112
Computadores,procesador_principal,Intel Xeon Gold 6138P,nucleos_procesador,20
Computadores,procesador_principal,Intel Xeon Gold 6138P,hilos_procesador,40
Computadores,procesador_principal,Intel Xeon Gold 5119T,nucleos_procesador,14
Computadores,procesador_principal,Intel Xeon Gold 5119T,hilos_procesador,28
Computadores,procesador_principal,Intel Xeon Gold 6126F,nucleos_procesador,12
Computadores,procesador_principal,Intel Xeon Gold 6126F,hilos_procesador,24
Computadores,procesador_principal,Intel Xeon Gold 6126T,nucleos_procesador,12
Computadores,procesador_principal,Intel Xeon Gold 6126T,hilos_procesador,24
Computadores,procesador_principal,Intel Xeon Gold 6130F,nucleos_procesador,16
Computadores,procesador_principal,Intel Xeon Gold 6130F,hilos_procesador,32
Computadores,procesador_principal,Intel Xeon Gold 6138F,nucleos_procesador,20
Computadores,procesador_principal,Intel Xeon Gold 6138F,hilos_procesador,40
Computadores,procesador_principal,Intel Xeon Gold 6142F,nucleos_procesador,16
Computadores,procesador_principal,Intel Xeon Gold 6142F,hilos_procesador,32
Computadores,procesador_principal,Intel Xeon Gold 6148F,nucleos_procesador,20
Computadores,procesador_principal,Intel Xeon Gold 6148F,hilos_procesador,40
Computadores,procesador_principal,Intel Xeon Platinum 8158,nucleos_procesador,12
Computadores,procesador_principal,Intel Xeon Platinum 8158,hilos_procesador,24
Computadores,procesador_principal,Intel Xeon Platinum 8160F,nucleos_procesador,24
Computadores,procesador_principal,Intel Xeon Platinum 8160F,hilos_procesador,48
Computadores,procesador_principal,Intel Xeon Platinum 8160T,nucleos_procesador,24
Computadores,procesador_principal,Intel Xeon Platinum 8160T,hilos_procesador,48
Computadores,procesador_principal,Intel Xeon Platinum 8164,nucleos_procesador,26
Computadores,procesador_principal,Intel Xeon Platinum 8164,hilos_procesador,52
Computadores,procesador_principal,Intel Xeon Platinum 8170,nucleos_procesador,26
Computadores,procesador_principal,Intel Xeon Platinum 8170,hilos_procesador,52
Computadores,procesador_principal,Intel Xeon Platinum 8176F,nucleos_procesador,28
Computadores,procesador_principal,Intel Xeon Platinum 8176F,hilos_procesador,56
Computadores,procesador_principal,Intel Xeon CPU Max 9460,nucleos_procesador,40
Computadores,procesador_principal,Intel Xeon CPU Max 9460,hilos_procesador,80
Computadores,procesador_principal,Intel Xeon CPU Max 9462,nucleos_procesador,32
Computadores,procesador_principal,Intel Xeon CPU Max 9462,hilos_procesador,64
Computadores,procesador_principal,Intel Xeon CPU Max 9468,nucleos_procesador,48
Computadores,procesador_principal,Intel Xeon CPU Max 9468,hilos_procesador,96
Computadores,procesador_principal,Intel Xeon CPU Max 9470,nucleos_procesador,52
Computadores,procesador_principal,Intel Xeon CPU Max 9470,hilos_procesador,104
Computadores,procesador_principal,Intel Xeon CPU Max 9480,nucleos_procesador,56
Computadores,procesador_principal,Intel Xeon CPU Max 9480,hilos_procesador,112
Computadores,procesador_principal,Intel Xeon E-2226GE,nucleos_procesador,6
Computadores,procesador_principal,Intel Xeon E-2226GE,hilos_procesador,6
Computadores,procesador_principal,Intel Xeon E-2254ME,nucleos_procesador,4
Computadores,procesador_principal,Intel Xeon E-2254ME,hilos_procesador,8
Computadores,procesador_principal,Intel Xeon W-11155MRE,nucleos_procesador,4
Computadores,procesador_principal,Intel Xeon W-11155MRE,hilos_procesador,8
Computadores,procesador_principal,Intel Xeon W-1390T,nucleos_procesador,8
Computadores,procesador_principal,Intel Xeon W-1390T,hilos_procesador,16
Computadores,procesador_principal,Intel Xeon W-1250TE,nucleos_procesador,6
Computadores,procesador_principal,Intel Xeon W-1250TE,hilos_procesador,12
Computadores,procesador_principal,Intel Xeon D-2745NX,nucleos_procesador,10
Computadores,procesador_principal,Intel Xeon D-2745NX,hilos_procesador,20
Computadores,procesador_principal,Intel Xeon D-2757NX,nucleos_procesador,12
Computadores,procesador_principal,Intel Xeon D-2757NX,hilos_procesador,24
Computadores,procesador_principal,Intel Xeon D-2777NX,nucleos_procesador,16
Computadores,procesador_principal,Intel Xeon D-2777NX,hilos_procesador,32
Computadores,procesador_principal,Intel Xeon D-2798NX,nucleos_procesador,20
Computadores,procesador_principal,Intel Xeon D-2798NX,hilos_procesador,40
Computadores,procesador_principal,Intel Xeon D-1702,nucleos_procesador,2
Computadores,procesador_principal,Intel Xeon D-1702,hilos_procesador,4
Computadores,procesador_principal,Intel Xeon D-1712TR,nucleos_procesador,4
Computadores,procesador_principal,Intel Xeon D-1712TR,hilos_procesador,8
Computadores,procesador_principal,Intel Xeon D-1713NT,nucleos_procesador,4
Computadores,procesador_principal,Intel Xeon D-1713NT,hilos_procesador,8
Computadores,procesador_principal,Intel Xeon D-1713NTE,nucleos_procesador,4
Computadores,procesador_principal,Intel Xeon D-1713NTE,hilos_procesador,8
Computadores,procesador_principal,Intel Xeon D-1714,nucleos_procesador,4
Computadores,procesador_principal,Intel Xeon D-1714,hilos_procesador,8
Computadores,procesador_principal,Intel Xeon D-1722NE,nucleos_procesador,6
Computadores,procesador_principal,Intel Xeon D-1722NE,hilos_procesador,12
Computadores,procesador_principal,Intel Xeon D-1734NT,nucleos_procesador,8
Computadores,procesador_principal,Intel Xeon D-1734NT,hilos_procesador,16
Computadores,procesador_principal,Intel Xeon D-1735TR,nucleos_procesador,8
Computadores,procesador_principal,Intel Xeon D-1735TR,hilos_procesador,16
Computadores,procesador_principal,Intel Xeon D-1736,nucleos_procesador,8
Computadores,procesador_principal,Intel Xeon D-1736,hilos_procesador,16
Computadores,procesador_principal,Intel Xeon D-1739,nucleos_procesador,8
Computadores,procesador_principal,Intel Xeon D-1739,hilos_procesador,16
Computadores,procesador_principal,Intel Xeon D-1748TE,nucleos_procesador,10
Computadores,procesador_principal,Intel Xeon D-1748TE,hilos_procesador,20
Computadores,procesador_principal,Intel Xeon D-1749NT,nucleos_procesador,10
Computadores,procesador_principal,Intel Xeon D-1749NT,hilos_procesador,20
Computadores,procesador_principal,Intel Xeon D-2738,nucleos_procesador,8
Computadores,procesador_principal,Intel Xeon D-2738,hilos_procesador,16
Computadores,procesador_principal,Intel Xeon D-2752NTE,nucleos_procesador,12
Computadores,procesador_principal,Intel Xeon D-2752NTE,hilos_procesador,24
Computadores,procesador_principal,Intel Xeon D-2776NT,nucleos_procesador,16
Computadores,procesador_principal,Intel Xeon D-2776NT,hilos_procesador,32
Computadores,procesador_principal,Intel Xeon D-2779,nucleos_procesador,16
Computadores,procesador_principal,Intel Xeon D-2779,hilos_procesador,32
Computadores,procesador_principal,Intel Xeon D-2786NTE,nucleos_procesador,18
Computadores,procesador_principal,Intel Xeon D-2786NTE,hilos_procesador,36
Computadores,procesador_principal,Intel Xeon D-2796NT,nucleos_procesador,20
Computadores,procesador_principal,Intel Xeon D-2796NT,hilos_procesador,40
Computadores,procesador_principal,Intel Xeon D-2798NT,nucleos_procesador,20
Computadores,procesador_principal,Intel Xeon D-2798NT,hilos_procesador,40
Computadores,procesador_principal,Intel Xeon D-1623N,nucleos_procesador,4
Computadores,procesador_principal,Intel Xeon D-1623N,hilos_procesador,8
Computadores,procesador_principal,Intel Xeon D-1627,nucleos_procesador,4
Computadores,procesador_principal,Intel Xeon D-1627,hilos_procesador,8
Computadores,procesador_principal,Intel Xeon D-1633N,nucleos_procesador,6
Computadores,procesador_principal,Intel Xeon D-1633N,hilos_procesador,12
Computadores,procesador_principal,Intel Xeon D-1637,nucleos_procesador,6
Computadores,procesador_principal,Intel Xeon D-1637,hilos_procesador,12
Computadores,procesador_principal,Intel Xeon D-1649N,nucleos_procesador,8
Computadores,procesador_principal,Intel Xeon D-1649N,hilos_procesador,16
Computadores,procesador_principal,Intel Xeon D-1653N,nucleos_procesador,8
Computadores,procesador_principal,Intel Xeon D-1653N,hilos_procesador,16
Computadores,procesador_principal,Intel Xeon D-2142IT,nucleos_procesador,8
Computadores,procesador_principal,Intel Xeon D-2142IT,hilos_procesador,16
Computadores,procesador_principal,Intel Xeon D-2145NT,nucleos_procesador,8
Computadores,procesador_principal,Intel Xeon D-2145NT,hilos_procesador,16
Computadores,procesador_principal,Intel Xeon D-2161I,nucleos_procesador,12
Computadores,procesador_principal,Intel Xeon D-2161I,hilos_procesador,24
Computadores,procesador_principal,Intel Xeon D-2163IT,nucleos_procesador,12
Computadores,procesador_principal,Intel Xeon D-2163IT,hilos_procesador,24
Computadores,procesador_principal,Intel Xeon D-2173IT,nucleos_procesador,14
Computadores,procesador_principal,Intel Xeon D-2173IT,hilos_procesador,28
Computadores,procesador_principal,Intel Xeon D-2177NT,nucleos_procesador,14
Computadores,procesador_principal,Intel Xeon D-2177NT,hilos_procesador,28
Computadores,procesador_principal,Intel Xeon D-1513N,nucleos_procesador,4
Computadores,procesador_principal,Intel Xeon D-1513N,hilos_procesador,8
Computadores,procesador_principal,Intel Xeon D-1523N,nucleos_procesador,4
Computadores,procesador_principal,Intel Xeon D-1523N,hilos_procesador,8
Computadores,procesador_principal,Intel Xeon D-1533N,nucleos_procesador,6
Computadores,procesador_principal,Intel Xeon D-1533N,hilos_procesador,12
Computadores,procesador_principal,Intel Xeon D-1543N,nucleos_procesador,8
Computadores,procesador_principal,Intel Xeon D-1543N,hilos_procesador,16
Computadores,procesador_principal,Intel Xeon D-1553N,nucleos_procesador,8
Computadores,procesador_principal,Intel Xeon D-1553N,hilos_procesador,16
Computadores,procesador_principal,Intel Xeon D-1529,nucleos_procesador,4
Computadores,procesador_principal,Intel Xeon D-1529,hilos_procesador,8
Computadores,procesador_principal,Intel Xeon D-1571,nucleos_procesador,16
Computadores,procesador_principal,Intel Xeon D-1571,hilos_procesador,32
Computadores,procesador_principal,Intel Xeon E7-4809 v4,nucleos_procesador,8
Computadores,procesador_principal,Intel Xeon E7-4809 v4,hilos_procesador,16
Computadores,procesador_principal,Intel Xeon E7-4820 v4,nucleos_procesador,10
Computadores,procesador_principal,Intel Xeon E7-4820 v4,hilos_procesador,20
Computadores,procesador_principal,Intel Xeon E7-4830 v4,nucleos_procesador,14
Computadores,procesador_principal,Intel Xeon E7-4830 v4,hilos_procesador,28
Computadores,procesador_principal,Intel Xeon E7-4850 v4,nucleos_procesador,16
Computadores,procesador_principal,Intel Xeon E7-4850 v4,hilos_procesador,32
Computadores,procesador_principal,Intel Xeon E7-8867 v4,nucleos_procesador,18
Computadores,procesador_principal,Intel Xeon E7-8867 v4,hilos_procesador,36
Computadores,procesador_principal,Intel Xeon E7-4809 v3,nucleos_procesador,8
Computadores,procesador_principal,Intel Xeon E7-4809 v3,hilos_procesador,16
Computadores,procesador_principal,Intel Xeon E7-4820 v3,nucleos_procesador,10
Computadores,procesador_principal,Intel Xeon E7-4820 v3,hilos_procesador,20
Computadores,procesador_principal,Intel Xeon E7-4850 v3,nucleos_procesador,14
Computadores,procesador_principal,Intel Xeon E7-4850 v3,hilos_procesador,28
Computadores,procesador_principal,Intel Xeon E7-8860 v3,nucleos_procesador,16
Computadores,procesador_principal,Intel Xeon E7-8860 v3,hilos_procesador,32
Computadores,procesador_principal,Intel Xeon E7-8870 v3,nucleos_procesador,18
Computadores,procesador_principal,Intel Xeon E7-8870 v3,hilos_procesador,36
Computadores,procesador_principal,Intel Xeon E7-8880L v3,nucleos_procesador,18
Computadores,procesador_principal,Intel Xeon E7-8880L v3,hilos_procesador,36
Computadores,procesador_principal,Intel Xeon E7-8893 v3,nucleos_procesador,4
Computadores,procesador_principal,Intel Xeon E7-8893 v3,hilos_procesador,8
Computadores,procesador_principal,Intel Xeon E7-2850 v2,nucleos_procesador,12
Computadores,procesador_principal,Intel Xeon E7-2850 v2,hilos_procesador,24
Computadores,procesador_principal,Intel Xeon E7-2870 v2,nucleos_procesador,15
Computadores,procesador_principal,Intel Xeon E7-2870 v2,hilos_procesador,30
Computadores,procesador_principal,Intel Xeon E7-2880 v2,nucleos_procesador,15
Computadores,procesador_principal,Intel Xeon E7-2880 v2,hilos_procesador,30
Computadores,procesador_principal,Intel Xeon E7-2890 v2,nucleos_procesador,15
Computadores,procesador_principal,Intel Xeon E7-2890 v2,hilos_procesador,30
Computadores,procesador_principal,Intel Xeon E7-4830 v2,nucleos_procesador,10
Computadores,procesador_principal,Intel Xeon E7-4830 v2,hilos_procesador,20
Computadores,procesador_principal,Intel Xeon E7-4850 v2,nucleos_procesador,12
Computadores,procesador_principal,Intel Xeon E7-4850 v2,hilos_procesador,24
Computadores,procesador_principal,Intel Xeon E7-4860 v2,nucleos_procesador,12
Computadores,procesador_principal,Intel Xeon E7-4860 v2,hilos_procesador,24
Computadores,procesador_principal,Intel Xeon E7-8850 v2,nucleos_procesador,12
Computadores,procesador_principal,Intel Xeon E7-8850 v2,hilos_procesador,24
Computadores,procesador_principal,Intel Xeon E7-8870 v2,nucleos_procesador,15
Computadores,procesador_principal,Intel Xeon E7-8870 v2,hilos_procesador,30
Computadores,procesador_principal,Intel Xeon E7-8880L v2,nucleos_procesador,15
Computadores,procesador_principal,Intel Xeon E7-8880L v2,hilos_procesador,30
Computadores,procesador_principal,Intel Xeon E7-8890 v2,nucleos_procesador,15
Computadores,procesador_principal,Intel Xeon E7-8890 v2,hilos_procesador,30
Computadores,procesador_principal,Intel Xeon E7-8891 v2,nucleos_procesador,10
Computadores,procesador_principal,Intel Xeon E7-8891 v2,hilos_procesador,20
Computadores,procesador_principal,Intel Xeon E7-8893 v2,nucleos_procesador,6
Computadores,procesador_principal,Intel Xeon E7-8893 v2,hilos_procesador,12
Computadores,procesador_principal,Intel Xeon E7-2803,nucleos_procesador,6
Computadores,procesador_principal,Intel Xeon E7-2803,hilos_procesador,12
Computadores,procesador_principal,Intel Xeon E7-2820,nucleos_procesador,8
Computadores,procesador_principal,Intel Xeon E7-2820,hilos_procesador,16
Computadores,procesador_principal,Intel Xeon E7-2830,nucleos_procesador,8
Computadores,procesador_principal,Intel Xeon E7-2830,hilos_procesador,16
Computadores,procesador_principal,Intel Xeon E7-2850,nucleos_procesador,10
Computadores,procesador_principal,Intel Xeon E7-2850,hilos_procesador,20
Computadores,procesador_principal,Intel Xeon E7-2860,nucleos_procesador,10
Computadores,procesador_principal,Intel Xeon E7-2860,hilos_procesador,20
Computadores,procesador_principal,Intel Xeon E7-2870,nucleos_procesador,10
Computadores,procesador_principal,Intel Xeon E7-2870,hilos_procesador,20
Computadores,procesador_principal,Intel Xeon E7-4807,nucleos_procesador,6
Computadores,procesador_principal,Intel Xeon E7-4807,hilos_procesador,12
Computadores,procesador_principal,Intel Xeon E7-4820,nucleos_procesador,8
Computadores,procesador_principal,Intel Xeon E7-4820,hilos_procesador,16
Computadores,procesador_principal,Intel Xeon E7-4860,nucleos_procesador,10
Computadores,procesador_principal,Intel Xeon E7-4860,hilos_procesador,20
Computadores,procesador_principal,Intel Xeon E7-4870,nucleos_procesador,10
Computadores,procesador_principal,Intel Xeon E7-4870,hilos_procesador,20
Computadores,procesador_principal,Intel Xeon E7-8830,nucleos_procesador,8
Computadores,procesador_principal,Intel Xeon E7-8830,hilos_procesador,16
Computadores,procesador_principal,Intel Xeon E7-8837,nucleos_procesador,8
Computadores,procesador_principal,Intel Xeon E7-8837,hilos_procesador,8
Computadores,procesador_principal,Intel Xeon E7-8850,nucleos_procesador,10
Computadores,procesador_principal,Intel Xeon E7-8850,hilos_procesador,20
Computadores,procesador_principal,Intel Xeon E7-8860,nucleos_procesador,10
Computadores,procesador_principal,Intel Xeon E7-8860,hilos_procesador,20
Computadores,procesador_principal,Intel Xeon E7-8867L,nucleos_procesador,10
Computadores,procesador_principal,Intel Xeon E7-8867L,hilos_procesador,20
Computadores,procesador_principal,Intel Xeon E7-8870,nucleos_procesador,10
Computadores,procesador_principal,Intel Xeon E7-8870,hilos_procesador,20
Computadores,procesador_principal,Intel Xeon E5-2699R v4,nucleos_procesador,22
Computadores,procesador_principal,Intel Xeon E5-2699R v4,hilos_procesador,44
Computadores,procesador_principal,Intel Xeon E5-4620 v4,nucleos_procesador,10
Computadores,procesador_principal,Intel Xeon E5-4620 v4,hilos_procesador,20
Computadores,procesador_principal,Intel Xeon E5-1428L v3,nucleos_procesador,8
Computadores,procesador_principal,Intel Xeon E5-1428L v3,hilos_procesador,16
Computadores,procesador_principal,Intel Xeon E5-2408L v3,nucleos_procesador,4
Computadores,procesador_principal,Intel Xeon E5-2408L v3,hilos_procesador,8
Computadores,procesador_principal,Intel Xeon E5-2418L v3,nucleos_procesador,6
Computadores,procesador_principal,Intel Xeon E5-2418L v3,hilos_procesador,12
Computadores,procesador_principal,Intel Xeon E5-2428L v3,nucleos_procesador,8
Computadores,procesador_principal,Intel Xeon E5-2428L v3,hilos_procesador,16
Computadores,procesador_principal,Intel Xeon E5-2438L v3,nucleos_procesador,10
Computadores,procesador_principal,Intel Xeon E5-2438L v3,hilos_procesador,20
Computadores,procesador_principal,Intel Xeon E5-4603 v2,nucleos_procesador,4
Computadores,procesador_principal,Intel Xeon E5-4603 v2,hilos_procesador,8
Computadores,procesador_principal,Intel Xeon E5-4610 v2,nucleos_procesador,8
Computadores,procesador_principal,Intel Xeon E5-4610 v2,hilos_procesador,16
Computadores,procesador_principal,Intel Xeon E5-4624L v2,nucleos_procesador,10
Computadores,procesador_principal,Intel Xeon E5-4624L v2,hilos_procesador,20
Computadores,procesador_principal,Intel Xeon E5-2428L v2,nucleos_procesador,8
Computadores,procesador_principal,Intel Xeon E5-2428L v2,hilos_procesador,16
Computadores,procesador_principal,Intel Xeon E5-2450L v2,nucleos_procesador,10
Computadores,procesador_principal,Intel Xeon E5-2450L v2,hilos_procesador,20
Computadores,procesador_principal,Intel Xeon E5-2618L v2,nucleos_procesador,6
Computadores,procesador_principal,Intel Xeon E5-2618L v2,hilos_procesador,12
Computadores,procesador_principal,Intel Xeon E5-1428L,nucleos_procesador,6
Computadores,procesador_principal,Intel Xeon E5-1428L,hilos_procesador,12
Computadores,procesador_principal,Intel Xeon E5-2448L,nucleos_procesador,8
Computadores,procesador_principal,Intel Xeon E5-2448L,hilos_procesador,16
Computadores,procesador_principal,Intel Xeon E5-4607,nucleos_procesador,6
Computadores,procesador_principal,Intel Xeon E5-4607,hilos_procesador,12
Computadores,procesador_principal,Intel Xeon E3-1501L v6,nucleos_procesador,4
Computadores,procesador_principal,Intel Xeon E3-1501L v6,hilos_procesador,4
Computadores,procesador_principal,Intel Xeon E3-1501M v6,nucleos_procesador,4
Computadores,procesador_principal,Intel Xeon E3-1501M v6,hilos_procesador,4
Computadores,procesador_principal,Intel Xeon E3-1558L v5,nucleos_procesador,4
Computadores,procesador_principal,Intel Xeon E3-1558L v5,hilos_procesador,8
Computadores,procesador_principal,Intel Xeon E3-1565L v5,nucleos_procesador,4
Computadores,procesador_principal,Intel Xeon E3-1565L v5,hilos_procesador,8
Computadores,procesador_principal,Intel Xeon E3-1578L v5,nucleos_procesador,4
Computadores,procesador_principal,Intel Xeon E3-1578L v5,hilos_procesador,8
Computadores,procesador_principal,Intel Xeon E3-1258L v4,nucleos_procesador,4
Computadores,procesador_principal,Intel Xeon E3-1258L v4,hilos_procesador,8
Computadores,procesador_principal,Intel Xeon E3-1278L v4,nucleos_procesador,4
Computadores,procesador_principal,Intel Xeon E3-1278L v4,hilos_procesador,8
Computadores,procesador_principal,Intel Xeon E3-1105C v2,nucleos_procesador,4
Computadores,procesador_principal,Intel Xeon E3-1105C v2,hilos_procesador,8
Computadores,procesador_principal,Intel Xeon E3-1125C v2,nucleos_procesador,4
Computadores,procesador_principal,Intel Xeon E3-1125C v2,hilos_procesador,8
Computadores,procesador_principal,Intel Xeon E3-1220 v2,nucleos_procesador,4
Computadores,procesador_principal,Intel Xeon E3-1220 v2,hilos_procesador,4
Computadores,procesador_principal,Intel Xeon E3-1220L v2,nucleos_procesador,2
Computadores,procesador_principal,Intel Xeon E3-1220L v2,hilos_procesador,4
Computadores,procesador_principal,Intel Xeon E3-1225 v2,nucleos_procesador,4
Computadores,procesador_principal,Intel Xeon E3-1225 v2,hilos_procesador,4
Computadores,procesador_principal,Intel Xeon E3-1230 v2,nucleos_procesador,4
Computadores,procesador_principal,Intel Xeon E3-1230 v2,hilos_procesador,8
Computadores,procesador_principal,Intel Xeon E3-1240 v2,nucleos_procesador,4
Computadores,procesador_principal,Intel Xeon E3-1240 v2,hilos_procesador,8
Computadores,procesador_principal,Intel Xeon E3-1245 v2,nucleos_procesador,4
Computadores,procesador_principal,Intel Xeon E3-1245 v2,hilos_procesador,8
Computadores,procesador_principal,Intel Xeon E3-1265L v2,nucleos_procesador,4
Computadores,procesador_principal,Intel Xeon E3-1265L v2,hilos_procesador,8
Computadores,procesador_principal,Intel Xeon E3-1270 v2,nucleos_procesador,4
Computadores,procesador_principal,Intel Xeon E3-1270 v2,hilos_procesador,8
Computadores,procesador_principal,Intel Xeon E3-1275 v2,nucleos_procesador,4
Computadores,procesador_principal,Intel Xeon E3-1275 v2,hilos_procesador,8
Computadores,procesador_principal,Intel Xeon E3-1280 v2,nucleos_procesador,4
Computadores,procesador_principal,Intel Xeon E3-1280 v2,hilos_procesador,8
Computadores,procesador_principal,Intel Xeon E3-1290 v2,nucleos_procesador,4
Computadores,procesador_principal,Intel Xeon E3-1290 v2,hilos_procesador,8
Computadores,procesador_principal,Intel Xeon E3-1105C,nucleos_procesador,4
Computadores,procesador_principal,Intel Xeon E3-1105C,hilos_procesador,8
Computadores,procesador_principal,Intel Xeon E3-1125C,nucleos_procesador,4
Computadores,procesador_principal,Intel Xeon E3-1125C,hilos_procesador,8
Computadores,procesador_principal,Intel Xeon L5618,nucleos_procesador,4
Computadores,procesador_principal,Intel Xeon L5618,hilos_procesador,8
Computadores,procesador_principal,Intel Xeon E6510,nucleos_procesador,4
Computadores,procesador_principal,Intel Xeon E6510,hilos_procesador,8
Computadores,procesador_principal,Intel Xeon E6540,nucleos_procesador,6
Computadores,procesador_principal,Intel Xeon E6540,hilos_procesador,12
Computadores,procesador_principal,Intel Xeon E7520,nucleos_procesador,4
Computadores,procesador_principal,Intel Xeon E7520,hilos_procesador,8
Computadores,procesador_principal,Intel Xeon EC3539,nucleos_procesador,4
Computadores,procesador_principal,Intel Xeon EC3539,hilos_procesador,4
Computadores,procesador_principal,Intel Xeon EC5509,nucleos_procesador,4
Computadores,procesador_principal,Intel Xeon EC5509,hilos_procesador,4
Computadores,procesador_principal,Intel Xeon EC5539,nucleos_procesador,2
Computadores,procesador_principal,Intel Xeon EC5539,hilos_procesador,2
Computadores,procesador_principal,Intel Xeon EC5549,nucleos_procesador,4
Computadores,procesador_principal,Intel Xeon EC5549,hilos_procesador,8
Computadores,procesador_principal,Intel Xeon L7545,nucleos_procesador,6
Computadores,procesador_principal,Intel Xeon L7545,hilos_procesador,12
Computadores,procesador_principal,Intel Xeon L7555,nucleos_procesador,8
Computadores,procesador_principal,Intel Xeon L7555,hilos_procesador,16
Computadores,procesador_principal,Intel Xeon LC3518,nucleos_procesador,1
Computadores,procesador_principal,Intel Xeon LC3518,hilos_procesador,1
Computadores,procesador_principal,Intel Xeon LC3528,nucleos_procesador,2
Computadores,procesador_principal,Intel Xeon LC3528,hilos_procesador,4
Computadores,procesador_principal,Intel Xeon LC5518,nucleos_procesador,4
Computadores,procesador_principal,Intel Xeon LC5518,hilos_procesador,8
Computadores,procesador_principal,Intel Xeon LC5528,nucleos_procesador,4
Computadores,procesador_principal,Intel Xeon LC5528,hilos_procesador,8
Computadores,procesador_principal,Intel Xeon L5508,nucleos_procesador,2
Computadores,procesador_principal,Intel Xeon L5508,hilos_procesador,4
Computadores,procesador_principal,Intel Xeon L5518,nucleos_procesador,4
Computadores,procesador_principal,Intel Xeon L5518,hilos_procesador,8
Computadores,procesador_principal,Intel Xeon Phi 7210F,nucleos_procesador,64
Computadores,procesador_principal,Intel Xeon Phi 7210F,hilos_procesador,256
Computadores,procesador_principal,Intel Xeon Phi 7230,nucleos_procesador,64
Computadores,procesador_principal,Intel Xeon Phi 7230,hilos_procesador,256
Computadores,procesador_principal,Intel Xeon Phi 7230F,nucleos_procesador,64
Computadores,procesador_principal,Intel Xeon Phi 7230F,hilos_procesador,256
Computadores,procesador_principal,Intel Xeon Phi 7250,nucleos_procesador,68
Computadores,procesador_principal,Intel Xeon Phi 7250,hilos_procesador,272
Computadores,procesador_principal,Intel Xeon Phi 7250F,nucleos_procesador,68
Computadores,procesador_principal,Intel Xeon Phi 7250F,hilos_procesador,272
Computadores,procesador_principal,Intel Xeon Phi 7290F,nucleos_procesador,72
Computadores,procesador_principal,Intel Xeon Phi 7290F,hilos_procesador,288
Computadores,procesador_principal,Intel Xeon Phi 7235,nucleos_procesador,64
Computadores,procesador_principal,Intel Xeon Phi 7235,hilos_procesador,256
Computadores,procesador_principal,Intel Xeon Phi 7285,nucleos_procesador,68
Computadores,procesador_principal,Intel Xeon Phi 7285,hilos_procesador,272
Computadores,procesador_principal,Intel Xeon Phi 7295,nucleos_procesador,72
Computadores,procesador_principal,Intel Xeon Phi 7295,hilos_procesador,288
Computadores,procesador_principal,Intel Itanium 9720,nucleos_procesador,4
Computadores,procesador_principal,Intel Itanium 9720,hilos_procesador,8
Computadores,procesador_principal,Intel Itanium 9740,nucleos_procesador,8
Computadores,procesador_principal,Intel Itanium 9740,hilos_procesador,16
Computadores,procesador_principal,Intel Itanium 9750,nucleos_procesador,4
Computadores,procesador_principal,Intel Itanium 9750,hilos_procesador,8
Computadores,procesador_principal,Intel Itanium 9760,nucleos_procesador,8
Computadores,procesador_principal,Intel Itanium 9760,hilos_procesador,16
Computadores,procesador_principal,Intel Itanium 9520,nucleos_procesador,4
Computadores,procesador_principal,Intel Itanium 9520,hilos_procesador,8
Computadores,procesador_principal,Intel Itanium 9540,nucleos_procesador,8
Computadores,procesador_principal,Intel Itanium 9540,hilos_procesador,16
Computadores,procesador_principal,Intel Itanium 9550,nucleos_procesador,4
Computadores,procesador_principal,Intel Itanium 9550,hilos_procesador,8
Computadores,procesador_principal,Intel Itanium 9560,nucleos_procesador,8
Computadores,procesador_principal,Intel Itanium 9560,hilos_procesador,16
Computadores,procesador_principal,Intel Itanium 9310,nucleos_procesador,2
Computadores,procesador_principal,Intel Itanium 9310,hilos_procesador,4
Computadores,procesador_principal,Intel Itanium 9320,nucleos_procesador,4
Computadores,procesador_principal,Intel Itanium 9320,hilos_procesador,8
Computadores,procesador_principal,Intel Itanium 9330,nucleos_procesador,4
Computadores,procesador_principal,Intel Itanium 9330,hilos_procesador,8
Computadores,procesador_principal,Intel Itanium 9350,nucleos_procesador,4
Computadores,procesador_principal,Intel Itanium 9350,hilos_procesador,8
Computadores,procesador_principal,Intel Atom C5115,nucleos_procesador,4
Computadores,procesador_principal,Intel Atom C5115,hilos_procesador,4
Computadores,procesador_principal,Intel Atom C5310,nucleos_procesador,4
Computadores,procesador_principal,Intel Atom C5310,hilos_procesador,4
Computadores,procesador_principal,Intel Atom C5315,nucleos_procesador,4
Computadores,procesador_principal,Intel Atom C5315,hilos_procesador,4
Computadores,procesador_principal,Intel Atom C5320,nucleos_procesador,8
Computadores,procesador_principal,Intel Atom C5320,hilos_procesador,8
Computadores,procesador_principal,Intel Atom C5325,nucleos_procesador,8
Computadores,procesador_principal,Intel Atom C5325,hilos_procesador,8
Computadores,procesador_principal,Intel Atom C3338R,nucleos_procesador,2
Computadores,procesador_principal,Intel Atom C3338R,hilos_procesador,2
Computadores,procesador_principal,Intel Atom C3436L,nucleos_procesador,4
Computadores,procesador_principal,Intel Atom C3436L,hilos_procesador,4
Computadores,procesador_principal,Intel Atom C3558R,nucleos_procesador,4
Computadores,procesador_principal,Intel Atom C3558R,hilos_procesador,4
Computadores,procesador_principal,Intel Atom C3336,nucleos_procesador,2
Computadores,procesador_principal,Intel Atom C3336,hilos_procesador,2
Computadores,procesador_principal,Intel Atom C3308,nucleos_procesador,2
Computadores,procesador_principal,Intel Atom C3308,hilos_procesador,2
Computadores,procesador_principal,Intel Atom C3750,nucleos_procesador,8
Computadores,procesador_principal,Intel Atom C3750,hilos_procesador,8
Computadores,procesador_principal,Intel Atom C3830,nucleos_procesador,12
Computadores,procesador_principal,Intel Atom C3830,hilos_procesador,12
Computadores,procesador_principal,Intel Atom C3850,nucleos_procesador,12
Computadores,procesador_principal,Intel Atom C3850,hilos_procesador,12
Computadores,procesador_principal,Intel Atom C3950,nucleos_procesador,16
Computadores,procesador_principal,Intel Atom C3950,hilos_procesador,16
Computadores,procesador_principal,Intel Atom C3955,nucleos_procesador,16
Computadores,procesador_principal,Intel Atom C3955,hilos_procesador,16
Computadores,procesador_principal,Intel Atom C2316,nucleos_procesador,2
Computadores,procesador_principal,Intel Atom C2316,hilos_procesador,2
Computadores,procesador_principal,Intel Atom C2516,nucleos_procesador,4
Computadores,procesador_principal,Intel Atom C2516,hilos_procesador,4
Computadores,procesador_principal,Intel Atom C2308,nucleos_procesador,2
Computadores,procesador_principal,Intel Atom C2308,hilos_procesador,2
Computadores,procesador_principal,Intel Atom C2508,nucleos_procesador,4
Computadores,procesador_principal,Intel Atom C2508,hilos_procesador,4
Computadores,procesador_principal,Intel Atom C2518,nucleos_procesador,4
Computadores,procesador_principal,Intel Atom C2518,hilos_procesador,4
Computadores,procesador_principal,Intel Atom C2530,nucleos_procesador,4
Computadores,procesador_principal,Intel Atom C2530,hilos_procesador,4
Computadores,procesador_principal,Intel Atom C2718,nucleos_procesador,8
Computadores,procesador_principal,Intel Atom C2718,hilos_procesador,8
Computadores,procesador_principal,Intel Atom C2730,nucleos_procesador,8
Computadores,procesador_principal,Intel Atom C2730,hilos_procesador,8
Computadores,procesador_principal,Intel Atom C2738,nucleos_procesador,8
Computadores,procesador_principal,Intel Atom C2738,hilos_procesador,8
Computadores,procesador_principal,Intel Atom P5332,nucleos_procesador,12
Computadores,procesador_principal,Intel Atom P5332,hilos_procesador,12
Computadores,procesador_principal,Intel Atom P5352,nucleos_procesador,20
Computadores,procesador_principal,Intel Atom P5352,hilos_procesador,20
Computadores,procesador_principal,Intel Atom P5721,nucleos_procesador,8
Computadores,procesador_principal,Intel Atom P5721,hilos_procesador,8
Computadores,procesador_principal,Intel Atom P5731,nucleos_procesador,12
Computadores,procesador_principal,Intel Atom P5731,hilos_procesador,12
Computadores,procesador_principal,Intel Atom P5742,nucleos_procesador,16
Computadores,procesador_principal,Intel Atom P5742,hilos_procesador,16
Computadores,procesador_principal,Intel Atom P5752,nucleos_procesador,20
Computadores,procesador_principal,Intel Atom P5752,hilos_procesador,20
Computadores,procesador_principal,Intel Atom P5921B,nucleos_procesador,8
Computadores,procesador_principal,Intel Atom P5921B,hilos_procesador,8
Computadores,procesador_principal,Intel Atom P5931B,nucleos_procesador,12
Computadores,procesador_principal,Intel Atom P5931B,hilos_procesador,12
Computadores,procesador_principal,Intel Atom P5942B,nucleos_procesador,16
Computadores,procesador_principal,Intel Atom P5942B,hilos_procesador,16
Computadores,procesador_principal,Intel Atom P5962B,nucleos_procesador,24
Computadores,procesador_principal,Intel Atom P5962B,hilos_procesador,24
Computadores,procesador_principal,Intel Atom S1220,nucleos_procesador,2
Computadores,procesador_principal,Intel Atom S1220,hilos_procesador,4
Computadores,procesador_principal,Intel Atom S1240,nucleos_procesador,2
Computadores,procesador_principal,Intel Atom S1240,hilos_procesador,4
Computadores,procesador_principal,Intel Atom x6416RE,nucleos_procesador,4
Computadores,procesador_principal,Intel Atom x6416RE,hilos_procesador,4
Computadores,procesador_principal,Intel Atom x6200FE,nucleos_procesador,2
Computadores,procesador_principal,Intel Atom x6200FE,hilos_procesador,2
Computadores,procesador_principal,Intel Atom x6212RE,nucleos_procesador,2
Computadores,procesador_principal,Intel Atom x6212RE,hilos_procesador,2
Computadores,procesador_principal,Intel Atom Z2520,nucleos_procesador,2
Computadores,procesador_principal,Intel Atom Z2520,hilos_procesador,4
Computadores,procesador_principal,Intel Atom Z2560,nucleos_procesador,2
Computadores,procesador_principal,Intel Atom Z2560,hilos_procesador,4
Computadores,procesador_principal,Intel Atom Z2580,nucleos_procesador,2
Computadores,procesador_principal,Intel Atom Z2580,hilos_procesador,4
Computadores,procesador_principal,Intel Atom Z2420,nucleos_procesador,1
Computadores,procesador_principal,Intel Atom Z2420,hilos_procesador,2
Computadores,procesador_principal,Intel Atom Z2480,nucleos_procesador,1
Computadores,procesador_principal,Intel Atom Z2480,hilos_procesador,2
Computadores,procesador_principal,Intel Atom Z2460,nucleos_procesador,1
Computadores,procesador_principal,Intel Atom Z2460,hilos_procesador,2
Computadores,procesador_principal,Intel Atom Z600,nucleos_procesador,1
Computadores,procesador_principal,Intel Atom Z600,hilos_procesador,2
Computadores,procesador_principal,Intel Atom Z615,nucleos_procesador,1
Computadores,procesador_principal,Intel Atom Z615,hilos_procesador,2
Computadores,procesador_principal,Intel Atom Z625,nucleos_procesador,1
Computadores,procesador_principal,Intel Atom Z625,hilos_procesador,2
Computadores,procesador_principal,Intel Atom Z650,nucleos_procesador,1
Computadores,procesador_principal,Intel Atom Z650,hilos_procesador,2
Computadores,procesador_principal,Intel Atom E645C,nucleos_procesador,1
Computadores,procesador_principal,Intel Atom E645C,hilos_procesador,2
Computadores,procesador_principal,Intel Atom E645CT,nucleos_procesador,1
Computadores,procesador_principal,Intel Atom E645CT,hilos_procesador,2
Computadores,procesador_principal,Intel Atom E665C,nucleos_procesador,1
Computadores,procesador_principal,Intel Atom E665C,hilos_procesador,2
Computadores,procesador_principal,Intel Atom E665CT,nucleos_procesador,1
Computadores,procesador_principal,Intel Atom E665CT,hilos_procesador,2
Computadores,procesador_principal,Intel Atom E620,nucleos_procesador,1
Computadores,procesador_principal,Intel Atom E620,hilos_procesador,2
Computadores,procesador_principal,Intel Atom E620T,nucleos_procesador,1
Computadores,procesador_principal,Intel Atom E620T,hilos_procesador,2
Computadores,procesador_principal,Intel Atom E640,nucleos_procesador,1
Computadores,procesador_principal,Intel Atom E640,hilos_procesador,2
Computadores,procesador_principal,Intel Atom E640T,nucleos_procesador,1
Computadores,procesador_principal,Intel Atom E640T,hilos_procesador,2
Computadores,procesador_principal,Intel Atom E660,nucleos_procesador,1
Computadores,procesador_principal,Intel Atom E660,hilos_procesador,2
Computadores,procesador_principal,Intel Atom E660T,nucleos_procesador,1
Computadores,procesador_principal,Intel Atom E660T,hilos_procesador,2
Computadores,procesador_principal,Intel Atom E680,nucleos_procesador,1
Computadores,procesador_principal,Intel Atom E680,hilos_procesador,2
Computadores,procesador_principal,Intel Atom E680T,nucleos_procesador,1
Computadores,procesador_principal,Intel Atom E680T,hilos_procesador,2
Computadores,procesador_principal,Intel Atom Z560,nucleos_procesador,1
Computadores,procesador_principal,Intel Atom Z560,hilos_procesador,2
Computadores,procesador_principal,Intel Atom Z550,nucleos_procesador,1
Computadores,procesador_principal,Intel Atom Z550,hilos_procesador,2
Computadores,procesador_principal,Intel Atom Z510P,nucleos_procesador,1
Computadores,procesador_principal,Intel Atom Z510P,hilos_procesador,2
Computadores,procesador_principal,Intel Atom Z510PT,nucleos_procesador,1
Computadores,procesador_principal,Intel Atom Z510PT,hilos_procesador,2
Computadores,procesador_principal,Intel Atom Z520PT,nucleos_procesador,1
Computadores,procesador_principal,Intel Atom Z520PT,hilos_procesador,2
Computadores,procesador_principal,Intel Atom Z530P,nucleos_procesador,1
Computadores,procesador_principal,Intel Atom Z530P,hilos_procesador,2
Computadores,procesador_principal,Intel Atom Z540,nucleos_procesador,1
Computadores,procesador_principal,Intel Atom Z540,hilos_procesador,2
Computadores,procesador_principal,Intel Quark SoC X1001,nucleos_procesador,1
Computadores,procesador_principal,Intel Quark SoC X1001,hilos_procesador,1
Computadores,procesador_principal,Intel Quark SoC X1011,nucleos_procesador,1
Computadores,procesador_principal,Intel Quark SoC X1011,hilos_procesador,1
Computadores,procesador_principal,Intel Quark SoC X1020,nucleos_procesador,1
Computadores,procesador_principal,Intel Quark SoC X1020,hilos_procesador,1
Computadores,procesador_principal,Intel Quark SoC X1021,nucleos_procesador,1
Computadores,procesador_principal,Intel Quark SoC X1021,hilos_procesador,1
Computadores,procesador_principal,Intel Quark SoC X1021D,nucleos_procesador,1
Computadores,procesador_principal,Intel Quark SoC X1021D,hilos_procesador,1
Computadores,procesador_principal,Intel Quark SoC X1010,nucleos_procesador,1
Computadores,procesador_principal,Intel Quark SoC X1010,hilos_procesador,1
Computadores,procesador_principal,Intel Quark SoC X1020D,nucleos_procesador,1
Computadores,procesador_principal,Intel Quark SoC X1020D,hilos_procesador,1
Computadores,procesador_principal,Intel Quark SoC X1000,nucleos_procesador,1
Computadores,procesador_principal,Intel Quark SoC X1000,hilos_procesador,1
Computadores,procesador_principal,AMD Athlon 64 X2 3800+,nucleos_procesador,2
Computadores,procesador_principal,AMD Athlon 64 X2 3800+,hilos_procesador,2
Computadores,procesador_principal,AMD Ryzen Embedded V1500B Quad-core,nucleos_procesador,4
Computadores,procesador_principal,AMD Ryzen Embedded V1500B Quad-core,hilos_procesador,8
Computadores,procesador_principal,ARM Phytium.D2000/8 8 Core 2000 MHz,nucleos_procesador,8
Computadores,procesador_principal,ARM Phytium.D2000/8 8 Core 2000 MHz,hilos_procesador,8
Computadores,procesador_principal,ARM Phytium.D2000/8 8 Core 2300 MHz,nucleos_procesador,8
Computadores,procesador_principal,ARM Phytium.D2000/8 8 Core 2300 MHz,hilos_procesador,8
Computadores,procesador_principal,ARM Phytium.D2000/8 E8C 8 Core 2300 MHz,nucleos_procesador,8
Computadores,procesador_principal,ARM Phytium.D2000/8 E8C 8 Core 2300 MHz,hilos_procesador,8
Computadores,procesador_principal,ARM Phytium.FT-2000/4 8 Core 2300 MHz,nucleos_procesador,8
Computadores,procesador_principal,ARM Phytium.FT-2000/4 8 Core 2300 MHz,hilos_procesador,8
Computadores,procesador_principal,Haydn based on Qualcomm Technologies. Inc SM8350,nucleos_procesador,8
Computadores,procesador_principal,Haydn based on Qualcomm Technologies. Inc SM8350,hilos_procesador,8
Computadores,procesador_principal,Intel Atom E3940,nucleos_procesador,4
Computadores,procesador_principal,Intel Atom E3940,hilos_procesador,4
Computadores,procesador_principal,Intel Atom E3950,nucleos_procesador,4
Computadores,procesador_principal,Intel Atom E3950,hilos_procesador,4
Computadores,procesador_principal,Intel Xeon E7- 4850,nucleos_procesador,10
Computadores,procesador_principal,Intel Xeon E7- 4850,hilos_procesador,20
Computadores,procesador_principal,Intel Xeon Gold 6133,nucleos_procesador,1
Computadores,procesador_principal,Intel Xeon Gold 6133,hilos_procesador,1
